[2026-05-16 04:31:53] local.ERROR: SQLSTATE[42S01]: Base table or view already exists: 1050 Table 'sessions' already exists (Connection: mysql, Host: 127.0.0.1, Port: 3306, Database: wayna_mercado, SQL: create table `sessions` (`id` varchar(255) not null, `user_id` bigint unsigned null, `ip_address` varchar(45) null, `user_agent` text null, `payload` longtext not null, `last_activity` int not null, primary key (`id`)) default character set utf8mb4 collate 'utf8mb4_unicode_ci') {"exception":"[object] (Illuminate\\Database\\QueryException(code: 42S01): SQLSTATE[42S01]: Base table or view already exists: 1050 Table 'sessions' already exists (Connection: mysql, Host: 127.0.0.1, Port: 3306, Database: wayna_mercado, SQL: create table `sessions` (`id` varchar(255) not null, `user_id` bigint unsigned null, `ip_address` varchar(45) null, `user_agent` text null, `payload` longtext not null, `last_activity` int not null, primary key (`id`)) default character set utf8mb4 collate 'utf8mb4_unicode_ci') at C:/Users/LEONARDO/Desktop/wayna/LOS-BESTIES-Wolf-tank-wayna/wayna_mercado/vendor/laravel/framework/src/Illuminate/Database/Connection.php:841)
[stacktrace]
#0 C:/Users/LEONARDO/Desktop/wayna/LOS-BESTIES-Wolf-tank-wayna/wayna_mercado/vendor/laravel/framework/src/Illuminate/Database/Connection.php(797): Illuminate/Database/Connection->runQueryCallback()
#1 C:/Users/LEONARDO/Desktop/wayna/LOS-BESTIES-Wolf-tank-wayna/wayna_mercado/vendor/laravel/framework/src/Illuminate/Database/Connection.php(576): Illuminate/Database/Connection->run()
#2 C:/Users/LEONARDO/Desktop/wayna/LOS-BESTIES-Wolf-tank-wayna/wayna_mercado/vendor/laravel/framework/src/Illuminate/Database/Schema/Blueprint.php(121): Illuminate/Database/Connection->statement()
#3 C:/Users/LEONARDO/Desktop/wayna/LOS-BESTIES-Wolf-tank-wayna/wayna_mercado/vendor/laravel/framework/src/Illuminate/Database/Schema/Builder.php(690): Illuminate/Database/Schema/Blueprint->build()
#4 C:/Users/LEONARDO/Desktop/wayna/LOS-BESTIES-Wolf-tank-wayna/wayna_mercado/vendor/laravel/framework/src/Illuminate/Database/Schema/Builder.php(508): Illuminate/Database/Schema/Builder->build()
#5 C:/Users/LEONARDO/Desktop/wayna/LOS-BESTIES-Wolf-tank-wayna/wayna_mercado/vendor/laravel/framework/src/Illuminate/Support/Facades/Facade.php(363): Illuminate/Database/Schema/Builder->create()
#6 C:/Users/LEONARDO/Desktop/wayna/LOS-BESTIES-Wolf-tank-wayna/wayna_mercado/database/migrations/0001_01_01_000000_create_users_table.php(30): Illuminate/Support/Facades/Facade::__callStatic()
#7 C:/Users/LEONARDO/Desktop/wayna/LOS-BESTIES-Wolf-tank-wayna/wayna_mercado/vendor/laravel/framework/src/Illuminate/Database/Migrations/Migrator.php(517): Illuminate/Database/Migrations/Migration@anonymous->up()
#8 C:/Users/LEONARDO/Desktop/wayna/LOS-BESTIES-Wolf-tank-wayna/wayna_mercado/vendor/laravel/framework/src/Illuminate/Database/Migrations/Migrator.php(442): Illuminate/Database/Migrations/Migrator->runMethod()
#9 C:/Users/LEONARDO/Desktop/wayna/LOS-BESTIES-Wolf-tank-wayna/wayna_mercado/vendor/laravel/framework/src/Illuminate/Database/Migrations/Migrator.php(451): Illuminate/Database/Migrations/Migrator->{closure:Illuminate/Database/Migrations/Migrator::runMigration():438}()
#10 C:/Users/LEONARDO/Desktop/wayna/LOS-BESTIES-Wolf-tank-wayna/wayna_mercado/vendor/laravel/framework/src/Illuminate/Database/Migrations/Migrator.php(253): Illuminate/Database/Migrations/Migrator->runMigration()
#11 C:/Users/LEONARDO/Desktop/wayna/LOS-BESTIES-Wolf-tank-wayna/wayna_mercado/vendor/laravel/framework/src/Illuminate/Console/View/Components/Task.php(43): Illuminate/Database/Migrations/Migrator->{closure:Illuminate/Database/Migrations/Migrator::runUp():253}()
#12 C:/Users/LEONARDO/Desktop/wayna/LOS-BESTIES-Wolf-tank-wayna/wayna_mercado/vendor/laravel/framework/src/Illuminate/Database/Migrations/Migrator.php(814): Illuminate/Console/View/Components/Task->render()
#13 C:/Users/LEONARDO/Desktop/wayna/LOS-BESTIES-Wolf-tank-wayna/wayna_mercado/vendor/laravel/framework/src/Illuminate/Database/Migrations/Migrator.php(253): Illuminate/Database/Migrations/Migrator->write()
#14 C:/Users/LEONARDO/Desktop/wayna/LOS-BESTIES-Wolf-tank-wayna/wayna_mercado/vendor/laravel/framework/src/Illuminate/Database/Migrations/Migrator.php(211): Illuminate/Database/Migrations/Migrator->runUp()
#15 C:/Users/LEONARDO/Desktop/wayna/LOS-BESTIES-Wolf-tank-wayna/wayna_mercado/vendor/laravel/framework/src/Illuminate/Database/Migrations/Migrator.php(138): Illuminate/Database/Migrations/Migrator->runPending()
#16 C:/Users/LEONARDO/Desktop/wayna/LOS-BESTIES-Wolf-tank-wayna/wayna_mercado/vendor/laravel/framework/src/Illuminate/Database/Console/Migrations/MigrateCommand.php(118): Illuminate/Database/Migrations/Migrator->run()
#17 C:/Users/LEONARDO/Desktop/wayna/LOS-BESTIES-Wolf-tank-wayna/wayna_mercado/vendor/laravel/framework/src/Illuminate/Database/Migrations/Migrator.php(671): Illuminate/Database/Console/Migrations/MigrateCommand->{closure:Illuminate/Database/Console/Migrations/MigrateCommand::runMigrations():111}()
#18 C:/Users/LEONARDO/Desktop/wayna/LOS-BESTIES-Wolf-tank-wayna/wayna_mercado/vendor/laravel/framework/src/Illuminate/Database/Console/Migrations/MigrateCommand.php(111): Illuminate/Database/Migrations/Migrator->usingConnection()
#19 C:/Users/LEONARDO/Desktop/wayna/LOS-BESTIES-Wolf-tank-wayna/wayna_mercado/vendor/laravel/framework/src/Illuminate/Database/Console/Migrations/MigrateCommand.php(90): Illuminate/Database/Console/Migrations/MigrateCommand->runMigrations()
#20 C:/Users/LEONARDO/Desktop/wayna/LOS-BESTIES-Wolf-tank-wayna/wayna_mercado/vendor/laravel/framework/src/Illuminate/Container/BoundMethod.php(36): Illuminate/Database/Console/Migrations/MigrateCommand->handle()
#21 C:/Users/LEONARDO/Desktop/wayna/LOS-BESTIES-Wolf-tank-wayna/wayna_mercado/vendor/laravel/framework/src/Illuminate/Container/Util.php(43): Illuminate/Container/BoundMethod::{closure:Illuminate/Container/BoundMethod::call():35}()
#22 C:/Users/LEONARDO/Desktop/wayna/LOS-BESTIES-Wolf-tank-wayna/wayna_mercado/vendor/laravel/framework/src/Illuminate/Container/BoundMethod.php(96): Illuminate/Container/Util::unwrapIfClosure()
#23 C:/Users/LEONARDO/Desktop/wayna/LOS-BESTIES-Wolf-tank-wayna/wayna_mercado/vendor/laravel/framework/src/Illuminate/Container/BoundMethod.php(35): Illuminate/Container/BoundMethod::callBoundMethod()
#24 C:/Users/LEONARDO/Desktop/wayna/LOS-BESTIES-Wolf-tank-wayna/wayna_mercado/vendor/laravel/framework/src/Illuminate/Container/Container.php(799): Illuminate/Container/BoundMethod::call()
#25 C:/Users/LEONARDO/Desktop/wayna/LOS-BESTIES-Wolf-tank-wayna/wayna_mercado/vendor/laravel/framework/src/Illuminate/Console/Command.php(280): Illuminate/Container/Container->call()
#26 C:/Users/LEONARDO/Desktop/wayna/LOS-BESTIES-Wolf-tank-wayna/wayna_mercado/vendor/symfony/console/Command/Command.php(291): Illuminate/Console/Command->execute()
#27 C:/Users/LEONARDO/Desktop/wayna/LOS-BESTIES-Wolf-tank-wayna/wayna_mercado/vendor/laravel/framework/src/Illuminate/Console/Command.php(249): Symfony/Component/Console/Command/Command->run()
#28 C:/Users/LEONARDO/Desktop/wayna/LOS-BESTIES-Wolf-tank-wayna/wayna_mercado/vendor/symfony/console/Application.php(1107): Illuminate/Console/Command->run()
#29 C:/Users/LEONARDO/Desktop/wayna/LOS-BESTIES-Wolf-tank-wayna/wayna_mercado/vendor/symfony/console/Application.php(356): Symfony/Component/Console/Application->doRunCommand()
#30 C:/Users/LEONARDO/Desktop/wayna/LOS-BESTIES-Wolf-tank-wayna/wayna_mercado/vendor/symfony/console/Application.php(195): Symfony/Component/Console/Application->doRun()
#31 C:/Users/LEONARDO/Desktop/wayna/LOS-BESTIES-Wolf-tank-wayna/wayna_mercado/vendor/laravel/framework/src/Illuminate/Foundation/Console/Kernel.php(198): Symfony/Component/Console/Application->run()
#32 C:/Users/LEONARDO/Desktop/wayna/LOS-BESTIES-Wolf-tank-wayna/wayna_mercado/vendor/laravel/framework/src/Illuminate/Foundation/Application.php(1235): Illuminate/Foundation/Console/Kernel->handle()
#33 C:/Users/LEONARDO/Desktop/wayna/LOS-BESTIES-Wolf-tank-wayna/wayna_mercado/artisan(16): Illuminate/Foundation/Application->handleCommand()
#34 {main}

[previous exception] [object] (PDOException(code: 42S01): SQLSTATE[42S01]: Base table or view already exists: 1050 Table 'sessions' already exists at C:/Users/LEONARDO/Desktop/wayna/LOS-BESTIES-Wolf-tank-wayna/wayna_mercado/vendor/laravel/framework/src/Illuminate/Database/Connection.php:587)
[stacktrace]
#0 C:/Users/LEONARDO/Desktop/wayna/LOS-BESTIES-Wolf-tank-wayna/wayna_mercado/vendor/laravel/framework/src/Illuminate/Database/Connection.php(587): PDOStatement->execute()
#1 C:/Users/LEONARDO/Desktop/wayna/LOS-BESTIES-Wolf-tank-wayna/wayna_mercado/vendor/laravel/framework/src/Illuminate/Database/Connection.php(830): Illuminate/Database/Connection->{closure:Illuminate/Database/Connection::statement():576}()
#2 C:/Users/LEONARDO/Desktop/wayna/LOS-BESTIES-Wolf-tank-wayna/wayna_mercado/vendor/laravel/framework/src/Illuminate/Database/Connection.php(797): Illuminate/Database/Connection->runQueryCallback()
#3 C:/Users/LEONARDO/Desktop/wayna/LOS-BESTIES-Wolf-tank-wayna/wayna_mercado/vendor/laravel/framework/src/Illuminate/Database/Connection.php(576): Illuminate/Database/Connection->run()
#4 C:/Users/LEONARDO/Desktop/wayna/LOS-BESTIES-Wolf-tank-wayna/wayna_mercado/vendor/laravel/framework/src/Illuminate/Database/Schema/Blueprint.php(121): Illuminate/Database/Connection->statement()
#5 C:/Users/LEONARDO/Desktop/wayna/LOS-BESTIES-Wolf-tank-wayna/wayna_mercado/vendor/laravel/framework/src/Illuminate/Database/Schema/Builder.php(690): Illuminate/Database/Schema/Blueprint->build()
#6 C:/Users/LEONARDO/Desktop/wayna/LOS-BESTIES-Wolf-tank-wayna/wayna_mercado/vendor/laravel/framework/src/Illuminate/Database/Schema/Builder.php(508): Illuminate/Database/Schema/Builder->build()
#7 C:/Users/LEONARDO/Desktop/wayna/LOS-BESTIES-Wolf-tank-wayna/wayna_mercado/vendor/laravel/framework/src/Illuminate/Support/Facades/Facade.php(363): Illuminate/Database/Schema/Builder->create()
#8 C:/Users/LEONARDO/Desktop/wayna/LOS-BESTIES-Wolf-tank-wayna/wayna_mercado/database/migrations/0001_01_01_000000_create_users_table.php(30): Illuminate/Support/Facades/Facade::__callStatic()
#9 C:/Users/LEONARDO/Desktop/wayna/LOS-BESTIES-Wolf-tank-wayna/wayna_mercado/vendor/laravel/framework/src/Illuminate/Database/Migrations/Migrator.php(517): Illuminate/Database/Migrations/Migration@anonymous->up()
#10 C:/Users/LEONARDO/Desktop/wayna/LOS-BESTIES-Wolf-tank-wayna/wayna_mercado/vendor/laravel/framework/src/Illuminate/Database/Migrations/Migrator.php(442): Illuminate/Database/Migrations/Migrator->runMethod()
#11 C:/Users/LEONARDO/Desktop/wayna/LOS-BESTIES-Wolf-tank-wayna/wayna_mercado/vendor/laravel/framework/src/Illuminate/Database/Migrations/Migrator.php(451): Illuminate/Database/Migrations/Migrator->{closure:Illuminate/Database/Migrations/Migrator::runMigration():438}()
#12 C:/Users/LEONARDO/Desktop/wayna/LOS-BESTIES-Wolf-tank-wayna/wayna_mercado/vendor/laravel/framework/src/Illuminate/Database/Migrations/Migrator.php(253): Illuminate/Database/Migrations/Migrator->runMigration()
#13 C:/Users/LEONARDO/Desktop/wayna/LOS-BESTIES-Wolf-tank-wayna/wayna_mercado/vendor/laravel/framework/src/Illuminate/Console/View/Components/Task.php(43): Illuminate/Database/Migrations/Migrator->{closure:Illuminate/Database/Migrations/Migrator::runUp():253}()
#14 C:/Users/LEONARDO/Desktop/wayna/LOS-BESTIES-Wolf-tank-wayna/wayna_mercado/vendor/laravel/framework/src/Illuminate/Database/Migrations/Migrator.php(814): Illuminate/Console/View/Components/Task->render()
#15 C:/Users/LEONARDO/Desktop/wayna/LOS-BESTIES-Wolf-tank-wayna/wayna_mercado/vendor/laravel/framework/src/Illuminate/Database/Migrations/Migrator.php(253): Illuminate/Database/Migrations/Migrator->write()
#16 C:/Users/LEONARDO/Desktop/wayna/LOS-BESTIES-Wolf-tank-wayna/wayna_mercado/vendor/laravel/framework/src/Illuminate/Database/Migrations/Migrator.php(211): Illuminate/Database/Migrations/Migrator->runUp()
#17 C:/Users/LEONARDO/Desktop/wayna/LOS-BESTIES-Wolf-tank-wayna/wayna_mercado/vendor/laravel/framework/src/Illuminate/Database/Migrations/Migrator.php(138): Illuminate/Database/Migrations/Migrator->runPending()
#18 C:/Users/LEONARDO/Desktop/wayna/LOS-BESTIES-Wolf-tank-wayna/wayna_mercado/vendor/laravel/framework/src/Illuminate/Database/Console/Migrations/MigrateCommand.php(118): Illuminate/Database/Migrations/Migrator->run()
#19 C:/Users/LEONARDO/Desktop/wayna/LOS-BESTIES-Wolf-tank-wayna/wayna_mercado/vendor/laravel/framework/src/Illuminate/Database/Migrations/Migrator.php(671): Illuminate/Database/Console/Migrations/MigrateCommand->{closure:Illuminate/Database/Console/Migrations/MigrateCommand::runMigrations():111}()
#20 C:/Users/LEONARDO/Desktop/wayna/LOS-BESTIES-Wolf-tank-wayna/wayna_mercado/vendor/laravel/framework/src/Illuminate/Database/Console/Migrations/MigrateCommand.php(111): Illuminate/Database/Migrations/Migrator->usingConnection()
#21 C:/Users/LEONARDO/Desktop/wayna/LOS-BESTIES-Wolf-tank-wayna/wayna_mercado/vendor/laravel/framework/src/Illuminate/Database/Console/Migrations/MigrateCommand.php(90): Illuminate/Database/Console/Migrations/MigrateCommand->runMigrations()
#22 C:/Users/LEONARDO/Desktop/wayna/LOS-BESTIES-Wolf-tank-wayna/wayna_mercado/vendor/laravel/framework/src/Illuminate/Container/BoundMethod.php(36): Illuminate/Database/Console/Migrations/MigrateCommand->handle()
#23 C:/Users/LEONARDO/Desktop/wayna/LOS-BESTIES-Wolf-tank-wayna/wayna_mercado/vendor/laravel/framework/src/Illuminate/Container/Util.php(43): Illuminate/Container/BoundMethod::{closure:Illuminate/Container/BoundMethod::call():35}()
#24 C:/Users/LEONARDO/Desktop/wayna/LOS-BESTIES-Wolf-tank-wayna/wayna_mercado/vendor/laravel/framework/src/Illuminate/Container/BoundMethod.php(96): Illuminate/Container/Util::unwrapIfClosure()
#25 C:/Users/LEONARDO/Desktop/wayna/LOS-BESTIES-Wolf-tank-wayna/wayna_mercado/vendor/laravel/framework/src/Illuminate/Container/BoundMethod.php(35): Illuminate/Container/BoundMethod::callBoundMethod()
#26 C:/Users/LEONARDO/Desktop/wayna/LOS-BESTIES-Wolf-tank-wayna/wayna_mercado/vendor/laravel/framework/src/Illuminate/Container/Container.php(799): Illuminate/Container/BoundMethod::call()
#27 C:/Users/LEONARDO/Desktop/wayna/LOS-BESTIES-Wolf-tank-wayna/wayna_mercado/vendor/laravel/framework/src/Illuminate/Console/Command.php(280): Illuminate/Container/Container->call()
#28 C:/Users/LEONARDO/Desktop/wayna/LOS-BESTIES-Wolf-tank-wayna/wayna_mercado/vendor/symfony/console/Command/Command.php(291): Illuminate/Console/Command->execute()
#29 C:/Users/LEONARDO/Desktop/wayna/LOS-BESTIES-Wolf-tank-wayna/wayna_mercado/vendor/laravel/framework/src/Illuminate/Console/Command.php(249): Symfony/Component/Console/Command/Command->run()
#30 C:/Users/LEONARDO/Desktop/wayna/LOS-BESTIES-Wolf-tank-wayna/wayna_mercado/vendor/symfony/console/Application.php(1107): Illuminate/Console/Command->run()
#31 C:/Users/LEONARDO/Desktop/wayna/LOS-BESTIES-Wolf-tank-wayna/wayna_mercado/vendor/symfony/console/Application.php(356): Symfony/Component/Console/Application->doRunCommand()
#32 C:/Users/LEONARDO/Desktop/wayna/LOS-BESTIES-Wolf-tank-wayna/wayna_mercado/vendor/symfony/console/Application.php(195): Symfony/Component/Console/Application->doRun()
#33 C:/Users/LEONARDO/Desktop/wayna/LOS-BESTIES-Wolf-tank-wayna/wayna_mercado/vendor/laravel/framework/src/Illuminate/Foundation/Console/Kernel.php(198): Symfony/Component/Console/Application->run()
#34 C:/Users/LEONARDO/Desktop/wayna/LOS-BESTIES-Wolf-tank-wayna/wayna_mercado/vendor/laravel/framework/src/Illuminate/Foundation/Application.php(1235): Illuminate/Foundation/Console/Kernel->handle()
#35 C:/Users/LEONARDO/Desktop/wayna/LOS-BESTIES-Wolf-tank-wayna/wayna_mercado/artisan(16): Illuminate/Foundation/Application->handleCommand()
#36 {main}
"} 
[2026-05-16 04:52:13] local.ERROR: View [app] not found. {"exception":"[object] (InvalidArgumentException(code: 0): View [app] not found. at C:/Users/LEONARDO/Desktop/wayna/LOS-BESTIES-Wolf-tank-wayna/wayna_mercado/vendor/laravel/framework/src/Illuminate/View/FileViewFinder.php:138)
[stacktrace]
#0 C:/Users/LEONARDO/Desktop/wayna/LOS-BESTIES-Wolf-tank-wayna/wayna_mercado/vendor/laravel/framework/src/Illuminate/View/FileViewFinder.php(78): Illuminate/View/FileViewFinder->findInPaths()
#1 C:/Users/LEONARDO/Desktop/wayna/LOS-BESTIES-Wolf-tank-wayna/wayna_mercado/vendor/laravel/framework/src/Illuminate/View/Factory.php(150): Illuminate/View/FileViewFinder->find()
#2 C:/Users/LEONARDO/Desktop/wayna/LOS-BESTIES-Wolf-tank-wayna/wayna_mercado/vendor/laravel/framework/src/Illuminate/Foundation/helpers.php(1100): Illuminate/View/Factory->make()
#3 C:/Users/LEONARDO/Desktop/wayna/LOS-BESTIES-Wolf-tank-wayna/wayna_mercado/routes/web.php(6): view()
#4 C:/Users/LEONARDO/Desktop/wayna/LOS-BESTIES-Wolf-tank-wayna/wayna_mercado/vendor/laravel/framework/src/Illuminate/Routing/CallableDispatcher.php(39): Illuminate/Routing/RouteFileRegistrar->{closure:C:/Users/LEONARDO/Desktop/wayna/LOS-BESTIES-Wolf-tank-wayna/wayna_mercado/routes/web.php:5}()
#5 C:/Users/LEONARDO/Desktop/wayna/LOS-BESTIES-Wolf-tank-wayna/wayna_mercado/vendor/laravel/framework/src/Illuminate/Routing/Route.php(247): Illuminate/Routing/CallableDispatcher->dispatch()
#6 C:/Users/LEONARDO/Desktop/wayna/LOS-BESTIES-Wolf-tank-wayna/wayna_mercado/vendor/laravel/framework/src/Illuminate/Routing/Route.php(218): Illuminate/Routing/Route->runCallable()
#7 C:/Users/LEONARDO/Desktop/wayna/LOS-BESTIES-Wolf-tank-wayna/wayna_mercado/vendor/laravel/framework/src/Illuminate/Routing/Router.php(822): Illuminate/Routing/Route->run()
#8 C:/Users/LEONARDO/Desktop/wayna/LOS-BESTIES-Wolf-tank-wayna/wayna_mercado/vendor/laravel/framework/src/Illuminate/Pipeline/Pipeline.php(180): Illuminate/Routing/Router->{closure:Illuminate/Routing/Router::runRouteWithinStack():821}()
#9 C:/Users/LEONARDO/Desktop/wayna/LOS-BESTIES-Wolf-tank-wayna/wayna_mercado/vendor/laravel/boost/src/Middleware/InjectBoost.php(22): Illuminate/Pipeline/Pipeline->{closure:Illuminate/Pipeline/Pipeline::prepareDestination():178}()
#10 C:/Users/LEONARDO/Desktop/wayna/LOS-BESTIES-Wolf-tank-wayna/wayna_mercado/vendor/laravel/framework/src/Illuminate/Pipeline/Pipeline.php(219): Laravel/Boost/Middleware/InjectBoost->handle()
#11 C:/Users/LEONARDO/Desktop/wayna/LOS-BESTIES-Wolf-tank-wayna/wayna_mercado/vendor/laravel/framework/src/Illuminate/Routing/Middleware/SubstituteBindings.php(52): Illuminate/Pipeline/Pipeline->{closure:{closure:Illuminate/Pipeline/Pipeline::carry():194}:195}()
#12 C:/Users/LEONARDO/Desktop/wayna/LOS-BESTIES-Wolf-tank-wayna/wayna_mercado/vendor/laravel/framework/src/Illuminate/Pipeline/Pipeline.php(219): Illuminate/Routing/Middleware/SubstituteBindings->handle()
#13 C:/Users/LEONARDO/Desktop/wayna/LOS-BESTIES-Wolf-tank-wayna/wayna_mercado/vendor/laravel/framework/src/Illuminate/Foundation/Http/Middleware/PreventRequestForgery.php(104): Illuminate/Pipeline/Pipeline->{closure:{closure:Illuminate/Pipeline/Pipeline::carry():194}:195}()
#14 C:/Users/LEONARDO/Desktop/wayna/LOS-BESTIES-Wolf-tank-wayna/wayna_mercado/vendor/laravel/framework/src/Illuminate/Pipeline/Pipeline.php(219): Illuminate/Foundation/Http/Middleware/PreventRequestForgery->handle()
#15 C:/Users/LEONARDO/Desktop/wayna/LOS-BESTIES-Wolf-tank-wayna/wayna_mercado/vendor/laravel/framework/src/Illuminate/View/Middleware/ShareErrorsFromSession.php(48): Illuminate/Pipeline/Pipeline->{closure:{closure:Illuminate/Pipeline/Pipeline::carry():194}:195}()
#16 C:/Users/LEONARDO/Desktop/wayna/LOS-BESTIES-Wolf-tank-wayna/wayna_mercado/vendor/laravel/framework/src/Illuminate/Pipeline/Pipeline.php(219): Illuminate/View/Middleware/ShareErrorsFromSession->handle()
#17 C:/Users/LEONARDO/Desktop/wayna/LOS-BESTIES-Wolf-tank-wayna/wayna_mercado/vendor/laravel/framework/src/Illuminate/Session/Middleware/StartSession.php(120): Illuminate/Pipeline/Pipeline->{closure:{closure:Illuminate/Pipeline/Pipeline::carry():194}:195}()
#18 C:/Users/LEONARDO/Desktop/wayna/LOS-BESTIES-Wolf-tank-wayna/wayna_mercado/vendor/laravel/framework/src/Illuminate/Session/Middleware/StartSession.php(63): Illuminate/Session/Middleware/StartSession->handleStatefulRequest()
#19 C:/Users/LEONARDO/Desktop/wayna/LOS-BESTIES-Wolf-tank-wayna/wayna_mercado/vendor/laravel/framework/src/Illuminate/Pipeline/Pipeline.php(219): Illuminate/Session/Middleware/StartSession->handle()
#20 C:/Users/LEONARDO/Desktop/wayna/LOS-BESTIES-Wolf-tank-wayna/wayna_mercado/vendor/laravel/framework/src/Illuminate/Cookie/Middleware/AddQueuedCookiesToResponse.php(36): Illuminate/Pipeline/Pipeline->{closure:{closure:Illuminate/Pipeline/Pipeline::carry():194}:195}()
#21 C:/Users/LEONARDO/Desktop/wayna/LOS-BESTIES-Wolf-tank-wayna/wayna_mercado/vendor/laravel/framework/src/Illuminate/Pipeline/Pipeline.php(219): Illuminate/Cookie/Middleware/AddQueuedCookiesToResponse->handle()
#22 C:/Users/LEONARDO/Desktop/wayna/LOS-BESTIES-Wolf-tank-wayna/wayna_mercado/vendor/laravel/framework/src/Illuminate/Cookie/Middleware/EncryptCookies.php(74): Illuminate/Pipeline/Pipeline->{closure:{closure:Illuminate/Pipeline/Pipeline::carry():194}:195}()
#23 C:/Users/LEONARDO/Desktop/wayna/LOS-BESTIES-Wolf-tank-wayna/wayna_mercado/vendor/laravel/framework/src/Illuminate/Pipeline/Pipeline.php(219): Illuminate/Cookie/Middleware/EncryptCookies->handle()
#24 C:/Users/LEONARDO/Desktop/wayna/LOS-BESTIES-Wolf-tank-wayna/wayna_mercado/vendor/laravel/framework/src/Illuminate/Pipeline/Pipeline.php(137): Illuminate/Pipeline/Pipeline->{closure:{closure:Illuminate/Pipeline/Pipeline::carry():194}:195}()
#25 C:/Users/LEONARDO/Desktop/wayna/LOS-BESTIES-Wolf-tank-wayna/wayna_mercado/vendor/laravel/framework/src/Illuminate/Routing/Router.php(821): Illuminate/Pipeline/Pipeline->then()
#26 C:/Users/LEONARDO/Desktop/wayna/LOS-BESTIES-Wolf-tank-wayna/wayna_mercado/vendor/laravel/framework/src/Illuminate/Routing/Router.php(800): Illuminate/Routing/Router->runRouteWithinStack()
#27 C:/Users/LEONARDO/Desktop/wayna/LOS-BESTIES-Wolf-tank-wayna/wayna_mercado/vendor/laravel/framework/src/Illuminate/Routing/Router.php(764): Illuminate/Routing/Router->runRoute()
#28 C:/Users/LEONARDO/Desktop/wayna/LOS-BESTIES-Wolf-tank-wayna/wayna_mercado/vendor/laravel/framework/src/Illuminate/Routing/Router.php(753): Illuminate/Routing/Router->dispatchToRoute()
#29 C:/Users/LEONARDO/Desktop/wayna/LOS-BESTIES-Wolf-tank-wayna/wayna_mercado/vendor/laravel/framework/src/Illuminate/Foundation/Http/Kernel.php(200): Illuminate/Routing/Router->dispatch()
#30 C:/Users/LEONARDO/Desktop/wayna/LOS-BESTIES-Wolf-tank-wayna/wayna_mercado/vendor/laravel/framework/src/Illuminate/Pipeline/Pipeline.php(180): Illuminate/Foundation/Http/Kernel->{closure:Illuminate/Foundation/Http/Kernel::dispatchToRouter():197}()
#31 C:/Users/LEONARDO/Desktop/wayna/LOS-BESTIES-Wolf-tank-wayna/wayna_mercado/vendor/laravel/framework/src/Illuminate/Foundation/Http/Middleware/TransformsRequest.php(21): Illuminate/Pipeline/Pipeline->{closure:Illuminate/Pipeline/Pipeline::prepareDestination():178}()
#32 C:/Users/LEONARDO/Desktop/wayna/LOS-BESTIES-Wolf-tank-wayna/wayna_mercado/vendor/laravel/framework/src/Illuminate/Foundation/Http/Middleware/ConvertEmptyStringsToNull.php(31): Illuminate/Foundation/Http/Middleware/TransformsRequest->handle()
#33 C:/Users/LEONARDO/Desktop/wayna/LOS-BESTIES-Wolf-tank-wayna/wayna_mercado/vendor/laravel/framework/src/Illuminate/Pipeline/Pipeline.php(219): Illuminate/Foundation/Http/Middleware/ConvertEmptyStringsToNull->handle()
#34 C:/Users/LEONARDO/Desktop/wayna/LOS-BESTIES-Wolf-tank-wayna/wayna_mercado/vendor/laravel/framework/src/Illuminate/Foundation/Http/Middleware/TransformsRequest.php(21): Illuminate/Pipeline/Pipeline->{closure:{closure:Illuminate/Pipeline/Pipeline::carry():194}:195}()
#35 C:/Users/LEONARDO/Desktop/wayna/LOS-BESTIES-Wolf-tank-wayna/wayna_mercado/vendor/laravel/framework/src/Illuminate/Foundation/Http/Middleware/TrimStrings.php(51): Illuminate/Foundation/Http/Middleware/TransformsRequest->handle()
#36 C:/Users/LEONARDO/Desktop/wayna/LOS-BESTIES-Wolf-tank-wayna/wayna_mercado/vendor/laravel/framework/src/Illuminate/Pipeline/Pipeline.php(219): Illuminate/Foundation/Http/Middleware/TrimStrings->handle()
#37 C:/Users/LEONARDO/Desktop/wayna/LOS-BESTIES-Wolf-tank-wayna/wayna_mercado/vendor/laravel/framework/src/Illuminate/Http/Middleware/ValidatePostSize.php(27): Illuminate/Pipeline/Pipeline->{closure:{closure:Illuminate/Pipeline/Pipeline::carry():194}:195}()
#38 C:/Users/LEONARDO/Desktop/wayna/LOS-BESTIES-Wolf-tank-wayna/wayna_mercado/vendor/laravel/framework/src/Illuminate/Pipeline/Pipeline.php(219): Illuminate/Http/Middleware/ValidatePostSize->handle()
#39 C:/Users/LEONARDO/Desktop/wayna/LOS-BESTIES-Wolf-tank-wayna/wayna_mercado/vendor/laravel/framework/src/Illuminate/Foundation/Http/Middleware/PreventRequestsDuringMaintenance.php(109): Illuminate/Pipeline/Pipeline->{closure:{closure:Illuminate/Pipeline/Pipeline::carry():194}:195}()
#40 C:/Users/LEONARDO/Desktop/wayna/LOS-BESTIES-Wolf-tank-wayna/wayna_mercado/vendor/laravel/framework/src/Illuminate/Pipeline/Pipeline.php(219): Illuminate/Foundation/Http/Middleware/PreventRequestsDuringMaintenance->handle()
#41 C:/Users/LEONARDO/Desktop/wayna/LOS-BESTIES-Wolf-tank-wayna/wayna_mercado/vendor/laravel/framework/src/Illuminate/Http/Middleware/HandleCors.php(61): Illuminate/Pipeline/Pipeline->{closure:{closure:Illuminate/Pipeline/Pipeline::carry():194}:195}()
#42 C:/Users/LEONARDO/Desktop/wayna/LOS-BESTIES-Wolf-tank-wayna/wayna_mercado/vendor/laravel/framework/src/Illuminate/Pipeline/Pipeline.php(219): Illuminate/Http/Middleware/HandleCors->handle()
#43 C:/Users/LEONARDO/Desktop/wayna/LOS-BESTIES-Wolf-tank-wayna/wayna_mercado/vendor/laravel/framework/src/Illuminate/Http/Middleware/TrustProxies.php(58): Illuminate/Pipeline/Pipeline->{closure:{closure:Illuminate/Pipeline/Pipeline::carry():194}:195}()
#44 C:/Users/LEONARDO/Desktop/wayna/LOS-BESTIES-Wolf-tank-wayna/wayna_mercado/vendor/laravel/framework/src/Illuminate/Pipeline/Pipeline.php(219): Illuminate/Http/Middleware/TrustProxies->handle()
#45 C:/Users/LEONARDO/Desktop/wayna/LOS-BESTIES-Wolf-tank-wayna/wayna_mercado/vendor/laravel/framework/src/Illuminate/Foundation/Http/Middleware/InvokeDeferredCallbacks.php(22): Illuminate/Pipeline/Pipeline->{closure:{closure:Illuminate/Pipeline/Pipeline::carry():194}:195}()
#46 C:/Users/LEONARDO/Desktop/wayna/LOS-BESTIES-Wolf-tank-wayna/wayna_mercado/vendor/laravel/framework/src/Illuminate/Pipeline/Pipeline.php(219): Illuminate/Foundation/Http/Middleware/InvokeDeferredCallbacks->handle()
#47 C:/Users/LEONARDO/Desktop/wayna/LOS-BESTIES-Wolf-tank-wayna/wayna_mercado/vendor/laravel/framework/src/Illuminate/Http/Middleware/ValidatePathEncoding.php(28): Illuminate/Pipeline/Pipeline->{closure:{closure:Illuminate/Pipeline/Pipeline::carry():194}:195}()
#48 C:/Users/LEONARDO/Desktop/wayna/LOS-BESTIES-Wolf-tank-wayna/wayna_mercado/vendor/laravel/framework/src/Illuminate/Pipeline/Pipeline.php(219): Illuminate/Http/Middleware/ValidatePathEncoding->handle()
#49 C:/Users/LEONARDO/Desktop/wayna/LOS-BESTIES-Wolf-tank-wayna/wayna_mercado/vendor/laravel/framework/src/Illuminate/Pipeline/Pipeline.php(137): Illuminate/Pipeline/Pipeline->{closure:{closure:Illuminate/Pipeline/Pipeline::carry():194}:195}()
#50 C:/Users/LEONARDO/Desktop/wayna/LOS-BESTIES-Wolf-tank-wayna/wayna_mercado/vendor/laravel/framework/src/Illuminate/Foundation/Http/Kernel.php(175): Illuminate/Pipeline/Pipeline->then()
#51 C:/Users/LEONARDO/Desktop/wayna/LOS-BESTIES-Wolf-tank-wayna/wayna_mercado/vendor/laravel/framework/src/Illuminate/Foundation/Http/Kernel.php(144): Illuminate/Foundation/Http/Kernel->sendRequestThroughRouter()
#52 C:/Users/LEONARDO/Desktop/wayna/LOS-BESTIES-Wolf-tank-wayna/wayna_mercado/vendor/laravel/framework/src/Illuminate/Foundation/Application.php(1220): Illuminate/Foundation/Http/Kernel->handle()
#53 C:/Users/LEONARDO/Desktop/wayna/LOS-BESTIES-Wolf-tank-wayna/wayna_mercado/public/index.php(20): Illuminate/Foundation/Application->handleRequest()
#54 C:/Users/LEONARDO/Desktop/wayna/LOS-BESTIES-Wolf-tank-wayna/wayna_mercado/vendor/laravel/framework/src/Illuminate/Foundation/resources/server.php(23): require_once('...')
#55 {main}
"} 
[2026-05-16 04:57:17] local.ERROR: In order to use the Auth::routes() method, please install the laravel/ui package. {"exception":"[object] (RuntimeException(code: 0): In order to use the Auth::routes() method, please install the laravel/ui package. at C:/Users/LEONARDO/Desktop/wayna/LOS-BESTIES-Wolf-tank-wayna/wayna_mercado/vendor/laravel/framework/src/Illuminate/Support/Facades/Auth.php:94)
[stacktrace]
#0 C:/Users/LEONARDO/Desktop/wayna/LOS-BESTIES-Wolf-tank-wayna/wayna_mercado/routes/web.php(12): Illuminate/Support/Facades/Auth::routes()
#1 C:/Users/LEONARDO/Desktop/wayna/LOS-BESTIES-Wolf-tank-wayna/wayna_mercado/vendor/laravel/framework/src/Illuminate/Routing/RouteFileRegistrar.php(34): require('...')
#2 C:/Users/LEONARDO/Desktop/wayna/LOS-BESTIES-Wolf-tank-wayna/wayna_mercado/vendor/laravel/framework/src/Illuminate/Routing/Router.php(526): Illuminate/Routing/RouteFileRegistrar->register()
#3 C:/Users/LEONARDO/Desktop/wayna/LOS-BESTIES-Wolf-tank-wayna/wayna_mercado/vendor/laravel/framework/src/Illuminate/Routing/Router.php(480): Illuminate/Routing/Router->loadRoutes()
#4 C:/Users/LEONARDO/Desktop/wayna/LOS-BESTIES-Wolf-tank-wayna/wayna_mercado/vendor/laravel/framework/src/Illuminate/Routing/RouteRegistrar.php(212): Illuminate/Routing/Router->group()
#5 C:/Users/LEONARDO/Desktop/wayna/LOS-BESTIES-Wolf-tank-wayna/wayna_mercado/vendor/laravel/framework/src/Illuminate/Foundation/Configuration/ApplicationBuilder.php(261): Illuminate/Routing/RouteRegistrar->group()
#6 C:/Users/LEONARDO/Desktop/wayna/LOS-BESTIES-Wolf-tank-wayna/wayna_mercado/vendor/laravel/framework/src/Illuminate/Container/BoundMethod.php(36): Illuminate/Foundation/Configuration/ApplicationBuilder->{closure:Illuminate/Foundation/Configuration/ApplicationBuilder::buildRoutingCallback():210}()
#7 C:/Users/LEONARDO/Desktop/wayna/LOS-BESTIES-Wolf-tank-wayna/wayna_mercado/vendor/laravel/framework/src/Illuminate/Container/Util.php(43): Illuminate/Container/BoundMethod::{closure:Illuminate/Container/BoundMethod::call():35}()
#8 C:/Users/LEONARDO/Desktop/wayna/LOS-BESTIES-Wolf-tank-wayna/wayna_mercado/vendor/laravel/framework/src/Illuminate/Container/BoundMethod.php(84): Illuminate/Container/Util::unwrapIfClosure()
#9 C:/Users/LEONARDO/Desktop/wayna/LOS-BESTIES-Wolf-tank-wayna/wayna_mercado/vendor/laravel/framework/src/Illuminate/Container/BoundMethod.php(35): Illuminate/Container/BoundMethod::callBoundMethod()
#10 C:/Users/LEONARDO/Desktop/wayna/LOS-BESTIES-Wolf-tank-wayna/wayna_mercado/vendor/laravel/framework/src/Illuminate/Container/Container.php(799): Illuminate/Container/BoundMethod::call()
#11 C:/Users/LEONARDO/Desktop/wayna/LOS-BESTIES-Wolf-tank-wayna/wayna_mercado/vendor/laravel/framework/src/Illuminate/Foundation/Support/Providers/RouteServiceProvider.php(162): Illuminate/Container/Container->call()
#12 C:/Users/LEONARDO/Desktop/wayna/LOS-BESTIES-Wolf-tank-wayna/wayna_mercado/vendor/laravel/framework/src/Illuminate/Foundation/Support/Providers/RouteServiceProvider.php(59): Illuminate/Foundation/Support/Providers/RouteServiceProvider->loadRoutes()
#13 C:/Users/LEONARDO/Desktop/wayna/LOS-BESTIES-Wolf-tank-wayna/wayna_mercado/vendor/laravel/framework/src/Illuminate/Container/BoundMethod.php(36): Illuminate/Foundation/Support/Providers/RouteServiceProvider->{closure:Illuminate/Foundation/Support/Providers/RouteServiceProvider::register():53}()
#14 C:/Users/LEONARDO/Desktop/wayna/LOS-BESTIES-Wolf-tank-wayna/wayna_mercado/vendor/laravel/framework/src/Illuminate/Container/Util.php(43): Illuminate/Container/BoundMethod::{closure:Illuminate/Container/BoundMethod::call():35}()
#15 C:/Users/LEONARDO/Desktop/wayna/LOS-BESTIES-Wolf-tank-wayna/wayna_mercado/vendor/laravel/framework/src/Illuminate/Container/BoundMethod.php(84): Illuminate/Container/Util::unwrapIfClosure()
#16 C:/Users/LEONARDO/Desktop/wayna/LOS-BESTIES-Wolf-tank-wayna/wayna_mercado/vendor/laravel/framework/src/Illuminate/Container/BoundMethod.php(35): Illuminate/Container/BoundMethod::callBoundMethod()
#17 C:/Users/LEONARDO/Desktop/wayna/LOS-BESTIES-Wolf-tank-wayna/wayna_mercado/vendor/laravel/framework/src/Illuminate/Container/Container.php(799): Illuminate/Container/BoundMethod::call()
#18 C:/Users/LEONARDO/Desktop/wayna/LOS-BESTIES-Wolf-tank-wayna/wayna_mercado/vendor/laravel/framework/src/Illuminate/Support/ServiceProvider.php(150): Illuminate/Container/Container->call()
#19 C:/Users/LEONARDO/Desktop/wayna/LOS-BESTIES-Wolf-tank-wayna/wayna_mercado/vendor/laravel/framework/src/Illuminate/Foundation/Application.php(1154): Illuminate/Support/ServiceProvider->callBootedCallbacks()
#20 C:/Users/LEONARDO/Desktop/wayna/LOS-BESTIES-Wolf-tank-wayna/wayna_mercado/vendor/laravel/framework/src/Illuminate/Foundation/Application.php(1132): Illuminate/Foundation/Application->bootProvider()
#21 [internal function]: Illuminate/Foundation/Application->{closure:Illuminate/Foundation/Application::boot():1131}()
#22 C:/Users/LEONARDO/Desktop/wayna/LOS-BESTIES-Wolf-tank-wayna/wayna_mercado/vendor/laravel/framework/src/Illuminate/Foundation/Application.php(1131): array_walk()
#23 C:/Users/LEONARDO/Desktop/wayna/LOS-BESTIES-Wolf-tank-wayna/wayna_mercado/vendor/laravel/framework/src/Illuminate/Foundation/Bootstrap/BootProviders.php(17): Illuminate/Foundation/Application->boot()
#24 C:/Users/LEONARDO/Desktop/wayna/LOS-BESTIES-Wolf-tank-wayna/wayna_mercado/vendor/laravel/framework/src/Illuminate/Foundation/Application.php(342): Illuminate/Foundation/Bootstrap/BootProviders->bootstrap()
#25 C:/Users/LEONARDO/Desktop/wayna/LOS-BESTIES-Wolf-tank-wayna/wayna_mercado/vendor/laravel/framework/src/Illuminate/Foundation/Console/Kernel.php(494): Illuminate/Foundation/Application->bootstrapWith()
#26 C:/Users/LEONARDO/Desktop/wayna/LOS-BESTIES-Wolf-tank-wayna/wayna_mercado/vendor/laravel/framework/src/Illuminate/Foundation/Console/Kernel.php(196): Illuminate/Foundation/Console/Kernel->bootstrap()
#27 C:/Users/LEONARDO/Desktop/wayna/LOS-BESTIES-Wolf-tank-wayna/wayna_mercado/vendor/laravel/framework/src/Illuminate/Foundation/Application.php(1235): Illuminate/Foundation/Console/Kernel->handle()
#28 C:/Users/LEONARDO/Desktop/wayna/LOS-BESTIES-Wolf-tank-wayna/wayna_mercado/artisan(16): Illuminate/Foundation/Application->handleCommand()
#29 {main}
"} 
[2026-05-16 04:58:02] local.ERROR: In order to use the Auth::routes() method, please install the laravel/ui package. {"exception":"[object] (RuntimeException(code: 0): In order to use the Auth::routes() method, please install the laravel/ui package. at C:/Users/LEONARDO/Desktop/wayna/LOS-BESTIES-Wolf-tank-wayna/wayna_mercado/vendor/laravel/framework/src/Illuminate/Support/Facades/Auth.php:94)
[stacktrace]
#0 C:/Users/LEONARDO/Desktop/wayna/LOS-BESTIES-Wolf-tank-wayna/wayna_mercado/routes/web.php(12): Illuminate/Support/Facades/Auth::routes()
#1 C:/Users/LEONARDO/Desktop/wayna/LOS-BESTIES-Wolf-tank-wayna/wayna_mercado/vendor/laravel/framework/src/Illuminate/Routing/RouteFileRegistrar.php(34): require('...')
#2 C:/Users/LEONARDO/Desktop/wayna/LOS-BESTIES-Wolf-tank-wayna/wayna_mercado/vendor/laravel/framework/src/Illuminate/Routing/Router.php(526): Illuminate/Routing/RouteFileRegistrar->register()
#3 C:/Users/LEONARDO/Desktop/wayna/LOS-BESTIES-Wolf-tank-wayna/wayna_mercado/vendor/laravel/framework/src/Illuminate/Routing/Router.php(480): Illuminate/Routing/Router->loadRoutes()
#4 C:/Users/LEONARDO/Desktop/wayna/LOS-BESTIES-Wolf-tank-wayna/wayna_mercado/vendor/laravel/framework/src/Illuminate/Routing/RouteRegistrar.php(212): Illuminate/Routing/Router->group()
#5 C:/Users/LEONARDO/Desktop/wayna/LOS-BESTIES-Wolf-tank-wayna/wayna_mercado/vendor/laravel/framework/src/Illuminate/Foundation/Configuration/ApplicationBuilder.php(261): Illuminate/Routing/RouteRegistrar->group()
#6 C:/Users/LEONARDO/Desktop/wayna/LOS-BESTIES-Wolf-tank-wayna/wayna_mercado/vendor/laravel/framework/src/Illuminate/Container/BoundMethod.php(36): Illuminate/Foundation/Configuration/ApplicationBuilder->{closure:Illuminate/Foundation/Configuration/ApplicationBuilder::buildRoutingCallback():210}()
#7 C:/Users/LEONARDO/Desktop/wayna/LOS-BESTIES-Wolf-tank-wayna/wayna_mercado/vendor/laravel/framework/src/Illuminate/Container/Util.php(43): Illuminate/Container/BoundMethod::{closure:Illuminate/Container/BoundMethod::call():35}()
#8 C:/Users/LEONARDO/Desktop/wayna/LOS-BESTIES-Wolf-tank-wayna/wayna_mercado/vendor/laravel/framework/src/Illuminate/Container/BoundMethod.php(84): Illuminate/Container/Util::unwrapIfClosure()
#9 C:/Users/LEONARDO/Desktop/wayna/LOS-BESTIES-Wolf-tank-wayna/wayna_mercado/vendor/laravel/framework/src/Illuminate/Container/BoundMethod.php(35): Illuminate/Container/BoundMethod::callBoundMethod()
#10 C:/Users/LEONARDO/Desktop/wayna/LOS-BESTIES-Wolf-tank-wayna/wayna_mercado/vendor/laravel/framework/src/Illuminate/Container/Container.php(799): Illuminate/Container/BoundMethod::call()
#11 C:/Users/LEONARDO/Desktop/wayna/LOS-BESTIES-Wolf-tank-wayna/wayna_mercado/vendor/laravel/framework/src/Illuminate/Foundation/Support/Providers/RouteServiceProvider.php(162): Illuminate/Container/Container->call()
#12 C:/Users/LEONARDO/Desktop/wayna/LOS-BESTIES-Wolf-tank-wayna/wayna_mercado/vendor/laravel/framework/src/Illuminate/Foundation/Support/Providers/RouteServiceProvider.php(59): Illuminate/Foundation/Support/Providers/RouteServiceProvider->loadRoutes()
#13 C:/Users/LEONARDO/Desktop/wayna/LOS-BESTIES-Wolf-tank-wayna/wayna_mercado/vendor/laravel/framework/src/Illuminate/Container/BoundMethod.php(36): Illuminate/Foundation/Support/Providers/RouteServiceProvider->{closure:Illuminate/Foundation/Support/Providers/RouteServiceProvider::register():53}()
#14 C:/Users/LEONARDO/Desktop/wayna/LOS-BESTIES-Wolf-tank-wayna/wayna_mercado/vendor/laravel/framework/src/Illuminate/Container/Util.php(43): Illuminate/Container/BoundMethod::{closure:Illuminate/Container/BoundMethod::call():35}()
#15 C:/Users/LEONARDO/Desktop/wayna/LOS-BESTIES-Wolf-tank-wayna/wayna_mercado/vendor/laravel/framework/src/Illuminate/Container/BoundMethod.php(84): Illuminate/Container/Util::unwrapIfClosure()
#16 C:/Users/LEONARDO/Desktop/wayna/LOS-BESTIES-Wolf-tank-wayna/wayna_mercado/vendor/laravel/framework/src/Illuminate/Container/BoundMethod.php(35): Illuminate/Container/BoundMethod::callBoundMethod()
#17 C:/Users/LEONARDO/Desktop/wayna/LOS-BESTIES-Wolf-tank-wayna/wayna_mercado/vendor/laravel/framework/src/Illuminate/Container/Container.php(799): Illuminate/Container/BoundMethod::call()
#18 C:/Users/LEONARDO/Desktop/wayna/LOS-BESTIES-Wolf-tank-wayna/wayna_mercado/vendor/laravel/framework/src/Illuminate/Support/ServiceProvider.php(150): Illuminate/Container/Container->call()
#19 C:/Users/LEONARDO/Desktop/wayna/LOS-BESTIES-Wolf-tank-wayna/wayna_mercado/vendor/laravel/framework/src/Illuminate/Foundation/Application.php(1154): Illuminate/Support/ServiceProvider->callBootedCallbacks()
#20 C:/Users/LEONARDO/Desktop/wayna/LOS-BESTIES-Wolf-tank-wayna/wayna_mercado/vendor/laravel/framework/src/Illuminate/Foundation/Application.php(1132): Illuminate/Foundation/Application->bootProvider()
#21 [internal function]: Illuminate/Foundation/Application->{closure:Illuminate/Foundation/Application::boot():1131}()
#22 C:/Users/LEONARDO/Desktop/wayna/LOS-BESTIES-Wolf-tank-wayna/wayna_mercado/vendor/laravel/framework/src/Illuminate/Foundation/Application.php(1131): array_walk()
#23 C:/Users/LEONARDO/Desktop/wayna/LOS-BESTIES-Wolf-tank-wayna/wayna_mercado/vendor/laravel/framework/src/Illuminate/Foundation/Bootstrap/BootProviders.php(17): Illuminate/Foundation/Application->boot()
#24 C:/Users/LEONARDO/Desktop/wayna/LOS-BESTIES-Wolf-tank-wayna/wayna_mercado/vendor/laravel/framework/src/Illuminate/Foundation/Application.php(342): Illuminate/Foundation/Bootstrap/BootProviders->bootstrap()
#25 C:/Users/LEONARDO/Desktop/wayna/LOS-BESTIES-Wolf-tank-wayna/wayna_mercado/vendor/laravel/framework/src/Illuminate/Foundation/Console/Kernel.php(494): Illuminate/Foundation/Application->bootstrapWith()
#26 C:/Users/LEONARDO/Desktop/wayna/LOS-BESTIES-Wolf-tank-wayna/wayna_mercado/vendor/laravel/framework/src/Illuminate/Foundation/Console/Kernel.php(196): Illuminate/Foundation/Console/Kernel->bootstrap()
#27 C:/Users/LEONARDO/Desktop/wayna/LOS-BESTIES-Wolf-tank-wayna/wayna_mercado/vendor/laravel/framework/src/Illuminate/Foundation/Application.php(1235): Illuminate/Foundation/Console/Kernel->handle()
#28 C:/Users/LEONARDO/Desktop/wayna/LOS-BESTIES-Wolf-tank-wayna/wayna_mercado/artisan(16): Illuminate/Foundation/Application->handleCommand()
#29 {main}
"} 
[2026-05-16 04:59:30] local.ERROR: In order to use the Auth::routes() method, please install the laravel/ui package. {"exception":"[object] (RuntimeException(code: 0): In order to use the Auth::routes() method, please install the laravel/ui package. at C:/Users/LEONARDO/Desktop/wayna/LOS-BESTIES-Wolf-tank-wayna/wayna_mercado/vendor/laravel/framework/src/Illuminate/Support/Facades/Auth.php:94)
[stacktrace]
#0 C:/Users/LEONARDO/Desktop/wayna/LOS-BESTIES-Wolf-tank-wayna/wayna_mercado/routes/web.php(12): Illuminate/Support/Facades/Auth::routes()
#1 C:/Users/LEONARDO/Desktop/wayna/LOS-BESTIES-Wolf-tank-wayna/wayna_mercado/vendor/laravel/framework/src/Illuminate/Routing/RouteFileRegistrar.php(34): require('...')
#2 C:/Users/LEONARDO/Desktop/wayna/LOS-BESTIES-Wolf-tank-wayna/wayna_mercado/vendor/laravel/framework/src/Illuminate/Routing/Router.php(526): Illuminate/Routing/RouteFileRegistrar->register()
#3 C:/Users/LEONARDO/Desktop/wayna/LOS-BESTIES-Wolf-tank-wayna/wayna_mercado/vendor/laravel/framework/src/Illuminate/Routing/Router.php(480): Illuminate/Routing/Router->loadRoutes()
#4 C:/Users/LEONARDO/Desktop/wayna/LOS-BESTIES-Wolf-tank-wayna/wayna_mercado/vendor/laravel/framework/src/Illuminate/Routing/RouteRegistrar.php(212): Illuminate/Routing/Router->group()
#5 C:/Users/LEONARDO/Desktop/wayna/LOS-BESTIES-Wolf-tank-wayna/wayna_mercado/vendor/laravel/framework/src/Illuminate/Foundation/Configuration/ApplicationBuilder.php(261): Illuminate/Routing/RouteRegistrar->group()
#6 C:/Users/LEONARDO/Desktop/wayna/LOS-BESTIES-Wolf-tank-wayna/wayna_mercado/vendor/laravel/framework/src/Illuminate/Container/BoundMethod.php(36): Illuminate/Foundation/Configuration/ApplicationBuilder->{closure:Illuminate/Foundation/Configuration/ApplicationBuilder::buildRoutingCallback():210}()
#7 C:/Users/LEONARDO/Desktop/wayna/LOS-BESTIES-Wolf-tank-wayna/wayna_mercado/vendor/laravel/framework/src/Illuminate/Container/Util.php(43): Illuminate/Container/BoundMethod::{closure:Illuminate/Container/BoundMethod::call():35}()
#8 C:/Users/LEONARDO/Desktop/wayna/LOS-BESTIES-Wolf-tank-wayna/wayna_mercado/vendor/laravel/framework/src/Illuminate/Container/BoundMethod.php(84): Illuminate/Container/Util::unwrapIfClosure()
#9 C:/Users/LEONARDO/Desktop/wayna/LOS-BESTIES-Wolf-tank-wayna/wayna_mercado/vendor/laravel/framework/src/Illuminate/Container/BoundMethod.php(35): Illuminate/Container/BoundMethod::callBoundMethod()
#10 C:/Users/LEONARDO/Desktop/wayna/LOS-BESTIES-Wolf-tank-wayna/wayna_mercado/vendor/laravel/framework/src/Illuminate/Container/Container.php(799): Illuminate/Container/BoundMethod::call()
#11 C:/Users/LEONARDO/Desktop/wayna/LOS-BESTIES-Wolf-tank-wayna/wayna_mercado/vendor/laravel/framework/src/Illuminate/Foundation/Support/Providers/RouteServiceProvider.php(162): Illuminate/Container/Container->call()
#12 C:/Users/LEONARDO/Desktop/wayna/LOS-BESTIES-Wolf-tank-wayna/wayna_mercado/vendor/laravel/framework/src/Illuminate/Foundation/Support/Providers/RouteServiceProvider.php(59): Illuminate/Foundation/Support/Providers/RouteServiceProvider->loadRoutes()
#13 C:/Users/LEONARDO/Desktop/wayna/LOS-BESTIES-Wolf-tank-wayna/wayna_mercado/vendor/laravel/framework/src/Illuminate/Container/BoundMethod.php(36): Illuminate/Foundation/Support/Providers/RouteServiceProvider->{closure:Illuminate/Foundation/Support/Providers/RouteServiceProvider::register():53}()
#14 C:/Users/LEONARDO/Desktop/wayna/LOS-BESTIES-Wolf-tank-wayna/wayna_mercado/vendor/laravel/framework/src/Illuminate/Container/Util.php(43): Illuminate/Container/BoundMethod::{closure:Illuminate/Container/BoundMethod::call():35}()
#15 C:/Users/LEONARDO/Desktop/wayna/LOS-BESTIES-Wolf-tank-wayna/wayna_mercado/vendor/laravel/framework/src/Illuminate/Container/BoundMethod.php(84): Illuminate/Container/Util::unwrapIfClosure()
#16 C:/Users/LEONARDO/Desktop/wayna/LOS-BESTIES-Wolf-tank-wayna/wayna_mercado/vendor/laravel/framework/src/Illuminate/Container/BoundMethod.php(35): Illuminate/Container/BoundMethod::callBoundMethod()
#17 C:/Users/LEONARDO/Desktop/wayna/LOS-BESTIES-Wolf-tank-wayna/wayna_mercado/vendor/laravel/framework/src/Illuminate/Container/Container.php(799): Illuminate/Container/BoundMethod::call()
#18 C:/Users/LEONARDO/Desktop/wayna/LOS-BESTIES-Wolf-tank-wayna/wayna_mercado/vendor/laravel/framework/src/Illuminate/Support/ServiceProvider.php(150): Illuminate/Container/Container->call()
#19 C:/Users/LEONARDO/Desktop/wayna/LOS-BESTIES-Wolf-tank-wayna/wayna_mercado/vendor/laravel/framework/src/Illuminate/Foundation/Application.php(1154): Illuminate/Support/ServiceProvider->callBootedCallbacks()
#20 C:/Users/LEONARDO/Desktop/wayna/LOS-BESTIES-Wolf-tank-wayna/wayna_mercado/vendor/laravel/framework/src/Illuminate/Foundation/Application.php(1132): Illuminate/Foundation/Application->bootProvider()
#21 [internal function]: Illuminate/Foundation/Application->{closure:Illuminate/Foundation/Application::boot():1131}()
#22 C:/Users/LEONARDO/Desktop/wayna/LOS-BESTIES-Wolf-tank-wayna/wayna_mercado/vendor/laravel/framework/src/Illuminate/Foundation/Application.php(1131): array_walk()
#23 C:/Users/LEONARDO/Desktop/wayna/LOS-BESTIES-Wolf-tank-wayna/wayna_mercado/vendor/laravel/framework/src/Illuminate/Foundation/Bootstrap/BootProviders.php(17): Illuminate/Foundation/Application->boot()
#24 C:/Users/LEONARDO/Desktop/wayna/LOS-BESTIES-Wolf-tank-wayna/wayna_mercado/vendor/laravel/framework/src/Illuminate/Foundation/Application.php(342): Illuminate/Foundation/Bootstrap/BootProviders->bootstrap()
#25 C:/Users/LEONARDO/Desktop/wayna/LOS-BESTIES-Wolf-tank-wayna/wayna_mercado/vendor/laravel/framework/src/Illuminate/Foundation/Console/Kernel.php(494): Illuminate/Foundation/Application->bootstrapWith()
#26 C:/Users/LEONARDO/Desktop/wayna/LOS-BESTIES-Wolf-tank-wayna/wayna_mercado/vendor/laravel/framework/src/Illuminate/Foundation/Console/Kernel.php(196): Illuminate/Foundation/Console/Kernel->bootstrap()
#27 C:/Users/LEONARDO/Desktop/wayna/LOS-BESTIES-Wolf-tank-wayna/wayna_mercado/vendor/laravel/framework/src/Illuminate/Foundation/Application.php(1235): Illuminate/Foundation/Console/Kernel->handle()
#28 C:/Users/LEONARDO/Desktop/wayna/LOS-BESTIES-Wolf-tank-wayna/wayna_mercado/artisan(16): Illuminate/Foundation/Application->handleCommand()
#29 {main}
"} 
[2026-05-16 04:59:35] local.ERROR: In order to use the Auth::routes() method, please install the laravel/ui package. {"exception":"[object] (RuntimeException(code: 0): In order to use the Auth::routes() method, please install the laravel/ui package. at C:/Users/LEONARDO/Desktop/wayna/LOS-BESTIES-Wolf-tank-wayna/wayna_mercado/vendor/laravel/framework/src/Illuminate/Support/Facades/Auth.php:94)
[stacktrace]
#0 C:/Users/LEONARDO/Desktop/wayna/LOS-BESTIES-Wolf-tank-wayna/wayna_mercado/routes/web.php(12): Illuminate/Support/Facades/Auth::routes()
#1 C:/Users/LEONARDO/Desktop/wayna/LOS-BESTIES-Wolf-tank-wayna/wayna_mercado/vendor/laravel/framework/src/Illuminate/Routing/RouteFileRegistrar.php(34): require('...')
#2 C:/Users/LEONARDO/Desktop/wayna/LOS-BESTIES-Wolf-tank-wayna/wayna_mercado/vendor/laravel/framework/src/Illuminate/Routing/Router.php(526): Illuminate/Routing/RouteFileRegistrar->register()
#3 C:/Users/LEONARDO/Desktop/wayna/LOS-BESTIES-Wolf-tank-wayna/wayna_mercado/vendor/laravel/framework/src/Illuminate/Routing/Router.php(480): Illuminate/Routing/Router->loadRoutes()
#4 C:/Users/LEONARDO/Desktop/wayna/LOS-BESTIES-Wolf-tank-wayna/wayna_mercado/vendor/laravel/framework/src/Illuminate/Routing/RouteRegistrar.php(212): Illuminate/Routing/Router->group()
#5 C:/Users/LEONARDO/Desktop/wayna/LOS-BESTIES-Wolf-tank-wayna/wayna_mercado/vendor/laravel/framework/src/Illuminate/Foundation/Configuration/ApplicationBuilder.php(261): Illuminate/Routing/RouteRegistrar->group()
#6 C:/Users/LEONARDO/Desktop/wayna/LOS-BESTIES-Wolf-tank-wayna/wayna_mercado/vendor/laravel/framework/src/Illuminate/Container/BoundMethod.php(36): Illuminate/Foundation/Configuration/ApplicationBuilder->{closure:Illuminate/Foundation/Configuration/ApplicationBuilder::buildRoutingCallback():210}()
#7 C:/Users/LEONARDO/Desktop/wayna/LOS-BESTIES-Wolf-tank-wayna/wayna_mercado/vendor/laravel/framework/src/Illuminate/Container/Util.php(43): Illuminate/Container/BoundMethod::{closure:Illuminate/Container/BoundMethod::call():35}()
#8 C:/Users/LEONARDO/Desktop/wayna/LOS-BESTIES-Wolf-tank-wayna/wayna_mercado/vendor/laravel/framework/src/Illuminate/Container/BoundMethod.php(84): Illuminate/Container/Util::unwrapIfClosure()
#9 C:/Users/LEONARDO/Desktop/wayna/LOS-BESTIES-Wolf-tank-wayna/wayna_mercado/vendor/laravel/framework/src/Illuminate/Container/BoundMethod.php(35): Illuminate/Container/BoundMethod::callBoundMethod()
#10 C:/Users/LEONARDO/Desktop/wayna/LOS-BESTIES-Wolf-tank-wayna/wayna_mercado/vendor/laravel/framework/src/Illuminate/Container/Container.php(799): Illuminate/Container/BoundMethod::call()
#11 C:/Users/LEONARDO/Desktop/wayna/LOS-BESTIES-Wolf-tank-wayna/wayna_mercado/vendor/laravel/framework/src/Illuminate/Foundation/Support/Providers/RouteServiceProvider.php(162): Illuminate/Container/Container->call()
#12 C:/Users/LEONARDO/Desktop/wayna/LOS-BESTIES-Wolf-tank-wayna/wayna_mercado/vendor/laravel/framework/src/Illuminate/Foundation/Support/Providers/RouteServiceProvider.php(59): Illuminate/Foundation/Support/Providers/RouteServiceProvider->loadRoutes()
#13 C:/Users/LEONARDO/Desktop/wayna/LOS-BESTIES-Wolf-tank-wayna/wayna_mercado/vendor/laravel/framework/src/Illuminate/Container/BoundMethod.php(36): Illuminate/Foundation/Support/Providers/RouteServiceProvider->{closure:Illuminate/Foundation/Support/Providers/RouteServiceProvider::register():53}()
#14 C:/Users/LEONARDO/Desktop/wayna/LOS-BESTIES-Wolf-tank-wayna/wayna_mercado/vendor/laravel/framework/src/Illuminate/Container/Util.php(43): Illuminate/Container/BoundMethod::{closure:Illuminate/Container/BoundMethod::call():35}()
#15 C:/Users/LEONARDO/Desktop/wayna/LOS-BESTIES-Wolf-tank-wayna/wayna_mercado/vendor/laravel/framework/src/Illuminate/Container/BoundMethod.php(84): Illuminate/Container/Util::unwrapIfClosure()
#16 C:/Users/LEONARDO/Desktop/wayna/LOS-BESTIES-Wolf-tank-wayna/wayna_mercado/vendor/laravel/framework/src/Illuminate/Container/BoundMethod.php(35): Illuminate/Container/BoundMethod::callBoundMethod()
#17 C:/Users/LEONARDO/Desktop/wayna/LOS-BESTIES-Wolf-tank-wayna/wayna_mercado/vendor/laravel/framework/src/Illuminate/Container/Container.php(799): Illuminate/Container/BoundMethod::call()
#18 C:/Users/LEONARDO/Desktop/wayna/LOS-BESTIES-Wolf-tank-wayna/wayna_mercado/vendor/laravel/framework/src/Illuminate/Support/ServiceProvider.php(150): Illuminate/Container/Container->call()
#19 C:/Users/LEONARDO/Desktop/wayna/LOS-BESTIES-Wolf-tank-wayna/wayna_mercado/vendor/laravel/framework/src/Illuminate/Foundation/Application.php(1154): Illuminate/Support/ServiceProvider->callBootedCallbacks()
#20 C:/Users/LEONARDO/Desktop/wayna/LOS-BESTIES-Wolf-tank-wayna/wayna_mercado/vendor/laravel/framework/src/Illuminate/Foundation/Application.php(1132): Illuminate/Foundation/Application->bootProvider()
#21 [internal function]: Illuminate/Foundation/Application->{closure:Illuminate/Foundation/Application::boot():1131}()
#22 C:/Users/LEONARDO/Desktop/wayna/LOS-BESTIES-Wolf-tank-wayna/wayna_mercado/vendor/laravel/framework/src/Illuminate/Foundation/Application.php(1131): array_walk()
#23 C:/Users/LEONARDO/Desktop/wayna/LOS-BESTIES-Wolf-tank-wayna/wayna_mercado/vendor/laravel/framework/src/Illuminate/Foundation/Bootstrap/BootProviders.php(17): Illuminate/Foundation/Application->boot()
#24 C:/Users/LEONARDO/Desktop/wayna/LOS-BESTIES-Wolf-tank-wayna/wayna_mercado/vendor/laravel/framework/src/Illuminate/Foundation/Application.php(342): Illuminate/Foundation/Bootstrap/BootProviders->bootstrap()
#25 C:/Users/LEONARDO/Desktop/wayna/LOS-BESTIES-Wolf-tank-wayna/wayna_mercado/vendor/laravel/framework/src/Illuminate/Foundation/Console/Kernel.php(494): Illuminate/Foundation/Application->bootstrapWith()
#26 C:/Users/LEONARDO/Desktop/wayna/LOS-BESTIES-Wolf-tank-wayna/wayna_mercado/vendor/laravel/framework/src/Illuminate/Foundation/Console/Kernel.php(196): Illuminate/Foundation/Console/Kernel->bootstrap()
#27 C:/Users/LEONARDO/Desktop/wayna/LOS-BESTIES-Wolf-tank-wayna/wayna_mercado/vendor/laravel/framework/src/Illuminate/Foundation/Application.php(1235): Illuminate/Foundation/Console/Kernel->handle()
#28 C:/Users/LEONARDO/Desktop/wayna/LOS-BESTIES-Wolf-tank-wayna/wayna_mercado/artisan(16): Illuminate/Foundation/Application->handleCommand()
#29 {main}
"} 
[2026-05-16 05:00:40] local.ERROR: require(C:\Users\LEONARDO\Desktop\wayna\LOS-BESTIES-Wolf-tank-wayna\wayna_mercado\routes/auth.php): Failed to open stream: No such file or directory {"exception":"[object] (ErrorException(code: 0): require(C:\\Users\\LEONARDO\\Desktop\\wayna\\LOS-BESTIES-Wolf-tank-wayna\\wayna_mercado\\routes/auth.php): Failed to open stream: No such file or directory at C:/Users/LEONARDO/Desktop/wayna/LOS-BESTIES-Wolf-tank-wayna/wayna_mercado/routes/web.php:25)
[stacktrace]
#0 C:/Users/LEONARDO/Desktop/wayna/LOS-BESTIES-Wolf-tank-wayna/wayna_mercado/vendor/laravel/framework/src/Illuminate/Foundation/Bootstrap/HandleExceptions.php(258): Illuminate/Foundation/Bootstrap/HandleExceptions->handleError()
#1 C:/Users/LEONARDO/Desktop/wayna/LOS-BESTIES-Wolf-tank-wayna/wayna_mercado/routes/web.php(25): Illuminate/Foundation/Bootstrap/HandleExceptions->{closure:Illuminate/Foundation/Bootstrap/HandleExceptions::forwardsTo():257}()
#2 C:/Users/LEONARDO/Desktop/wayna/LOS-BESTIES-Wolf-tank-wayna/wayna_mercado/routes/web.php(25): require('...')
#3 C:/Users/LEONARDO/Desktop/wayna/LOS-BESTIES-Wolf-tank-wayna/wayna_mercado/vendor/laravel/framework/src/Illuminate/Routing/RouteFileRegistrar.php(34): require('...')
#4 C:/Users/LEONARDO/Desktop/wayna/LOS-BESTIES-Wolf-tank-wayna/wayna_mercado/vendor/laravel/framework/src/Illuminate/Routing/Router.php(526): Illuminate/Routing/RouteFileRegistrar->register()
#5 C:/Users/LEONARDO/Desktop/wayna/LOS-BESTIES-Wolf-tank-wayna/wayna_mercado/vendor/laravel/framework/src/Illuminate/Routing/Router.php(480): Illuminate/Routing/Router->loadRoutes()
#6 C:/Users/LEONARDO/Desktop/wayna/LOS-BESTIES-Wolf-tank-wayna/wayna_mercado/vendor/laravel/framework/src/Illuminate/Routing/RouteRegistrar.php(212): Illuminate/Routing/Router->group()
#7 C:/Users/LEONARDO/Desktop/wayna/LOS-BESTIES-Wolf-tank-wayna/wayna_mercado/vendor/laravel/framework/src/Illuminate/Foundation/Configuration/ApplicationBuilder.php(261): Illuminate/Routing/RouteRegistrar->group()
#8 C:/Users/LEONARDO/Desktop/wayna/LOS-BESTIES-Wolf-tank-wayna/wayna_mercado/vendor/laravel/framework/src/Illuminate/Container/BoundMethod.php(36): Illuminate/Foundation/Configuration/ApplicationBuilder->{closure:Illuminate/Foundation/Configuration/ApplicationBuilder::buildRoutingCallback():210}()
#9 C:/Users/LEONARDO/Desktop/wayna/LOS-BESTIES-Wolf-tank-wayna/wayna_mercado/vendor/laravel/framework/src/Illuminate/Container/Util.php(43): Illuminate/Container/BoundMethod::{closure:Illuminate/Container/BoundMethod::call():35}()
#10 C:/Users/LEONARDO/Desktop/wayna/LOS-BESTIES-Wolf-tank-wayna/wayna_mercado/vendor/laravel/framework/src/Illuminate/Container/BoundMethod.php(84): Illuminate/Container/Util::unwrapIfClosure()
#11 C:/Users/LEONARDO/Desktop/wayna/LOS-BESTIES-Wolf-tank-wayna/wayna_mercado/vendor/laravel/framework/src/Illuminate/Container/BoundMethod.php(35): Illuminate/Container/BoundMethod::callBoundMethod()
#12 C:/Users/LEONARDO/Desktop/wayna/LOS-BESTIES-Wolf-tank-wayna/wayna_mercado/vendor/laravel/framework/src/Illuminate/Container/Container.php(799): Illuminate/Container/BoundMethod::call()
#13 C:/Users/LEONARDO/Desktop/wayna/LOS-BESTIES-Wolf-tank-wayna/wayna_mercado/vendor/laravel/framework/src/Illuminate/Foundation/Support/Providers/RouteServiceProvider.php(162): Illuminate/Container/Container->call()
#14 C:/Users/LEONARDO/Desktop/wayna/LOS-BESTIES-Wolf-tank-wayna/wayna_mercado/vendor/laravel/framework/src/Illuminate/Foundation/Support/Providers/RouteServiceProvider.php(59): Illuminate/Foundation/Support/Providers/RouteServiceProvider->loadRoutes()
#15 C:/Users/LEONARDO/Desktop/wayna/LOS-BESTIES-Wolf-tank-wayna/wayna_mercado/vendor/laravel/framework/src/Illuminate/Container/BoundMethod.php(36): Illuminate/Foundation/Support/Providers/RouteServiceProvider->{closure:Illuminate/Foundation/Support/Providers/RouteServiceProvider::register():53}()
#16 C:/Users/LEONARDO/Desktop/wayna/LOS-BESTIES-Wolf-tank-wayna/wayna_mercado/vendor/laravel/framework/src/Illuminate/Container/Util.php(43): Illuminate/Container/BoundMethod::{closure:Illuminate/Container/BoundMethod::call():35}()
#17 C:/Users/LEONARDO/Desktop/wayna/LOS-BESTIES-Wolf-tank-wayna/wayna_mercado/vendor/laravel/framework/src/Illuminate/Container/BoundMethod.php(84): Illuminate/Container/Util::unwrapIfClosure()
#18 C:/Users/LEONARDO/Desktop/wayna/LOS-BESTIES-Wolf-tank-wayna/wayna_mercado/vendor/laravel/framework/src/Illuminate/Container/BoundMethod.php(35): Illuminate/Container/BoundMethod::callBoundMethod()
#19 C:/Users/LEONARDO/Desktop/wayna/LOS-BESTIES-Wolf-tank-wayna/wayna_mercado/vendor/laravel/framework/src/Illuminate/Container/Container.php(799): Illuminate/Container/BoundMethod::call()
#20 C:/Users/LEONARDO/Desktop/wayna/LOS-BESTIES-Wolf-tank-wayna/wayna_mercado/vendor/laravel/framework/src/Illuminate/Support/ServiceProvider.php(150): Illuminate/Container/Container->call()
#21 C:/Users/LEONARDO/Desktop/wayna/LOS-BESTIES-Wolf-tank-wayna/wayna_mercado/vendor/laravel/framework/src/Illuminate/Foundation/Application.php(1154): Illuminate/Support/ServiceProvider->callBootedCallbacks()
#22 C:/Users/LEONARDO/Desktop/wayna/LOS-BESTIES-Wolf-tank-wayna/wayna_mercado/vendor/laravel/framework/src/Illuminate/Foundation/Application.php(1132): Illuminate/Foundation/Application->bootProvider()
#23 [internal function]: Illuminate/Foundation/Application->{closure:Illuminate/Foundation/Application::boot():1131}()
#24 C:/Users/LEONARDO/Desktop/wayna/LOS-BESTIES-Wolf-tank-wayna/wayna_mercado/vendor/laravel/framework/src/Illuminate/Foundation/Application.php(1131): array_walk()
#25 C:/Users/LEONARDO/Desktop/wayna/LOS-BESTIES-Wolf-tank-wayna/wayna_mercado/vendor/laravel/framework/src/Illuminate/Foundation/Bootstrap/BootProviders.php(17): Illuminate/Foundation/Application->boot()
#26 C:/Users/LEONARDO/Desktop/wayna/LOS-BESTIES-Wolf-tank-wayna/wayna_mercado/vendor/laravel/framework/src/Illuminate/Foundation/Application.php(342): Illuminate/Foundation/Bootstrap/BootProviders->bootstrap()
#27 C:/Users/LEONARDO/Desktop/wayna/LOS-BESTIES-Wolf-tank-wayna/wayna_mercado/vendor/laravel/framework/src/Illuminate/Foundation/Console/Kernel.php(494): Illuminate/Foundation/Application->bootstrapWith()
#28 C:/Users/LEONARDO/Desktop/wayna/LOS-BESTIES-Wolf-tank-wayna/wayna_mercado/vendor/laravel/framework/src/Illuminate/Foundation/Console/Kernel.php(196): Illuminate/Foundation/Console/Kernel->bootstrap()
#29 C:/Users/LEONARDO/Desktop/wayna/LOS-BESTIES-Wolf-tank-wayna/wayna_mercado/vendor/laravel/framework/src/Illuminate/Foundation/Application.php(1235): Illuminate/Foundation/Console/Kernel->handle()
#30 C:/Users/LEONARDO/Desktop/wayna/LOS-BESTIES-Wolf-tank-wayna/wayna_mercado/artisan(16): Illuminate/Foundation/Application->handleCommand()
#31 {main}
"} 
[2026-05-16 05:11:36] local.ERROR: require(C:\Users\LEONARDO\Desktop\wayna\LOS-BESTIES-Wolf-tank-wayna\wayna_mercado\routes/auth.php): Failed to open stream: No such file or directory {"exception":"[object] (ErrorException(code: 0): require(C:\\Users\\LEONARDO\\Desktop\\wayna\\LOS-BESTIES-Wolf-tank-wayna\\wayna_mercado\\routes/auth.php): Failed to open stream: No such file or directory at C:/Users/LEONARDO/Desktop/wayna/LOS-BESTIES-Wolf-tank-wayna/wayna_mercado/routes/web.php:25)
[stacktrace]
#0 C:/Users/LEONARDO/Desktop/wayna/LOS-BESTIES-Wolf-tank-wayna/wayna_mercado/vendor/laravel/framework/src/Illuminate/Foundation/Bootstrap/HandleExceptions.php(258): Illuminate/Foundation/Bootstrap/HandleExceptions->handleError()
#1 C:/Users/LEONARDO/Desktop/wayna/LOS-BESTIES-Wolf-tank-wayna/wayna_mercado/routes/web.php(25): Illuminate/Foundation/Bootstrap/HandleExceptions->{closure:Illuminate/Foundation/Bootstrap/HandleExceptions::forwardsTo():257}()
#2 C:/Users/LEONARDO/Desktop/wayna/LOS-BESTIES-Wolf-tank-wayna/wayna_mercado/routes/web.php(25): require('...')
#3 C:/Users/LEONARDO/Desktop/wayna/LOS-BESTIES-Wolf-tank-wayna/wayna_mercado/vendor/laravel/framework/src/Illuminate/Routing/RouteFileRegistrar.php(34): require('...')
#4 C:/Users/LEONARDO/Desktop/wayna/LOS-BESTIES-Wolf-tank-wayna/wayna_mercado/vendor/laravel/framework/src/Illuminate/Routing/Router.php(526): Illuminate/Routing/RouteFileRegistrar->register()
#5 C:/Users/LEONARDO/Desktop/wayna/LOS-BESTIES-Wolf-tank-wayna/wayna_mercado/vendor/laravel/framework/src/Illuminate/Routing/Router.php(480): Illuminate/Routing/Router->loadRoutes()
#6 C:/Users/LEONARDO/Desktop/wayna/LOS-BESTIES-Wolf-tank-wayna/wayna_mercado/vendor/laravel/framework/src/Illuminate/Routing/RouteRegistrar.php(212): Illuminate/Routing/Router->group()
#7 C:/Users/LEONARDO/Desktop/wayna/LOS-BESTIES-Wolf-tank-wayna/wayna_mercado/vendor/laravel/framework/src/Illuminate/Foundation/Configuration/ApplicationBuilder.php(261): Illuminate/Routing/RouteRegistrar->group()
#8 C:/Users/LEONARDO/Desktop/wayna/LOS-BESTIES-Wolf-tank-wayna/wayna_mercado/vendor/laravel/framework/src/Illuminate/Container/BoundMethod.php(36): Illuminate/Foundation/Configuration/ApplicationBuilder->{closure:Illuminate/Foundation/Configuration/ApplicationBuilder::buildRoutingCallback():210}()
#9 C:/Users/LEONARDO/Desktop/wayna/LOS-BESTIES-Wolf-tank-wayna/wayna_mercado/vendor/laravel/framework/src/Illuminate/Container/Util.php(43): Illuminate/Container/BoundMethod::{closure:Illuminate/Container/BoundMethod::call():35}()
#10 C:/Users/LEONARDO/Desktop/wayna/LOS-BESTIES-Wolf-tank-wayna/wayna_mercado/vendor/laravel/framework/src/Illuminate/Container/BoundMethod.php(84): Illuminate/Container/Util::unwrapIfClosure()
#11 C:/Users/LEONARDO/Desktop/wayna/LOS-BESTIES-Wolf-tank-wayna/wayna_mercado/vendor/laravel/framework/src/Illuminate/Container/BoundMethod.php(35): Illuminate/Container/BoundMethod::callBoundMethod()
#12 C:/Users/LEONARDO/Desktop/wayna/LOS-BESTIES-Wolf-tank-wayna/wayna_mercado/vendor/laravel/framework/src/Illuminate/Container/Container.php(799): Illuminate/Container/BoundMethod::call()
#13 C:/Users/LEONARDO/Desktop/wayna/LOS-BESTIES-Wolf-tank-wayna/wayna_mercado/vendor/laravel/framework/src/Illuminate/Foundation/Support/Providers/RouteServiceProvider.php(162): Illuminate/Container/Container->call()
#14 C:/Users/LEONARDO/Desktop/wayna/LOS-BESTIES-Wolf-tank-wayna/wayna_mercado/vendor/laravel/framework/src/Illuminate/Foundation/Support/Providers/RouteServiceProvider.php(59): Illuminate/Foundation/Support/Providers/RouteServiceProvider->loadRoutes()
#15 C:/Users/LEONARDO/Desktop/wayna/LOS-BESTIES-Wolf-tank-wayna/wayna_mercado/vendor/laravel/framework/src/Illuminate/Container/BoundMethod.php(36): Illuminate/Foundation/Support/Providers/RouteServiceProvider->{closure:Illuminate/Foundation/Support/Providers/RouteServiceProvider::register():53}()
#16 C:/Users/LEONARDO/Desktop/wayna/LOS-BESTIES-Wolf-tank-wayna/wayna_mercado/vendor/laravel/framework/src/Illuminate/Container/Util.php(43): Illuminate/Container/BoundMethod::{closure:Illuminate/Container/BoundMethod::call():35}()
#17 C:/Users/LEONARDO/Desktop/wayna/LOS-BESTIES-Wolf-tank-wayna/wayna_mercado/vendor/laravel/framework/src/Illuminate/Container/BoundMethod.php(84): Illuminate/Container/Util::unwrapIfClosure()
#18 C:/Users/LEONARDO/Desktop/wayna/LOS-BESTIES-Wolf-tank-wayna/wayna_mercado/vendor/laravel/framework/src/Illuminate/Container/BoundMethod.php(35): Illuminate/Container/BoundMethod::callBoundMethod()
#19 C:/Users/LEONARDO/Desktop/wayna/LOS-BESTIES-Wolf-tank-wayna/wayna_mercado/vendor/laravel/framework/src/Illuminate/Container/Container.php(799): Illuminate/Container/BoundMethod::call()
#20 C:/Users/LEONARDO/Desktop/wayna/LOS-BESTIES-Wolf-tank-wayna/wayna_mercado/vendor/laravel/framework/src/Illuminate/Support/ServiceProvider.php(150): Illuminate/Container/Container->call()
#21 C:/Users/LEONARDO/Desktop/wayna/LOS-BESTIES-Wolf-tank-wayna/wayna_mercado/vendor/laravel/framework/src/Illuminate/Foundation/Application.php(1154): Illuminate/Support/ServiceProvider->callBootedCallbacks()
#22 C:/Users/LEONARDO/Desktop/wayna/LOS-BESTIES-Wolf-tank-wayna/wayna_mercado/vendor/laravel/framework/src/Illuminate/Foundation/Application.php(1132): Illuminate/Foundation/Application->bootProvider()
#23 [internal function]: Illuminate/Foundation/Application->{closure:Illuminate/Foundation/Application::boot():1131}()
#24 C:/Users/LEONARDO/Desktop/wayna/LOS-BESTIES-Wolf-tank-wayna/wayna_mercado/vendor/laravel/framework/src/Illuminate/Foundation/Application.php(1131): array_walk()
#25 C:/Users/LEONARDO/Desktop/wayna/LOS-BESTIES-Wolf-tank-wayna/wayna_mercado/vendor/laravel/framework/src/Illuminate/Foundation/Bootstrap/BootProviders.php(17): Illuminate/Foundation/Application->boot()
#26 C:/Users/LEONARDO/Desktop/wayna/LOS-BESTIES-Wolf-tank-wayna/wayna_mercado/vendor/laravel/framework/src/Illuminate/Foundation/Application.php(342): Illuminate/Foundation/Bootstrap/BootProviders->bootstrap()
#27 C:/Users/LEONARDO/Desktop/wayna/LOS-BESTIES-Wolf-tank-wayna/wayna_mercado/vendor/laravel/framework/src/Illuminate/Foundation/Console/Kernel.php(494): Illuminate/Foundation/Application->bootstrapWith()
#28 C:/Users/LEONARDO/Desktop/wayna/LOS-BESTIES-Wolf-tank-wayna/wayna_mercado/vendor/laravel/framework/src/Illuminate/Foundation/Console/Kernel.php(196): Illuminate/Foundation/Console/Kernel->bootstrap()
#29 C:/Users/LEONARDO/Desktop/wayna/LOS-BESTIES-Wolf-tank-wayna/wayna_mercado/vendor/laravel/framework/src/Illuminate/Foundation/Application.php(1235): Illuminate/Foundation/Console/Kernel->handle()
#30 C:/Users/LEONARDO/Desktop/wayna/LOS-BESTIES-Wolf-tank-wayna/wayna_mercado/artisan(16): Illuminate/Foundation/Application->handleCommand()
#31 {main}
"} 
[2026-05-16 05:14:31] local.ERROR: View [auth.login] not found. {"exception":"[object] (InvalidArgumentException(code: 0): View [auth.login] not found. at C:/Users/LEONARDO/Desktop/wayna/LOS-BESTIES-Wolf-tank-wayna/wayna_mercado/vendor/laravel/framework/src/Illuminate/View/FileViewFinder.php:138)
[stacktrace]
#0 C:/Users/LEONARDO/Desktop/wayna/LOS-BESTIES-Wolf-tank-wayna/wayna_mercado/vendor/laravel/framework/src/Illuminate/View/FileViewFinder.php(78): Illuminate/View/FileViewFinder->findInPaths()
#1 C:/Users/LEONARDO/Desktop/wayna/LOS-BESTIES-Wolf-tank-wayna/wayna_mercado/vendor/laravel/framework/src/Illuminate/View/Factory.php(150): Illuminate/View/FileViewFinder->find()
#2 C:/Users/LEONARDO/Desktop/wayna/LOS-BESTIES-Wolf-tank-wayna/wayna_mercado/vendor/laravel/framework/src/Illuminate/Foundation/helpers.php(1100): Illuminate/View/Factory->make()
#3 C:/Users/LEONARDO/Desktop/wayna/LOS-BESTIES-Wolf-tank-wayna/wayna_mercado/routes/web.php(22): view()
#4 C:/Users/LEONARDO/Desktop/wayna/LOS-BESTIES-Wolf-tank-wayna/wayna_mercado/vendor/laravel/framework/src/Illuminate/Routing/CallableDispatcher.php(39): Illuminate/Routing/RouteFileRegistrar->{closure:C:/Users/LEONARDO/Desktop/wayna/LOS-BESTIES-Wolf-tank-wayna/wayna_mercado/routes/web.php:21}()
#5 C:/Users/LEONARDO/Desktop/wayna/LOS-BESTIES-Wolf-tank-wayna/wayna_mercado/vendor/laravel/framework/src/Illuminate/Routing/Route.php(247): Illuminate/Routing/CallableDispatcher->dispatch()
#6 C:/Users/LEONARDO/Desktop/wayna/LOS-BESTIES-Wolf-tank-wayna/wayna_mercado/vendor/laravel/framework/src/Illuminate/Routing/Route.php(218): Illuminate/Routing/Route->runCallable()
#7 C:/Users/LEONARDO/Desktop/wayna/LOS-BESTIES-Wolf-tank-wayna/wayna_mercado/vendor/laravel/framework/src/Illuminate/Routing/Router.php(822): Illuminate/Routing/Route->run()
#8 C:/Users/LEONARDO/Desktop/wayna/LOS-BESTIES-Wolf-tank-wayna/wayna_mercado/vendor/laravel/framework/src/Illuminate/Pipeline/Pipeline.php(180): Illuminate/Routing/Router->{closure:Illuminate/Routing/Router::runRouteWithinStack():821}()
#9 C:/Users/LEONARDO/Desktop/wayna/LOS-BESTIES-Wolf-tank-wayna/wayna_mercado/vendor/laravel/boost/src/Middleware/InjectBoost.php(22): Illuminate/Pipeline/Pipeline->{closure:Illuminate/Pipeline/Pipeline::prepareDestination():178}()
#10 C:/Users/LEONARDO/Desktop/wayna/LOS-BESTIES-Wolf-tank-wayna/wayna_mercado/vendor/laravel/framework/src/Illuminate/Pipeline/Pipeline.php(219): Laravel/Boost/Middleware/InjectBoost->handle()
#11 C:/Users/LEONARDO/Desktop/wayna/LOS-BESTIES-Wolf-tank-wayna/wayna_mercado/vendor/laravel/framework/src/Illuminate/Routing/Middleware/SubstituteBindings.php(52): Illuminate/Pipeline/Pipeline->{closure:{closure:Illuminate/Pipeline/Pipeline::carry():194}:195}()
#12 C:/Users/LEONARDO/Desktop/wayna/LOS-BESTIES-Wolf-tank-wayna/wayna_mercado/vendor/laravel/framework/src/Illuminate/Pipeline/Pipeline.php(219): Illuminate/Routing/Middleware/SubstituteBindings->handle()
#13 C:/Users/LEONARDO/Desktop/wayna/LOS-BESTIES-Wolf-tank-wayna/wayna_mercado/vendor/laravel/framework/src/Illuminate/Foundation/Http/Middleware/PreventRequestForgery.php(104): Illuminate/Pipeline/Pipeline->{closure:{closure:Illuminate/Pipeline/Pipeline::carry():194}:195}()
#14 C:/Users/LEONARDO/Desktop/wayna/LOS-BESTIES-Wolf-tank-wayna/wayna_mercado/vendor/laravel/framework/src/Illuminate/Pipeline/Pipeline.php(219): Illuminate/Foundation/Http/Middleware/PreventRequestForgery->handle()
#15 C:/Users/LEONARDO/Desktop/wayna/LOS-BESTIES-Wolf-tank-wayna/wayna_mercado/vendor/laravel/framework/src/Illuminate/View/Middleware/ShareErrorsFromSession.php(48): Illuminate/Pipeline/Pipeline->{closure:{closure:Illuminate/Pipeline/Pipeline::carry():194}:195}()
#16 C:/Users/LEONARDO/Desktop/wayna/LOS-BESTIES-Wolf-tank-wayna/wayna_mercado/vendor/laravel/framework/src/Illuminate/Pipeline/Pipeline.php(219): Illuminate/View/Middleware/ShareErrorsFromSession->handle()
#17 C:/Users/LEONARDO/Desktop/wayna/LOS-BESTIES-Wolf-tank-wayna/wayna_mercado/vendor/laravel/framework/src/Illuminate/Session/Middleware/StartSession.php(120): Illuminate/Pipeline/Pipeline->{closure:{closure:Illuminate/Pipeline/Pipeline::carry():194}:195}()
#18 C:/Users/LEONARDO/Desktop/wayna/LOS-BESTIES-Wolf-tank-wayna/wayna_mercado/vendor/laravel/framework/src/Illuminate/Session/Middleware/StartSession.php(63): Illuminate/Session/Middleware/StartSession->handleStatefulRequest()
#19 C:/Users/LEONARDO/Desktop/wayna/LOS-BESTIES-Wolf-tank-wayna/wayna_mercado/vendor/laravel/framework/src/Illuminate/Pipeline/Pipeline.php(219): Illuminate/Session/Middleware/StartSession->handle()
#20 C:/Users/LEONARDO/Desktop/wayna/LOS-BESTIES-Wolf-tank-wayna/wayna_mercado/vendor/laravel/framework/src/Illuminate/Cookie/Middleware/AddQueuedCookiesToResponse.php(36): Illuminate/Pipeline/Pipeline->{closure:{closure:Illuminate/Pipeline/Pipeline::carry():194}:195}()
#21 C:/Users/LEONARDO/Desktop/wayna/LOS-BESTIES-Wolf-tank-wayna/wayna_mercado/vendor/laravel/framework/src/Illuminate/Pipeline/Pipeline.php(219): Illuminate/Cookie/Middleware/AddQueuedCookiesToResponse->handle()
#22 C:/Users/LEONARDO/Desktop/wayna/LOS-BESTIES-Wolf-tank-wayna/wayna_mercado/vendor/laravel/framework/src/Illuminate/Cookie/Middleware/EncryptCookies.php(74): Illuminate/Pipeline/Pipeline->{closure:{closure:Illuminate/Pipeline/Pipeline::carry():194}:195}()
#23 C:/Users/LEONARDO/Desktop/wayna/LOS-BESTIES-Wolf-tank-wayna/wayna_mercado/vendor/laravel/framework/src/Illuminate/Pipeline/Pipeline.php(219): Illuminate/Cookie/Middleware/EncryptCookies->handle()
#24 C:/Users/LEONARDO/Desktop/wayna/LOS-BESTIES-Wolf-tank-wayna/wayna_mercado/vendor/laravel/framework/src/Illuminate/Pipeline/Pipeline.php(137): Illuminate/Pipeline/Pipeline->{closure:{closure:Illuminate/Pipeline/Pipeline::carry():194}:195}()
#25 C:/Users/LEONARDO/Desktop/wayna/LOS-BESTIES-Wolf-tank-wayna/wayna_mercado/vendor/laravel/framework/src/Illuminate/Routing/Router.php(821): Illuminate/Pipeline/Pipeline->then()
#26 C:/Users/LEONARDO/Desktop/wayna/LOS-BESTIES-Wolf-tank-wayna/wayna_mercado/vendor/laravel/framework/src/Illuminate/Routing/Router.php(800): Illuminate/Routing/Router->runRouteWithinStack()
#27 C:/Users/LEONARDO/Desktop/wayna/LOS-BESTIES-Wolf-tank-wayna/wayna_mercado/vendor/laravel/framework/src/Illuminate/Routing/Router.php(764): Illuminate/Routing/Router->runRoute()
#28 C:/Users/LEONARDO/Desktop/wayna/LOS-BESTIES-Wolf-tank-wayna/wayna_mercado/vendor/laravel/framework/src/Illuminate/Routing/Router.php(753): Illuminate/Routing/Router->dispatchToRoute()
#29 C:/Users/LEONARDO/Desktop/wayna/LOS-BESTIES-Wolf-tank-wayna/wayna_mercado/vendor/laravel/framework/src/Illuminate/Foundation/Http/Kernel.php(200): Illuminate/Routing/Router->dispatch()
#30 C:/Users/LEONARDO/Desktop/wayna/LOS-BESTIES-Wolf-tank-wayna/wayna_mercado/vendor/laravel/framework/src/Illuminate/Pipeline/Pipeline.php(180): Illuminate/Foundation/Http/Kernel->{closure:Illuminate/Foundation/Http/Kernel::dispatchToRouter():197}()
#31 C:/Users/LEONARDO/Desktop/wayna/LOS-BESTIES-Wolf-tank-wayna/wayna_mercado/vendor/laravel/framework/src/Illuminate/Foundation/Http/Middleware/TransformsRequest.php(21): Illuminate/Pipeline/Pipeline->{closure:Illuminate/Pipeline/Pipeline::prepareDestination():178}()
#32 C:/Users/LEONARDO/Desktop/wayna/LOS-BESTIES-Wolf-tank-wayna/wayna_mercado/vendor/laravel/framework/src/Illuminate/Foundation/Http/Middleware/ConvertEmptyStringsToNull.php(31): Illuminate/Foundation/Http/Middleware/TransformsRequest->handle()
#33 C:/Users/LEONARDO/Desktop/wayna/LOS-BESTIES-Wolf-tank-wayna/wayna_mercado/vendor/laravel/framework/src/Illuminate/Pipeline/Pipeline.php(219): Illuminate/Foundation/Http/Middleware/ConvertEmptyStringsToNull->handle()
#34 C:/Users/LEONARDO/Desktop/wayna/LOS-BESTIES-Wolf-tank-wayna/wayna_mercado/vendor/laravel/framework/src/Illuminate/Foundation/Http/Middleware/TransformsRequest.php(21): Illuminate/Pipeline/Pipeline->{closure:{closure:Illuminate/Pipeline/Pipeline::carry():194}:195}()
#35 C:/Users/LEONARDO/Desktop/wayna/LOS-BESTIES-Wolf-tank-wayna/wayna_mercado/vendor/laravel/framework/src/Illuminate/Foundation/Http/Middleware/TrimStrings.php(51): Illuminate/Foundation/Http/Middleware/TransformsRequest->handle()
#36 C:/Users/LEONARDO/Desktop/wayna/LOS-BESTIES-Wolf-tank-wayna/wayna_mercado/vendor/laravel/framework/src/Illuminate/Pipeline/Pipeline.php(219): Illuminate/Foundation/Http/Middleware/TrimStrings->handle()
#37 C:/Users/LEONARDO/Desktop/wayna/LOS-BESTIES-Wolf-tank-wayna/wayna_mercado/vendor/laravel/framework/src/Illuminate/Http/Middleware/ValidatePostSize.php(27): Illuminate/Pipeline/Pipeline->{closure:{closure:Illuminate/Pipeline/Pipeline::carry():194}:195}()
#38 C:/Users/LEONARDO/Desktop/wayna/LOS-BESTIES-Wolf-tank-wayna/wayna_mercado/vendor/laravel/framework/src/Illuminate/Pipeline/Pipeline.php(219): Illuminate/Http/Middleware/ValidatePostSize->handle()
#39 C:/Users/LEONARDO/Desktop/wayna/LOS-BESTIES-Wolf-tank-wayna/wayna_mercado/vendor/laravel/framework/src/Illuminate/Foundation/Http/Middleware/PreventRequestsDuringMaintenance.php(109): Illuminate/Pipeline/Pipeline->{closure:{closure:Illuminate/Pipeline/Pipeline::carry():194}:195}()
#40 C:/Users/LEONARDO/Desktop/wayna/LOS-BESTIES-Wolf-tank-wayna/wayna_mercado/vendor/laravel/framework/src/Illuminate/Pipeline/Pipeline.php(219): Illuminate/Foundation/Http/Middleware/PreventRequestsDuringMaintenance->handle()
#41 C:/Users/LEONARDO/Desktop/wayna/LOS-BESTIES-Wolf-tank-wayna/wayna_mercado/vendor/laravel/framework/src/Illuminate/Http/Middleware/HandleCors.php(61): Illuminate/Pipeline/Pipeline->{closure:{closure:Illuminate/Pipeline/Pipeline::carry():194}:195}()
#42 C:/Users/LEONARDO/Desktop/wayna/LOS-BESTIES-Wolf-tank-wayna/wayna_mercado/vendor/laravel/framework/src/Illuminate/Pipeline/Pipeline.php(219): Illuminate/Http/Middleware/HandleCors->handle()
#43 C:/Users/LEONARDO/Desktop/wayna/LOS-BESTIES-Wolf-tank-wayna/wayna_mercado/vendor/laravel/framework/src/Illuminate/Http/Middleware/TrustProxies.php(58): Illuminate/Pipeline/Pipeline->{closure:{closure:Illuminate/Pipeline/Pipeline::carry():194}:195}()
#44 C:/Users/LEONARDO/Desktop/wayna/LOS-BESTIES-Wolf-tank-wayna/wayna_mercado/vendor/laravel/framework/src/Illuminate/Pipeline/Pipeline.php(219): Illuminate/Http/Middleware/TrustProxies->handle()
#45 C:/Users/LEONARDO/Desktop/wayna/LOS-BESTIES-Wolf-tank-wayna/wayna_mercado/vendor/laravel/framework/src/Illuminate/Foundation/Http/Middleware/InvokeDeferredCallbacks.php(22): Illuminate/Pipeline/Pipeline->{closure:{closure:Illuminate/Pipeline/Pipeline::carry():194}:195}()
#46 C:/Users/LEONARDO/Desktop/wayna/LOS-BESTIES-Wolf-tank-wayna/wayna_mercado/vendor/laravel/framework/src/Illuminate/Pipeline/Pipeline.php(219): Illuminate/Foundation/Http/Middleware/InvokeDeferredCallbacks->handle()
#47 C:/Users/LEONARDO/Desktop/wayna/LOS-BESTIES-Wolf-tank-wayna/wayna_mercado/vendor/laravel/framework/src/Illuminate/Http/Middleware/ValidatePathEncoding.php(28): Illuminate/Pipeline/Pipeline->{closure:{closure:Illuminate/Pipeline/Pipeline::carry():194}:195}()
#48 C:/Users/LEONARDO/Desktop/wayna/LOS-BESTIES-Wolf-tank-wayna/wayna_mercado/vendor/laravel/framework/src/Illuminate/Pipeline/Pipeline.php(219): Illuminate/Http/Middleware/ValidatePathEncoding->handle()
#49 C:/Users/LEONARDO/Desktop/wayna/LOS-BESTIES-Wolf-tank-wayna/wayna_mercado/vendor/laravel/framework/src/Illuminate/Pipeline/Pipeline.php(137): Illuminate/Pipeline/Pipeline->{closure:{closure:Illuminate/Pipeline/Pipeline::carry():194}:195}()
#50 C:/Users/LEONARDO/Desktop/wayna/LOS-BESTIES-Wolf-tank-wayna/wayna_mercado/vendor/laravel/framework/src/Illuminate/Foundation/Http/Kernel.php(175): Illuminate/Pipeline/Pipeline->then()
#51 C:/Users/LEONARDO/Desktop/wayna/LOS-BESTIES-Wolf-tank-wayna/wayna_mercado/vendor/laravel/framework/src/Illuminate/Foundation/Http/Kernel.php(144): Illuminate/Foundation/Http/Kernel->sendRequestThroughRouter()
#52 C:/Users/LEONARDO/Desktop/wayna/LOS-BESTIES-Wolf-tank-wayna/wayna_mercado/vendor/laravel/framework/src/Illuminate/Foundation/Application.php(1220): Illuminate/Foundation/Http/Kernel->handle()
#53 C:/Users/LEONARDO/Desktop/wayna/LOS-BESTIES-Wolf-tank-wayna/wayna_mercado/public/index.php(20): Illuminate/Foundation/Application->handleRequest()
#54 C:/Users/LEONARDO/Desktop/wayna/LOS-BESTIES-Wolf-tank-wayna/wayna_mercado/vendor/laravel/framework/src/Illuminate/Foundation/resources/server.php(23): require_once('...')
#55 {main}
"} 
[2026-05-16 05:14:42] local.ERROR: View [auth.login] not found. {"exception":"[object] (InvalidArgumentException(code: 0): View [auth.login] not found. at C:/Users/LEONARDO/Desktop/wayna/LOS-BESTIES-Wolf-tank-wayna/wayna_mercado/vendor/laravel/framework/src/Illuminate/View/FileViewFinder.php:138)
[stacktrace]
#0 C:/Users/LEONARDO/Desktop/wayna/LOS-BESTIES-Wolf-tank-wayna/wayna_mercado/vendor/laravel/framework/src/Illuminate/View/FileViewFinder.php(78): Illuminate/View/FileViewFinder->findInPaths()
#1 C:/Users/LEONARDO/Desktop/wayna/LOS-BESTIES-Wolf-tank-wayna/wayna_mercado/vendor/laravel/framework/src/Illuminate/View/Factory.php(150): Illuminate/View/FileViewFinder->find()
#2 C:/Users/LEONARDO/Desktop/wayna/LOS-BESTIES-Wolf-tank-wayna/wayna_mercado/vendor/laravel/framework/src/Illuminate/Foundation/helpers.php(1100): Illuminate/View/Factory->make()
#3 C:/Users/LEONARDO/Desktop/wayna/LOS-BESTIES-Wolf-tank-wayna/wayna_mercado/routes/web.php(22): view()
#4 C:/Users/LEONARDO/Desktop/wayna/LOS-BESTIES-Wolf-tank-wayna/wayna_mercado/vendor/laravel/framework/src/Illuminate/Routing/CallableDispatcher.php(39): Illuminate/Routing/RouteFileRegistrar->{closure:C:/Users/LEONARDO/Desktop/wayna/LOS-BESTIES-Wolf-tank-wayna/wayna_mercado/routes/web.php:21}()
#5 C:/Users/LEONARDO/Desktop/wayna/LOS-BESTIES-Wolf-tank-wayna/wayna_mercado/vendor/laravel/framework/src/Illuminate/Routing/Route.php(247): Illuminate/Routing/CallableDispatcher->dispatch()
#6 C:/Users/LEONARDO/Desktop/wayna/LOS-BESTIES-Wolf-tank-wayna/wayna_mercado/vendor/laravel/framework/src/Illuminate/Routing/Route.php(218): Illuminate/Routing/Route->runCallable()
#7 C:/Users/LEONARDO/Desktop/wayna/LOS-BESTIES-Wolf-tank-wayna/wayna_mercado/vendor/laravel/framework/src/Illuminate/Routing/Router.php(822): Illuminate/Routing/Route->run()
#8 C:/Users/LEONARDO/Desktop/wayna/LOS-BESTIES-Wolf-tank-wayna/wayna_mercado/vendor/laravel/framework/src/Illuminate/Pipeline/Pipeline.php(180): Illuminate/Routing/Router->{closure:Illuminate/Routing/Router::runRouteWithinStack():821}()
#9 C:/Users/LEONARDO/Desktop/wayna/LOS-BESTIES-Wolf-tank-wayna/wayna_mercado/vendor/laravel/boost/src/Middleware/InjectBoost.php(22): Illuminate/Pipeline/Pipeline->{closure:Illuminate/Pipeline/Pipeline::prepareDestination():178}()
#10 C:/Users/LEONARDO/Desktop/wayna/LOS-BESTIES-Wolf-tank-wayna/wayna_mercado/vendor/laravel/framework/src/Illuminate/Pipeline/Pipeline.php(219): Laravel/Boost/Middleware/InjectBoost->handle()
#11 C:/Users/LEONARDO/Desktop/wayna/LOS-BESTIES-Wolf-tank-wayna/wayna_mercado/vendor/laravel/framework/src/Illuminate/Routing/Middleware/SubstituteBindings.php(52): Illuminate/Pipeline/Pipeline->{closure:{closure:Illuminate/Pipeline/Pipeline::carry():194}:195}()
#12 C:/Users/LEONARDO/Desktop/wayna/LOS-BESTIES-Wolf-tank-wayna/wayna_mercado/vendor/laravel/framework/src/Illuminate/Pipeline/Pipeline.php(219): Illuminate/Routing/Middleware/SubstituteBindings->handle()
#13 C:/Users/LEONARDO/Desktop/wayna/LOS-BESTIES-Wolf-tank-wayna/wayna_mercado/vendor/laravel/framework/src/Illuminate/Foundation/Http/Middleware/PreventRequestForgery.php(104): Illuminate/Pipeline/Pipeline->{closure:{closure:Illuminate/Pipeline/Pipeline::carry():194}:195}()
#14 C:/Users/LEONARDO/Desktop/wayna/LOS-BESTIES-Wolf-tank-wayna/wayna_mercado/vendor/laravel/framework/src/Illuminate/Pipeline/Pipeline.php(219): Illuminate/Foundation/Http/Middleware/PreventRequestForgery->handle()
#15 C:/Users/LEONARDO/Desktop/wayna/LOS-BESTIES-Wolf-tank-wayna/wayna_mercado/vendor/laravel/framework/src/Illuminate/View/Middleware/ShareErrorsFromSession.php(48): Illuminate/Pipeline/Pipeline->{closure:{closure:Illuminate/Pipeline/Pipeline::carry():194}:195}()
#16 C:/Users/LEONARDO/Desktop/wayna/LOS-BESTIES-Wolf-tank-wayna/wayna_mercado/vendor/laravel/framework/src/Illuminate/Pipeline/Pipeline.php(219): Illuminate/View/Middleware/ShareErrorsFromSession->handle()
#17 C:/Users/LEONARDO/Desktop/wayna/LOS-BESTIES-Wolf-tank-wayna/wayna_mercado/vendor/laravel/framework/src/Illuminate/Session/Middleware/StartSession.php(120): Illuminate/Pipeline/Pipeline->{closure:{closure:Illuminate/Pipeline/Pipeline::carry():194}:195}()
#18 C:/Users/LEONARDO/Desktop/wayna/LOS-BESTIES-Wolf-tank-wayna/wayna_mercado/vendor/laravel/framework/src/Illuminate/Session/Middleware/StartSession.php(63): Illuminate/Session/Middleware/StartSession->handleStatefulRequest()
#19 C:/Users/LEONARDO/Desktop/wayna/LOS-BESTIES-Wolf-tank-wayna/wayna_mercado/vendor/laravel/framework/src/Illuminate/Pipeline/Pipeline.php(219): Illuminate/Session/Middleware/StartSession->handle()
#20 C:/Users/LEONARDO/Desktop/wayna/LOS-BESTIES-Wolf-tank-wayna/wayna_mercado/vendor/laravel/framework/src/Illuminate/Cookie/Middleware/AddQueuedCookiesToResponse.php(36): Illuminate/Pipeline/Pipeline->{closure:{closure:Illuminate/Pipeline/Pipeline::carry():194}:195}()
#21 C:/Users/LEONARDO/Desktop/wayna/LOS-BESTIES-Wolf-tank-wayna/wayna_mercado/vendor/laravel/framework/src/Illuminate/Pipeline/Pipeline.php(219): Illuminate/Cookie/Middleware/AddQueuedCookiesToResponse->handle()
#22 C:/Users/LEONARDO/Desktop/wayna/LOS-BESTIES-Wolf-tank-wayna/wayna_mercado/vendor/laravel/framework/src/Illuminate/Cookie/Middleware/EncryptCookies.php(74): Illuminate/Pipeline/Pipeline->{closure:{closure:Illuminate/Pipeline/Pipeline::carry():194}:195}()
#23 C:/Users/LEONARDO/Desktop/wayna/LOS-BESTIES-Wolf-tank-wayna/wayna_mercado/vendor/laravel/framework/src/Illuminate/Pipeline/Pipeline.php(219): Illuminate/Cookie/Middleware/EncryptCookies->handle()
#24 C:/Users/LEONARDO/Desktop/wayna/LOS-BESTIES-Wolf-tank-wayna/wayna_mercado/vendor/laravel/framework/src/Illuminate/Pipeline/Pipeline.php(137): Illuminate/Pipeline/Pipeline->{closure:{closure:Illuminate/Pipeline/Pipeline::carry():194}:195}()
#25 C:/Users/LEONARDO/Desktop/wayna/LOS-BESTIES-Wolf-tank-wayna/wayna_mercado/vendor/laravel/framework/src/Illuminate/Routing/Router.php(821): Illuminate/Pipeline/Pipeline->then()
#26 C:/Users/LEONARDO/Desktop/wayna/LOS-BESTIES-Wolf-tank-wayna/wayna_mercado/vendor/laravel/framework/src/Illuminate/Routing/Router.php(800): Illuminate/Routing/Router->runRouteWithinStack()
#27 C:/Users/LEONARDO/Desktop/wayna/LOS-BESTIES-Wolf-tank-wayna/wayna_mercado/vendor/laravel/framework/src/Illuminate/Routing/Router.php(764): Illuminate/Routing/Router->runRoute()
#28 C:/Users/LEONARDO/Desktop/wayna/LOS-BESTIES-Wolf-tank-wayna/wayna_mercado/vendor/laravel/framework/src/Illuminate/Routing/Router.php(753): Illuminate/Routing/Router->dispatchToRoute()
#29 C:/Users/LEONARDO/Desktop/wayna/LOS-BESTIES-Wolf-tank-wayna/wayna_mercado/vendor/laravel/framework/src/Illuminate/Foundation/Http/Kernel.php(200): Illuminate/Routing/Router->dispatch()
#30 C:/Users/LEONARDO/Desktop/wayna/LOS-BESTIES-Wolf-tank-wayna/wayna_mercado/vendor/laravel/framework/src/Illuminate/Pipeline/Pipeline.php(180): Illuminate/Foundation/Http/Kernel->{closure:Illuminate/Foundation/Http/Kernel::dispatchToRouter():197}()
#31 C:/Users/LEONARDO/Desktop/wayna/LOS-BESTIES-Wolf-tank-wayna/wayna_mercado/vendor/laravel/framework/src/Illuminate/Foundation/Http/Middleware/TransformsRequest.php(21): Illuminate/Pipeline/Pipeline->{closure:Illuminate/Pipeline/Pipeline::prepareDestination():178}()
#32 C:/Users/LEONARDO/Desktop/wayna/LOS-BESTIES-Wolf-tank-wayna/wayna_mercado/vendor/laravel/framework/src/Illuminate/Foundation/Http/Middleware/ConvertEmptyStringsToNull.php(31): Illuminate/Foundation/Http/Middleware/TransformsRequest->handle()
#33 C:/Users/LEONARDO/Desktop/wayna/LOS-BESTIES-Wolf-tank-wayna/wayna_mercado/vendor/laravel/framework/src/Illuminate/Pipeline/Pipeline.php(219): Illuminate/Foundation/Http/Middleware/ConvertEmptyStringsToNull->handle()
#34 C:/Users/LEONARDO/Desktop/wayna/LOS-BESTIES-Wolf-tank-wayna/wayna_mercado/vendor/laravel/framework/src/Illuminate/Foundation/Http/Middleware/TransformsRequest.php(21): Illuminate/Pipeline/Pipeline->{closure:{closure:Illuminate/Pipeline/Pipeline::carry():194}:195}()
#35 C:/Users/LEONARDO/Desktop/wayna/LOS-BESTIES-Wolf-tank-wayna/wayna_mercado/vendor/laravel/framework/src/Illuminate/Foundation/Http/Middleware/TrimStrings.php(51): Illuminate/Foundation/Http/Middleware/TransformsRequest->handle()
#36 C:/Users/LEONARDO/Desktop/wayna/LOS-BESTIES-Wolf-tank-wayna/wayna_mercado/vendor/laravel/framework/src/Illuminate/Pipeline/Pipeline.php(219): Illuminate/Foundation/Http/Middleware/TrimStrings->handle()
#37 C:/Users/LEONARDO/Desktop/wayna/LOS-BESTIES-Wolf-tank-wayna/wayna_mercado/vendor/laravel/framework/src/Illuminate/Http/Middleware/ValidatePostSize.php(27): Illuminate/Pipeline/Pipeline->{closure:{closure:Illuminate/Pipeline/Pipeline::carry():194}:195}()
#38 C:/Users/LEONARDO/Desktop/wayna/LOS-BESTIES-Wolf-tank-wayna/wayna_mercado/vendor/laravel/framework/src/Illuminate/Pipeline/Pipeline.php(219): Illuminate/Http/Middleware/ValidatePostSize->handle()
#39 C:/Users/LEONARDO/Desktop/wayna/LOS-BESTIES-Wolf-tank-wayna/wayna_mercado/vendor/laravel/framework/src/Illuminate/Foundation/Http/Middleware/PreventRequestsDuringMaintenance.php(109): Illuminate/Pipeline/Pipeline->{closure:{closure:Illuminate/Pipeline/Pipeline::carry():194}:195}()
#40 C:/Users/LEONARDO/Desktop/wayna/LOS-BESTIES-Wolf-tank-wayna/wayna_mercado/vendor/laravel/framework/src/Illuminate/Pipeline/Pipeline.php(219): Illuminate/Foundation/Http/Middleware/PreventRequestsDuringMaintenance->handle()
#41 C:/Users/LEONARDO/Desktop/wayna/LOS-BESTIES-Wolf-tank-wayna/wayna_mercado/vendor/laravel/framework/src/Illuminate/Http/Middleware/HandleCors.php(61): Illuminate/Pipeline/Pipeline->{closure:{closure:Illuminate/Pipeline/Pipeline::carry():194}:195}()
#42 C:/Users/LEONARDO/Desktop/wayna/LOS-BESTIES-Wolf-tank-wayna/wayna_mercado/vendor/laravel/framework/src/Illuminate/Pipeline/Pipeline.php(219): Illuminate/Http/Middleware/HandleCors->handle()
#43 C:/Users/LEONARDO/Desktop/wayna/LOS-BESTIES-Wolf-tank-wayna/wayna_mercado/vendor/laravel/framework/src/Illuminate/Http/Middleware/TrustProxies.php(58): Illuminate/Pipeline/Pipeline->{closure:{closure:Illuminate/Pipeline/Pipeline::carry():194}:195}()
#44 C:/Users/LEONARDO/Desktop/wayna/LOS-BESTIES-Wolf-tank-wayna/wayna_mercado/vendor/laravel/framework/src/Illuminate/Pipeline/Pipeline.php(219): Illuminate/Http/Middleware/TrustProxies->handle()
#45 C:/Users/LEONARDO/Desktop/wayna/LOS-BESTIES-Wolf-tank-wayna/wayna_mercado/vendor/laravel/framework/src/Illuminate/Foundation/Http/Middleware/InvokeDeferredCallbacks.php(22): Illuminate/Pipeline/Pipeline->{closure:{closure:Illuminate/Pipeline/Pipeline::carry():194}:195}()
#46 C:/Users/LEONARDO/Desktop/wayna/LOS-BESTIES-Wolf-tank-wayna/wayna_mercado/vendor/laravel/framework/src/Illuminate/Pipeline/Pipeline.php(219): Illuminate/Foundation/Http/Middleware/InvokeDeferredCallbacks->handle()
#47 C:/Users/LEONARDO/Desktop/wayna/LOS-BESTIES-Wolf-tank-wayna/wayna_mercado/vendor/laravel/framework/src/Illuminate/Http/Middleware/ValidatePathEncoding.php(28): Illuminate/Pipeline/Pipeline->{closure:{closure:Illuminate/Pipeline/Pipeline::carry():194}:195}()
#48 C:/Users/LEONARDO/Desktop/wayna/LOS-BESTIES-Wolf-tank-wayna/wayna_mercado/vendor/laravel/framework/src/Illuminate/Pipeline/Pipeline.php(219): Illuminate/Http/Middleware/ValidatePathEncoding->handle()
#49 C:/Users/LEONARDO/Desktop/wayna/LOS-BESTIES-Wolf-tank-wayna/wayna_mercado/vendor/laravel/framework/src/Illuminate/Pipeline/Pipeline.php(137): Illuminate/Pipeline/Pipeline->{closure:{closure:Illuminate/Pipeline/Pipeline::carry():194}:195}()
#50 C:/Users/LEONARDO/Desktop/wayna/LOS-BESTIES-Wolf-tank-wayna/wayna_mercado/vendor/laravel/framework/src/Illuminate/Foundation/Http/Kernel.php(175): Illuminate/Pipeline/Pipeline->then()
#51 C:/Users/LEONARDO/Desktop/wayna/LOS-BESTIES-Wolf-tank-wayna/wayna_mercado/vendor/laravel/framework/src/Illuminate/Foundation/Http/Kernel.php(144): Illuminate/Foundation/Http/Kernel->sendRequestThroughRouter()
#52 C:/Users/LEONARDO/Desktop/wayna/LOS-BESTIES-Wolf-tank-wayna/wayna_mercado/vendor/laravel/framework/src/Illuminate/Foundation/Application.php(1220): Illuminate/Foundation/Http/Kernel->handle()
#53 C:/Users/LEONARDO/Desktop/wayna/LOS-BESTIES-Wolf-tank-wayna/wayna_mercado/public/index.php(20): Illuminate/Foundation/Application->handleRequest()
#54 C:/Users/LEONARDO/Desktop/wayna/LOS-BESTIES-Wolf-tank-wayna/wayna_mercado/vendor/laravel/framework/src/Illuminate/Foundation/resources/server.php(23): require_once('...')
#55 {main}
"} 
[2026-05-16 05:15:56] local.ERROR: View [auth.register-emprendedor] not found. {"exception":"[object] (InvalidArgumentException(code: 0): View [auth.register-emprendedor] not found. at C:/Users/LEONARDO/Desktop/wayna/LOS-BESTIES-Wolf-tank-wayna/wayna_mercado/vendor/laravel/framework/src/Illuminate/View/FileViewFinder.php:138)
[stacktrace]
#0 C:/Users/LEONARDO/Desktop/wayna/LOS-BESTIES-Wolf-tank-wayna/wayna_mercado/vendor/laravel/framework/src/Illuminate/View/FileViewFinder.php(78): Illuminate/View/FileViewFinder->findInPaths()
#1 C:/Users/LEONARDO/Desktop/wayna/LOS-BESTIES-Wolf-tank-wayna/wayna_mercado/vendor/laravel/framework/src/Illuminate/View/Factory.php(150): Illuminate/View/FileViewFinder->find()
#2 C:/Users/LEONARDO/Desktop/wayna/LOS-BESTIES-Wolf-tank-wayna/wayna_mercado/vendor/laravel/framework/src/Illuminate/Foundation/helpers.php(1100): Illuminate/View/Factory->make()
#3 C:/Users/LEONARDO/Desktop/wayna/LOS-BESTIES-Wolf-tank-wayna/wayna_mercado/routes/web.php(12): view()
#4 C:/Users/LEONARDO/Desktop/wayna/LOS-BESTIES-Wolf-tank-wayna/wayna_mercado/vendor/laravel/framework/src/Illuminate/Routing/CallableDispatcher.php(39): Illuminate/Routing/RouteFileRegistrar->{closure:C:/Users/LEONARDO/Desktop/wayna/LOS-BESTIES-Wolf-tank-wayna/wayna_mercado/routes/web.php:11}()
#5 C:/Users/LEONARDO/Desktop/wayna/LOS-BESTIES-Wolf-tank-wayna/wayna_mercado/vendor/laravel/framework/src/Illuminate/Routing/Route.php(247): Illuminate/Routing/CallableDispatcher->dispatch()
#6 C:/Users/LEONARDO/Desktop/wayna/LOS-BESTIES-Wolf-tank-wayna/wayna_mercado/vendor/laravel/framework/src/Illuminate/Routing/Route.php(218): Illuminate/Routing/Route->runCallable()
#7 C:/Users/LEONARDO/Desktop/wayna/LOS-BESTIES-Wolf-tank-wayna/wayna_mercado/vendor/laravel/framework/src/Illuminate/Routing/Router.php(822): Illuminate/Routing/Route->run()
#8 C:/Users/LEONARDO/Desktop/wayna/LOS-BESTIES-Wolf-tank-wayna/wayna_mercado/vendor/laravel/framework/src/Illuminate/Pipeline/Pipeline.php(180): Illuminate/Routing/Router->{closure:Illuminate/Routing/Router::runRouteWithinStack():821}()
#9 C:/Users/LEONARDO/Desktop/wayna/LOS-BESTIES-Wolf-tank-wayna/wayna_mercado/vendor/laravel/boost/src/Middleware/InjectBoost.php(22): Illuminate/Pipeline/Pipeline->{closure:Illuminate/Pipeline/Pipeline::prepareDestination():178}()
#10 C:/Users/LEONARDO/Desktop/wayna/LOS-BESTIES-Wolf-tank-wayna/wayna_mercado/vendor/laravel/framework/src/Illuminate/Pipeline/Pipeline.php(219): Laravel/Boost/Middleware/InjectBoost->handle()
#11 C:/Users/LEONARDO/Desktop/wayna/LOS-BESTIES-Wolf-tank-wayna/wayna_mercado/vendor/laravel/framework/src/Illuminate/Routing/Middleware/SubstituteBindings.php(52): Illuminate/Pipeline/Pipeline->{closure:{closure:Illuminate/Pipeline/Pipeline::carry():194}:195}()
#12 C:/Users/LEONARDO/Desktop/wayna/LOS-BESTIES-Wolf-tank-wayna/wayna_mercado/vendor/laravel/framework/src/Illuminate/Pipeline/Pipeline.php(219): Illuminate/Routing/Middleware/SubstituteBindings->handle()
#13 C:/Users/LEONARDO/Desktop/wayna/LOS-BESTIES-Wolf-tank-wayna/wayna_mercado/vendor/laravel/framework/src/Illuminate/Foundation/Http/Middleware/PreventRequestForgery.php(104): Illuminate/Pipeline/Pipeline->{closure:{closure:Illuminate/Pipeline/Pipeline::carry():194}:195}()
#14 C:/Users/LEONARDO/Desktop/wayna/LOS-BESTIES-Wolf-tank-wayna/wayna_mercado/vendor/laravel/framework/src/Illuminate/Pipeline/Pipeline.php(219): Illuminate/Foundation/Http/Middleware/PreventRequestForgery->handle()
#15 C:/Users/LEONARDO/Desktop/wayna/LOS-BESTIES-Wolf-tank-wayna/wayna_mercado/vendor/laravel/framework/src/Illuminate/View/Middleware/ShareErrorsFromSession.php(48): Illuminate/Pipeline/Pipeline->{closure:{closure:Illuminate/Pipeline/Pipeline::carry():194}:195}()
#16 C:/Users/LEONARDO/Desktop/wayna/LOS-BESTIES-Wolf-tank-wayna/wayna_mercado/vendor/laravel/framework/src/Illuminate/Pipeline/Pipeline.php(219): Illuminate/View/Middleware/ShareErrorsFromSession->handle()
#17 C:/Users/LEONARDO/Desktop/wayna/LOS-BESTIES-Wolf-tank-wayna/wayna_mercado/vendor/laravel/framework/src/Illuminate/Session/Middleware/StartSession.php(120): Illuminate/Pipeline/Pipeline->{closure:{closure:Illuminate/Pipeline/Pipeline::carry():194}:195}()
#18 C:/Users/LEONARDO/Desktop/wayna/LOS-BESTIES-Wolf-tank-wayna/wayna_mercado/vendor/laravel/framework/src/Illuminate/Session/Middleware/StartSession.php(63): Illuminate/Session/Middleware/StartSession->handleStatefulRequest()
#19 C:/Users/LEONARDO/Desktop/wayna/LOS-BESTIES-Wolf-tank-wayna/wayna_mercado/vendor/laravel/framework/src/Illuminate/Pipeline/Pipeline.php(219): Illuminate/Session/Middleware/StartSession->handle()
#20 C:/Users/LEONARDO/Desktop/wayna/LOS-BESTIES-Wolf-tank-wayna/wayna_mercado/vendor/laravel/framework/src/Illuminate/Cookie/Middleware/AddQueuedCookiesToResponse.php(36): Illuminate/Pipeline/Pipeline->{closure:{closure:Illuminate/Pipeline/Pipeline::carry():194}:195}()
#21 C:/Users/LEONARDO/Desktop/wayna/LOS-BESTIES-Wolf-tank-wayna/wayna_mercado/vendor/laravel/framework/src/Illuminate/Pipeline/Pipeline.php(219): Illuminate/Cookie/Middleware/AddQueuedCookiesToResponse->handle()
#22 C:/Users/LEONARDO/Desktop/wayna/LOS-BESTIES-Wolf-tank-wayna/wayna_mercado/vendor/laravel/framework/src/Illuminate/Cookie/Middleware/EncryptCookies.php(74): Illuminate/Pipeline/Pipeline->{closure:{closure:Illuminate/Pipeline/Pipeline::carry():194}:195}()
#23 C:/Users/LEONARDO/Desktop/wayna/LOS-BESTIES-Wolf-tank-wayna/wayna_mercado/vendor/laravel/framework/src/Illuminate/Pipeline/Pipeline.php(219): Illuminate/Cookie/Middleware/EncryptCookies->handle()
#24 C:/Users/LEONARDO/Desktop/wayna/LOS-BESTIES-Wolf-tank-wayna/wayna_mercado/vendor/laravel/framework/src/Illuminate/Pipeline/Pipeline.php(137): Illuminate/Pipeline/Pipeline->{closure:{closure:Illuminate/Pipeline/Pipeline::carry():194}:195}()
#25 C:/Users/LEONARDO/Desktop/wayna/LOS-BESTIES-Wolf-tank-wayna/wayna_mercado/vendor/laravel/framework/src/Illuminate/Routing/Router.php(821): Illuminate/Pipeline/Pipeline->then()
#26 C:/Users/LEONARDO/Desktop/wayna/LOS-BESTIES-Wolf-tank-wayna/wayna_mercado/vendor/laravel/framework/src/Illuminate/Routing/Router.php(800): Illuminate/Routing/Router->runRouteWithinStack()
#27 C:/Users/LEONARDO/Desktop/wayna/LOS-BESTIES-Wolf-tank-wayna/wayna_mercado/vendor/laravel/framework/src/Illuminate/Routing/Router.php(764): Illuminate/Routing/Router->runRoute()
#28 C:/Users/LEONARDO/Desktop/wayna/LOS-BESTIES-Wolf-tank-wayna/wayna_mercado/vendor/laravel/framework/src/Illuminate/Routing/Router.php(753): Illuminate/Routing/Router->dispatchToRoute()
#29 C:/Users/LEONARDO/Desktop/wayna/LOS-BESTIES-Wolf-tank-wayna/wayna_mercado/vendor/laravel/framework/src/Illuminate/Foundation/Http/Kernel.php(200): Illuminate/Routing/Router->dispatch()
#30 C:/Users/LEONARDO/Desktop/wayna/LOS-BESTIES-Wolf-tank-wayna/wayna_mercado/vendor/laravel/framework/src/Illuminate/Pipeline/Pipeline.php(180): Illuminate/Foundation/Http/Kernel->{closure:Illuminate/Foundation/Http/Kernel::dispatchToRouter():197}()
#31 C:/Users/LEONARDO/Desktop/wayna/LOS-BESTIES-Wolf-tank-wayna/wayna_mercado/vendor/laravel/framework/src/Illuminate/Foundation/Http/Middleware/TransformsRequest.php(21): Illuminate/Pipeline/Pipeline->{closure:Illuminate/Pipeline/Pipeline::prepareDestination():178}()
#32 C:/Users/LEONARDO/Desktop/wayna/LOS-BESTIES-Wolf-tank-wayna/wayna_mercado/vendor/laravel/framework/src/Illuminate/Foundation/Http/Middleware/ConvertEmptyStringsToNull.php(31): Illuminate/Foundation/Http/Middleware/TransformsRequest->handle()
#33 C:/Users/LEONARDO/Desktop/wayna/LOS-BESTIES-Wolf-tank-wayna/wayna_mercado/vendor/laravel/framework/src/Illuminate/Pipeline/Pipeline.php(219): Illuminate/Foundation/Http/Middleware/ConvertEmptyStringsToNull->handle()
#34 C:/Users/LEONARDO/Desktop/wayna/LOS-BESTIES-Wolf-tank-wayna/wayna_mercado/vendor/laravel/framework/src/Illuminate/Foundation/Http/Middleware/TransformsRequest.php(21): Illuminate/Pipeline/Pipeline->{closure:{closure:Illuminate/Pipeline/Pipeline::carry():194}:195}()
#35 C:/Users/LEONARDO/Desktop/wayna/LOS-BESTIES-Wolf-tank-wayna/wayna_mercado/vendor/laravel/framework/src/Illuminate/Foundation/Http/Middleware/TrimStrings.php(51): Illuminate/Foundation/Http/Middleware/TransformsRequest->handle()
#36 C:/Users/LEONARDO/Desktop/wayna/LOS-BESTIES-Wolf-tank-wayna/wayna_mercado/vendor/laravel/framework/src/Illuminate/Pipeline/Pipeline.php(219): Illuminate/Foundation/Http/Middleware/TrimStrings->handle()
#37 C:/Users/LEONARDO/Desktop/wayna/LOS-BESTIES-Wolf-tank-wayna/wayna_mercado/vendor/laravel/framework/src/Illuminate/Http/Middleware/ValidatePostSize.php(27): Illuminate/Pipeline/Pipeline->{closure:{closure:Illuminate/Pipeline/Pipeline::carry():194}:195}()
#38 C:/Users/LEONARDO/Desktop/wayna/LOS-BESTIES-Wolf-tank-wayna/wayna_mercado/vendor/laravel/framework/src/Illuminate/Pipeline/Pipeline.php(219): Illuminate/Http/Middleware/ValidatePostSize->handle()
#39 C:/Users/LEONARDO/Desktop/wayna/LOS-BESTIES-Wolf-tank-wayna/wayna_mercado/vendor/laravel/framework/src/Illuminate/Foundation/Http/Middleware/PreventRequestsDuringMaintenance.php(109): Illuminate/Pipeline/Pipeline->{closure:{closure:Illuminate/Pipeline/Pipeline::carry():194}:195}()
#40 C:/Users/LEONARDO/Desktop/wayna/LOS-BESTIES-Wolf-tank-wayna/wayna_mercado/vendor/laravel/framework/src/Illuminate/Pipeline/Pipeline.php(219): Illuminate/Foundation/Http/Middleware/PreventRequestsDuringMaintenance->handle()
#41 C:/Users/LEONARDO/Desktop/wayna/LOS-BESTIES-Wolf-tank-wayna/wayna_mercado/vendor/laravel/framework/src/Illuminate/Http/Middleware/HandleCors.php(61): Illuminate/Pipeline/Pipeline->{closure:{closure:Illuminate/Pipeline/Pipeline::carry():194}:195}()
#42 C:/Users/LEONARDO/Desktop/wayna/LOS-BESTIES-Wolf-tank-wayna/wayna_mercado/vendor/laravel/framework/src/Illuminate/Pipeline/Pipeline.php(219): Illuminate/Http/Middleware/HandleCors->handle()
#43 C:/Users/LEONARDO/Desktop/wayna/LOS-BESTIES-Wolf-tank-wayna/wayna_mercado/vendor/laravel/framework/src/Illuminate/Http/Middleware/TrustProxies.php(58): Illuminate/Pipeline/Pipeline->{closure:{closure:Illuminate/Pipeline/Pipeline::carry():194}:195}()
#44 C:/Users/LEONARDO/Desktop/wayna/LOS-BESTIES-Wolf-tank-wayna/wayna_mercado/vendor/laravel/framework/src/Illuminate/Pipeline/Pipeline.php(219): Illuminate/Http/Middleware/TrustProxies->handle()
#45 C:/Users/LEONARDO/Desktop/wayna/LOS-BESTIES-Wolf-tank-wayna/wayna_mercado/vendor/laravel/framework/src/Illuminate/Foundation/Http/Middleware/InvokeDeferredCallbacks.php(22): Illuminate/Pipeline/Pipeline->{closure:{closure:Illuminate/Pipeline/Pipeline::carry():194}:195}()
#46 C:/Users/LEONARDO/Desktop/wayna/LOS-BESTIES-Wolf-tank-wayna/wayna_mercado/vendor/laravel/framework/src/Illuminate/Pipeline/Pipeline.php(219): Illuminate/Foundation/Http/Middleware/InvokeDeferredCallbacks->handle()
#47 C:/Users/LEONARDO/Desktop/wayna/LOS-BESTIES-Wolf-tank-wayna/wayna_mercado/vendor/laravel/framework/src/Illuminate/Http/Middleware/ValidatePathEncoding.php(28): Illuminate/Pipeline/Pipeline->{closure:{closure:Illuminate/Pipeline/Pipeline::carry():194}:195}()
#48 C:/Users/LEONARDO/Desktop/wayna/LOS-BESTIES-Wolf-tank-wayna/wayna_mercado/vendor/laravel/framework/src/Illuminate/Pipeline/Pipeline.php(219): Illuminate/Http/Middleware/ValidatePathEncoding->handle()
#49 C:/Users/LEONARDO/Desktop/wayna/LOS-BESTIES-Wolf-tank-wayna/wayna_mercado/vendor/laravel/framework/src/Illuminate/Pipeline/Pipeline.php(137): Illuminate/Pipeline/Pipeline->{closure:{closure:Illuminate/Pipeline/Pipeline::carry():194}:195}()
#50 C:/Users/LEONARDO/Desktop/wayna/LOS-BESTIES-Wolf-tank-wayna/wayna_mercado/vendor/laravel/framework/src/Illuminate/Foundation/Http/Kernel.php(175): Illuminate/Pipeline/Pipeline->then()
#51 C:/Users/LEONARDO/Desktop/wayna/LOS-BESTIES-Wolf-tank-wayna/wayna_mercado/vendor/laravel/framework/src/Illuminate/Foundation/Http/Kernel.php(144): Illuminate/Foundation/Http/Kernel->sendRequestThroughRouter()
#52 C:/Users/LEONARDO/Desktop/wayna/LOS-BESTIES-Wolf-tank-wayna/wayna_mercado/vendor/laravel/framework/src/Illuminate/Foundation/Application.php(1220): Illuminate/Foundation/Http/Kernel->handle()
#53 C:/Users/LEONARDO/Desktop/wayna/LOS-BESTIES-Wolf-tank-wayna/wayna_mercado/public/index.php(20): Illuminate/Foundation/Application->handleRequest()
#54 C:/Users/LEONARDO/Desktop/wayna/LOS-BESTIES-Wolf-tank-wayna/wayna_mercado/vendor/laravel/framework/src/Illuminate/Foundation/resources/server.php(23): require_once('...')
#55 {main}
"} 
[2026-05-16 05:16:02] local.ERROR: View [auth.login] not found. {"exception":"[object] (InvalidArgumentException(code: 0): View [auth.login] not found. at C:/Users/LEONARDO/Desktop/wayna/LOS-BESTIES-Wolf-tank-wayna/wayna_mercado/vendor/laravel/framework/src/Illuminate/View/FileViewFinder.php:138)
[stacktrace]
#0 C:/Users/LEONARDO/Desktop/wayna/LOS-BESTIES-Wolf-tank-wayna/wayna_mercado/vendor/laravel/framework/src/Illuminate/View/FileViewFinder.php(78): Illuminate/View/FileViewFinder->findInPaths()
#1 C:/Users/LEONARDO/Desktop/wayna/LOS-BESTIES-Wolf-tank-wayna/wayna_mercado/vendor/laravel/framework/src/Illuminate/View/Factory.php(150): Illuminate/View/FileViewFinder->find()
#2 C:/Users/LEONARDO/Desktop/wayna/LOS-BESTIES-Wolf-tank-wayna/wayna_mercado/vendor/laravel/framework/src/Illuminate/Foundation/helpers.php(1100): Illuminate/View/Factory->make()
#3 C:/Users/LEONARDO/Desktop/wayna/LOS-BESTIES-Wolf-tank-wayna/wayna_mercado/routes/web.php(22): view()
#4 C:/Users/LEONARDO/Desktop/wayna/LOS-BESTIES-Wolf-tank-wayna/wayna_mercado/vendor/laravel/framework/src/Illuminate/Routing/CallableDispatcher.php(39): Illuminate/Routing/RouteFileRegistrar->{closure:C:/Users/LEONARDO/Desktop/wayna/LOS-BESTIES-Wolf-tank-wayna/wayna_mercado/routes/web.php:21}()
#5 C:/Users/LEONARDO/Desktop/wayna/LOS-BESTIES-Wolf-tank-wayna/wayna_mercado/vendor/laravel/framework/src/Illuminate/Routing/Route.php(247): Illuminate/Routing/CallableDispatcher->dispatch()
#6 C:/Users/LEONARDO/Desktop/wayna/LOS-BESTIES-Wolf-tank-wayna/wayna_mercado/vendor/laravel/framework/src/Illuminate/Routing/Route.php(218): Illuminate/Routing/Route->runCallable()
#7 C:/Users/LEONARDO/Desktop/wayna/LOS-BESTIES-Wolf-tank-wayna/wayna_mercado/vendor/laravel/framework/src/Illuminate/Routing/Router.php(822): Illuminate/Routing/Route->run()
#8 C:/Users/LEONARDO/Desktop/wayna/LOS-BESTIES-Wolf-tank-wayna/wayna_mercado/vendor/laravel/framework/src/Illuminate/Pipeline/Pipeline.php(180): Illuminate/Routing/Router->{closure:Illuminate/Routing/Router::runRouteWithinStack():821}()
#9 C:/Users/LEONARDO/Desktop/wayna/LOS-BESTIES-Wolf-tank-wayna/wayna_mercado/vendor/laravel/boost/src/Middleware/InjectBoost.php(22): Illuminate/Pipeline/Pipeline->{closure:Illuminate/Pipeline/Pipeline::prepareDestination():178}()
#10 C:/Users/LEONARDO/Desktop/wayna/LOS-BESTIES-Wolf-tank-wayna/wayna_mercado/vendor/laravel/framework/src/Illuminate/Pipeline/Pipeline.php(219): Laravel/Boost/Middleware/InjectBoost->handle()
#11 C:/Users/LEONARDO/Desktop/wayna/LOS-BESTIES-Wolf-tank-wayna/wayna_mercado/vendor/laravel/framework/src/Illuminate/Routing/Middleware/SubstituteBindings.php(52): Illuminate/Pipeline/Pipeline->{closure:{closure:Illuminate/Pipeline/Pipeline::carry():194}:195}()
#12 C:/Users/LEONARDO/Desktop/wayna/LOS-BESTIES-Wolf-tank-wayna/wayna_mercado/vendor/laravel/framework/src/Illuminate/Pipeline/Pipeline.php(219): Illuminate/Routing/Middleware/SubstituteBindings->handle()
#13 C:/Users/LEONARDO/Desktop/wayna/LOS-BESTIES-Wolf-tank-wayna/wayna_mercado/vendor/laravel/framework/src/Illuminate/Foundation/Http/Middleware/PreventRequestForgery.php(104): Illuminate/Pipeline/Pipeline->{closure:{closure:Illuminate/Pipeline/Pipeline::carry():194}:195}()
#14 C:/Users/LEONARDO/Desktop/wayna/LOS-BESTIES-Wolf-tank-wayna/wayna_mercado/vendor/laravel/framework/src/Illuminate/Pipeline/Pipeline.php(219): Illuminate/Foundation/Http/Middleware/PreventRequestForgery->handle()
#15 C:/Users/LEONARDO/Desktop/wayna/LOS-BESTIES-Wolf-tank-wayna/wayna_mercado/vendor/laravel/framework/src/Illuminate/View/Middleware/ShareErrorsFromSession.php(48): Illuminate/Pipeline/Pipeline->{closure:{closure:Illuminate/Pipeline/Pipeline::carry():194}:195}()
#16 C:/Users/LEONARDO/Desktop/wayna/LOS-BESTIES-Wolf-tank-wayna/wayna_mercado/vendor/laravel/framework/src/Illuminate/Pipeline/Pipeline.php(219): Illuminate/View/Middleware/ShareErrorsFromSession->handle()
#17 C:/Users/LEONARDO/Desktop/wayna/LOS-BESTIES-Wolf-tank-wayna/wayna_mercado/vendor/laravel/framework/src/Illuminate/Session/Middleware/StartSession.php(120): Illuminate/Pipeline/Pipeline->{closure:{closure:Illuminate/Pipeline/Pipeline::carry():194}:195}()
#18 C:/Users/LEONARDO/Desktop/wayna/LOS-BESTIES-Wolf-tank-wayna/wayna_mercado/vendor/laravel/framework/src/Illuminate/Session/Middleware/StartSession.php(63): Illuminate/Session/Middleware/StartSession->handleStatefulRequest()
#19 C:/Users/LEONARDO/Desktop/wayna/LOS-BESTIES-Wolf-tank-wayna/wayna_mercado/vendor/laravel/framework/src/Illuminate/Pipeline/Pipeline.php(219): Illuminate/Session/Middleware/StartSession->handle()
#20 C:/Users/LEONARDO/Desktop/wayna/LOS-BESTIES-Wolf-tank-wayna/wayna_mercado/vendor/laravel/framework/src/Illuminate/Cookie/Middleware/AddQueuedCookiesToResponse.php(36): Illuminate/Pipeline/Pipeline->{closure:{closure:Illuminate/Pipeline/Pipeline::carry():194}:195}()
#21 C:/Users/LEONARDO/Desktop/wayna/LOS-BESTIES-Wolf-tank-wayna/wayna_mercado/vendor/laravel/framework/src/Illuminate/Pipeline/Pipeline.php(219): Illuminate/Cookie/Middleware/AddQueuedCookiesToResponse->handle()
#22 C:/Users/LEONARDO/Desktop/wayna/LOS-BESTIES-Wolf-tank-wayna/wayna_mercado/vendor/laravel/framework/src/Illuminate/Cookie/Middleware/EncryptCookies.php(74): Illuminate/Pipeline/Pipeline->{closure:{closure:Illuminate/Pipeline/Pipeline::carry():194}:195}()
#23 C:/Users/LEONARDO/Desktop/wayna/LOS-BESTIES-Wolf-tank-wayna/wayna_mercado/vendor/laravel/framework/src/Illuminate/Pipeline/Pipeline.php(219): Illuminate/Cookie/Middleware/EncryptCookies->handle()
#24 C:/Users/LEONARDO/Desktop/wayna/LOS-BESTIES-Wolf-tank-wayna/wayna_mercado/vendor/laravel/framework/src/Illuminate/Pipeline/Pipeline.php(137): Illuminate/Pipeline/Pipeline->{closure:{closure:Illuminate/Pipeline/Pipeline::carry():194}:195}()
#25 C:/Users/LEONARDO/Desktop/wayna/LOS-BESTIES-Wolf-tank-wayna/wayna_mercado/vendor/laravel/framework/src/Illuminate/Routing/Router.php(821): Illuminate/Pipeline/Pipeline->then()
#26 C:/Users/LEONARDO/Desktop/wayna/LOS-BESTIES-Wolf-tank-wayna/wayna_mercado/vendor/laravel/framework/src/Illuminate/Routing/Router.php(800): Illuminate/Routing/Router->runRouteWithinStack()
#27 C:/Users/LEONARDO/Desktop/wayna/LOS-BESTIES-Wolf-tank-wayna/wayna_mercado/vendor/laravel/framework/src/Illuminate/Routing/Router.php(764): Illuminate/Routing/Router->runRoute()
#28 C:/Users/LEONARDO/Desktop/wayna/LOS-BESTIES-Wolf-tank-wayna/wayna_mercado/vendor/laravel/framework/src/Illuminate/Routing/Router.php(753): Illuminate/Routing/Router->dispatchToRoute()
#29 C:/Users/LEONARDO/Desktop/wayna/LOS-BESTIES-Wolf-tank-wayna/wayna_mercado/vendor/laravel/framework/src/Illuminate/Foundation/Http/Kernel.php(200): Illuminate/Routing/Router->dispatch()
#30 C:/Users/LEONARDO/Desktop/wayna/LOS-BESTIES-Wolf-tank-wayna/wayna_mercado/vendor/laravel/framework/src/Illuminate/Pipeline/Pipeline.php(180): Illuminate/Foundation/Http/Kernel->{closure:Illuminate/Foundation/Http/Kernel::dispatchToRouter():197}()
#31 C:/Users/LEONARDO/Desktop/wayna/LOS-BESTIES-Wolf-tank-wayna/wayna_mercado/vendor/laravel/framework/src/Illuminate/Foundation/Http/Middleware/TransformsRequest.php(21): Illuminate/Pipeline/Pipeline->{closure:Illuminate/Pipeline/Pipeline::prepareDestination():178}()
#32 C:/Users/LEONARDO/Desktop/wayna/LOS-BESTIES-Wolf-tank-wayna/wayna_mercado/vendor/laravel/framework/src/Illuminate/Foundation/Http/Middleware/ConvertEmptyStringsToNull.php(31): Illuminate/Foundation/Http/Middleware/TransformsRequest->handle()
#33 C:/Users/LEONARDO/Desktop/wayna/LOS-BESTIES-Wolf-tank-wayna/wayna_mercado/vendor/laravel/framework/src/Illuminate/Pipeline/Pipeline.php(219): Illuminate/Foundation/Http/Middleware/ConvertEmptyStringsToNull->handle()
#34 C:/Users/LEONARDO/Desktop/wayna/LOS-BESTIES-Wolf-tank-wayna/wayna_mercado/vendor/laravel/framework/src/Illuminate/Foundation/Http/Middleware/TransformsRequest.php(21): Illuminate/Pipeline/Pipeline->{closure:{closure:Illuminate/Pipeline/Pipeline::carry():194}:195}()
#35 C:/Users/LEONARDO/Desktop/wayna/LOS-BESTIES-Wolf-tank-wayna/wayna_mercado/vendor/laravel/framework/src/Illuminate/Foundation/Http/Middleware/TrimStrings.php(51): Illuminate/Foundation/Http/Middleware/TransformsRequest->handle()
#36 C:/Users/LEONARDO/Desktop/wayna/LOS-BESTIES-Wolf-tank-wayna/wayna_mercado/vendor/laravel/framework/src/Illuminate/Pipeline/Pipeline.php(219): Illuminate/Foundation/Http/Middleware/TrimStrings->handle()
#37 C:/Users/LEONARDO/Desktop/wayna/LOS-BESTIES-Wolf-tank-wayna/wayna_mercado/vendor/laravel/framework/src/Illuminate/Http/Middleware/ValidatePostSize.php(27): Illuminate/Pipeline/Pipeline->{closure:{closure:Illuminate/Pipeline/Pipeline::carry():194}:195}()
#38 C:/Users/LEONARDO/Desktop/wayna/LOS-BESTIES-Wolf-tank-wayna/wayna_mercado/vendor/laravel/framework/src/Illuminate/Pipeline/Pipeline.php(219): Illuminate/Http/Middleware/ValidatePostSize->handle()
#39 C:/Users/LEONARDO/Desktop/wayna/LOS-BESTIES-Wolf-tank-wayna/wayna_mercado/vendor/laravel/framework/src/Illuminate/Foundation/Http/Middleware/PreventRequestsDuringMaintenance.php(109): Illuminate/Pipeline/Pipeline->{closure:{closure:Illuminate/Pipeline/Pipeline::carry():194}:195}()
#40 C:/Users/LEONARDO/Desktop/wayna/LOS-BESTIES-Wolf-tank-wayna/wayna_mercado/vendor/laravel/framework/src/Illuminate/Pipeline/Pipeline.php(219): Illuminate/Foundation/Http/Middleware/PreventRequestsDuringMaintenance->handle()
#41 C:/Users/LEONARDO/Desktop/wayna/LOS-BESTIES-Wolf-tank-wayna/wayna_mercado/vendor/laravel/framework/src/Illuminate/Http/Middleware/HandleCors.php(61): Illuminate/Pipeline/Pipeline->{closure:{closure:Illuminate/Pipeline/Pipeline::carry():194}:195}()
#42 C:/Users/LEONARDO/Desktop/wayna/LOS-BESTIES-Wolf-tank-wayna/wayna_mercado/vendor/laravel/framework/src/Illuminate/Pipeline/Pipeline.php(219): Illuminate/Http/Middleware/HandleCors->handle()
#43 C:/Users/LEONARDO/Desktop/wayna/LOS-BESTIES-Wolf-tank-wayna/wayna_mercado/vendor/laravel/framework/src/Illuminate/Http/Middleware/TrustProxies.php(58): Illuminate/Pipeline/Pipeline->{closure:{closure:Illuminate/Pipeline/Pipeline::carry():194}:195}()
#44 C:/Users/LEONARDO/Desktop/wayna/LOS-BESTIES-Wolf-tank-wayna/wayna_mercado/vendor/laravel/framework/src/Illuminate/Pipeline/Pipeline.php(219): Illuminate/Http/Middleware/TrustProxies->handle()
#45 C:/Users/LEONARDO/Desktop/wayna/LOS-BESTIES-Wolf-tank-wayna/wayna_mercado/vendor/laravel/framework/src/Illuminate/Foundation/Http/Middleware/InvokeDeferredCallbacks.php(22): Illuminate/Pipeline/Pipeline->{closure:{closure:Illuminate/Pipeline/Pipeline::carry():194}:195}()
#46 C:/Users/LEONARDO/Desktop/wayna/LOS-BESTIES-Wolf-tank-wayna/wayna_mercado/vendor/laravel/framework/src/Illuminate/Pipeline/Pipeline.php(219): Illuminate/Foundation/Http/Middleware/InvokeDeferredCallbacks->handle()
#47 C:/Users/LEONARDO/Desktop/wayna/LOS-BESTIES-Wolf-tank-wayna/wayna_mercado/vendor/laravel/framework/src/Illuminate/Http/Middleware/ValidatePathEncoding.php(28): Illuminate/Pipeline/Pipeline->{closure:{closure:Illuminate/Pipeline/Pipeline::carry():194}:195}()
#48 C:/Users/LEONARDO/Desktop/wayna/LOS-BESTIES-Wolf-tank-wayna/wayna_mercado/vendor/laravel/framework/src/Illuminate/Pipeline/Pipeline.php(219): Illuminate/Http/Middleware/ValidatePathEncoding->handle()
#49 C:/Users/LEONARDO/Desktop/wayna/LOS-BESTIES-Wolf-tank-wayna/wayna_mercado/vendor/laravel/framework/src/Illuminate/Pipeline/Pipeline.php(137): Illuminate/Pipeline/Pipeline->{closure:{closure:Illuminate/Pipeline/Pipeline::carry():194}:195}()
#50 C:/Users/LEONARDO/Desktop/wayna/LOS-BESTIES-Wolf-tank-wayna/wayna_mercado/vendor/laravel/framework/src/Illuminate/Foundation/Http/Kernel.php(175): Illuminate/Pipeline/Pipeline->then()
#51 C:/Users/LEONARDO/Desktop/wayna/LOS-BESTIES-Wolf-tank-wayna/wayna_mercado/vendor/laravel/framework/src/Illuminate/Foundation/Http/Kernel.php(144): Illuminate/Foundation/Http/Kernel->sendRequestThroughRouter()
#52 C:/Users/LEONARDO/Desktop/wayna/LOS-BESTIES-Wolf-tank-wayna/wayna_mercado/vendor/laravel/framework/src/Illuminate/Foundation/Application.php(1220): Illuminate/Foundation/Http/Kernel->handle()
#53 C:/Users/LEONARDO/Desktop/wayna/LOS-BESTIES-Wolf-tank-wayna/wayna_mercado/public/index.php(20): Illuminate/Foundation/Application->handleRequest()
#54 C:/Users/LEONARDO/Desktop/wayna/LOS-BESTIES-Wolf-tank-wayna/wayna_mercado/vendor/laravel/framework/src/Illuminate/Foundation/resources/server.php(23): require_once('...')
#55 {main}
"} 
[2026-05-16 05:16:05] local.ERROR: View [auth.register-emprendedor] not found. {"exception":"[object] (InvalidArgumentException(code: 0): View [auth.register-emprendedor] not found. at C:/Users/LEONARDO/Desktop/wayna/LOS-BESTIES-Wolf-tank-wayna/wayna_mercado/vendor/laravel/framework/src/Illuminate/View/FileViewFinder.php:138)
[stacktrace]
#0 C:/Users/LEONARDO/Desktop/wayna/LOS-BESTIES-Wolf-tank-wayna/wayna_mercado/vendor/laravel/framework/src/Illuminate/View/FileViewFinder.php(78): Illuminate/View/FileViewFinder->findInPaths()
#1 C:/Users/LEONARDO/Desktop/wayna/LOS-BESTIES-Wolf-tank-wayna/wayna_mercado/vendor/laravel/framework/src/Illuminate/View/Factory.php(150): Illuminate/View/FileViewFinder->find()
#2 C:/Users/LEONARDO/Desktop/wayna/LOS-BESTIES-Wolf-tank-wayna/wayna_mercado/vendor/laravel/framework/src/Illuminate/Foundation/helpers.php(1100): Illuminate/View/Factory->make()
#3 C:/Users/LEONARDO/Desktop/wayna/LOS-BESTIES-Wolf-tank-wayna/wayna_mercado/routes/web.php(12): view()
#4 C:/Users/LEONARDO/Desktop/wayna/LOS-BESTIES-Wolf-tank-wayna/wayna_mercado/vendor/laravel/framework/src/Illuminate/Routing/CallableDispatcher.php(39): Illuminate/Routing/RouteFileRegistrar->{closure:C:/Users/LEONARDO/Desktop/wayna/LOS-BESTIES-Wolf-tank-wayna/wayna_mercado/routes/web.php:11}()
#5 C:/Users/LEONARDO/Desktop/wayna/LOS-BESTIES-Wolf-tank-wayna/wayna_mercado/vendor/laravel/framework/src/Illuminate/Routing/Route.php(247): Illuminate/Routing/CallableDispatcher->dispatch()
#6 C:/Users/LEONARDO/Desktop/wayna/LOS-BESTIES-Wolf-tank-wayna/wayna_mercado/vendor/laravel/framework/src/Illuminate/Routing/Route.php(218): Illuminate/Routing/Route->runCallable()
#7 C:/Users/LEONARDO/Desktop/wayna/LOS-BESTIES-Wolf-tank-wayna/wayna_mercado/vendor/laravel/framework/src/Illuminate/Routing/Router.php(822): Illuminate/Routing/Route->run()
#8 C:/Users/LEONARDO/Desktop/wayna/LOS-BESTIES-Wolf-tank-wayna/wayna_mercado/vendor/laravel/framework/src/Illuminate/Pipeline/Pipeline.php(180): Illuminate/Routing/Router->{closure:Illuminate/Routing/Router::runRouteWithinStack():821}()
#9 C:/Users/LEONARDO/Desktop/wayna/LOS-BESTIES-Wolf-tank-wayna/wayna_mercado/vendor/laravel/boost/src/Middleware/InjectBoost.php(22): Illuminate/Pipeline/Pipeline->{closure:Illuminate/Pipeline/Pipeline::prepareDestination():178}()
#10 C:/Users/LEONARDO/Desktop/wayna/LOS-BESTIES-Wolf-tank-wayna/wayna_mercado/vendor/laravel/framework/src/Illuminate/Pipeline/Pipeline.php(219): Laravel/Boost/Middleware/InjectBoost->handle()
#11 C:/Users/LEONARDO/Desktop/wayna/LOS-BESTIES-Wolf-tank-wayna/wayna_mercado/vendor/laravel/framework/src/Illuminate/Routing/Middleware/SubstituteBindings.php(52): Illuminate/Pipeline/Pipeline->{closure:{closure:Illuminate/Pipeline/Pipeline::carry():194}:195}()
#12 C:/Users/LEONARDO/Desktop/wayna/LOS-BESTIES-Wolf-tank-wayna/wayna_mercado/vendor/laravel/framework/src/Illuminate/Pipeline/Pipeline.php(219): Illuminate/Routing/Middleware/SubstituteBindings->handle()
#13 C:/Users/LEONARDO/Desktop/wayna/LOS-BESTIES-Wolf-tank-wayna/wayna_mercado/vendor/laravel/framework/src/Illuminate/Foundation/Http/Middleware/PreventRequestForgery.php(104): Illuminate/Pipeline/Pipeline->{closure:{closure:Illuminate/Pipeline/Pipeline::carry():194}:195}()
#14 C:/Users/LEONARDO/Desktop/wayna/LOS-BESTIES-Wolf-tank-wayna/wayna_mercado/vendor/laravel/framework/src/Illuminate/Pipeline/Pipeline.php(219): Illuminate/Foundation/Http/Middleware/PreventRequestForgery->handle()
#15 C:/Users/LEONARDO/Desktop/wayna/LOS-BESTIES-Wolf-tank-wayna/wayna_mercado/vendor/laravel/framework/src/Illuminate/View/Middleware/ShareErrorsFromSession.php(48): Illuminate/Pipeline/Pipeline->{closure:{closure:Illuminate/Pipeline/Pipeline::carry():194}:195}()
#16 C:/Users/LEONARDO/Desktop/wayna/LOS-BESTIES-Wolf-tank-wayna/wayna_mercado/vendor/laravel/framework/src/Illuminate/Pipeline/Pipeline.php(219): Illuminate/View/Middleware/ShareErrorsFromSession->handle()
#17 C:/Users/LEONARDO/Desktop/wayna/LOS-BESTIES-Wolf-tank-wayna/wayna_mercado/vendor/laravel/framework/src/Illuminate/Session/Middleware/StartSession.php(120): Illuminate/Pipeline/Pipeline->{closure:{closure:Illuminate/Pipeline/Pipeline::carry():194}:195}()
#18 C:/Users/LEONARDO/Desktop/wayna/LOS-BESTIES-Wolf-tank-wayna/wayna_mercado/vendor/laravel/framework/src/Illuminate/Session/Middleware/StartSession.php(63): Illuminate/Session/Middleware/StartSession->handleStatefulRequest()
#19 C:/Users/LEONARDO/Desktop/wayna/LOS-BESTIES-Wolf-tank-wayna/wayna_mercado/vendor/laravel/framework/src/Illuminate/Pipeline/Pipeline.php(219): Illuminate/Session/Middleware/StartSession->handle()
#20 C:/Users/LEONARDO/Desktop/wayna/LOS-BESTIES-Wolf-tank-wayna/wayna_mercado/vendor/laravel/framework/src/Illuminate/Cookie/Middleware/AddQueuedCookiesToResponse.php(36): Illuminate/Pipeline/Pipeline->{closure:{closure:Illuminate/Pipeline/Pipeline::carry():194}:195}()
#21 C:/Users/LEONARDO/Desktop/wayna/LOS-BESTIES-Wolf-tank-wayna/wayna_mercado/vendor/laravel/framework/src/Illuminate/Pipeline/Pipeline.php(219): Illuminate/Cookie/Middleware/AddQueuedCookiesToResponse->handle()
#22 C:/Users/LEONARDO/Desktop/wayna/LOS-BESTIES-Wolf-tank-wayna/wayna_mercado/vendor/laravel/framework/src/Illuminate/Cookie/Middleware/EncryptCookies.php(74): Illuminate/Pipeline/Pipeline->{closure:{closure:Illuminate/Pipeline/Pipeline::carry():194}:195}()
#23 C:/Users/LEONARDO/Desktop/wayna/LOS-BESTIES-Wolf-tank-wayna/wayna_mercado/vendor/laravel/framework/src/Illuminate/Pipeline/Pipeline.php(219): Illuminate/Cookie/Middleware/EncryptCookies->handle()
#24 C:/Users/LEONARDO/Desktop/wayna/LOS-BESTIES-Wolf-tank-wayna/wayna_mercado/vendor/laravel/framework/src/Illuminate/Pipeline/Pipeline.php(137): Illuminate/Pipeline/Pipeline->{closure:{closure:Illuminate/Pipeline/Pipeline::carry():194}:195}()
#25 C:/Users/LEONARDO/Desktop/wayna/LOS-BESTIES-Wolf-tank-wayna/wayna_mercado/vendor/laravel/framework/src/Illuminate/Routing/Router.php(821): Illuminate/Pipeline/Pipeline->then()
#26 C:/Users/LEONARDO/Desktop/wayna/LOS-BESTIES-Wolf-tank-wayna/wayna_mercado/vendor/laravel/framework/src/Illuminate/Routing/Router.php(800): Illuminate/Routing/Router->runRouteWithinStack()
#27 C:/Users/LEONARDO/Desktop/wayna/LOS-BESTIES-Wolf-tank-wayna/wayna_mercado/vendor/laravel/framework/src/Illuminate/Routing/Router.php(764): Illuminate/Routing/Router->runRoute()
#28 C:/Users/LEONARDO/Desktop/wayna/LOS-BESTIES-Wolf-tank-wayna/wayna_mercado/vendor/laravel/framework/src/Illuminate/Routing/Router.php(753): Illuminate/Routing/Router->dispatchToRoute()
#29 C:/Users/LEONARDO/Desktop/wayna/LOS-BESTIES-Wolf-tank-wayna/wayna_mercado/vendor/laravel/framework/src/Illuminate/Foundation/Http/Kernel.php(200): Illuminate/Routing/Router->dispatch()
#30 C:/Users/LEONARDO/Desktop/wayna/LOS-BESTIES-Wolf-tank-wayna/wayna_mercado/vendor/laravel/framework/src/Illuminate/Pipeline/Pipeline.php(180): Illuminate/Foundation/Http/Kernel->{closure:Illuminate/Foundation/Http/Kernel::dispatchToRouter():197}()
#31 C:/Users/LEONARDO/Desktop/wayna/LOS-BESTIES-Wolf-tank-wayna/wayna_mercado/vendor/laravel/framework/src/Illuminate/Foundation/Http/Middleware/TransformsRequest.php(21): Illuminate/Pipeline/Pipeline->{closure:Illuminate/Pipeline/Pipeline::prepareDestination():178}()
#32 C:/Users/LEONARDO/Desktop/wayna/LOS-BESTIES-Wolf-tank-wayna/wayna_mercado/vendor/laravel/framework/src/Illuminate/Foundation/Http/Middleware/ConvertEmptyStringsToNull.php(31): Illuminate/Foundation/Http/Middleware/TransformsRequest->handle()
#33 C:/Users/LEONARDO/Desktop/wayna/LOS-BESTIES-Wolf-tank-wayna/wayna_mercado/vendor/laravel/framework/src/Illuminate/Pipeline/Pipeline.php(219): Illuminate/Foundation/Http/Middleware/ConvertEmptyStringsToNull->handle()
#34 C:/Users/LEONARDO/Desktop/wayna/LOS-BESTIES-Wolf-tank-wayna/wayna_mercado/vendor/laravel/framework/src/Illuminate/Foundation/Http/Middleware/TransformsRequest.php(21): Illuminate/Pipeline/Pipeline->{closure:{closure:Illuminate/Pipeline/Pipeline::carry():194}:195}()
#35 C:/Users/LEONARDO/Desktop/wayna/LOS-BESTIES-Wolf-tank-wayna/wayna_mercado/vendor/laravel/framework/src/Illuminate/Foundation/Http/Middleware/TrimStrings.php(51): Illuminate/Foundation/Http/Middleware/TransformsRequest->handle()
#36 C:/Users/LEONARDO/Desktop/wayna/LOS-BESTIES-Wolf-tank-wayna/wayna_mercado/vendor/laravel/framework/src/Illuminate/Pipeline/Pipeline.php(219): Illuminate/Foundation/Http/Middleware/TrimStrings->handle()
#37 C:/Users/LEONARDO/Desktop/wayna/LOS-BESTIES-Wolf-tank-wayna/wayna_mercado/vendor/laravel/framework/src/Illuminate/Http/Middleware/ValidatePostSize.php(27): Illuminate/Pipeline/Pipeline->{closure:{closure:Illuminate/Pipeline/Pipeline::carry():194}:195}()
#38 C:/Users/LEONARDO/Desktop/wayna/LOS-BESTIES-Wolf-tank-wayna/wayna_mercado/vendor/laravel/framework/src/Illuminate/Pipeline/Pipeline.php(219): Illuminate/Http/Middleware/ValidatePostSize->handle()
#39 C:/Users/LEONARDO/Desktop/wayna/LOS-BESTIES-Wolf-tank-wayna/wayna_mercado/vendor/laravel/framework/src/Illuminate/Foundation/Http/Middleware/PreventRequestsDuringMaintenance.php(109): Illuminate/Pipeline/Pipeline->{closure:{closure:Illuminate/Pipeline/Pipeline::carry():194}:195}()
#40 C:/Users/LEONARDO/Desktop/wayna/LOS-BESTIES-Wolf-tank-wayna/wayna_mercado/vendor/laravel/framework/src/Illuminate/Pipeline/Pipeline.php(219): Illuminate/Foundation/Http/Middleware/PreventRequestsDuringMaintenance->handle()
#41 C:/Users/LEONARDO/Desktop/wayna/LOS-BESTIES-Wolf-tank-wayna/wayna_mercado/vendor/laravel/framework/src/Illuminate/Http/Middleware/HandleCors.php(61): Illuminate/Pipeline/Pipeline->{closure:{closure:Illuminate/Pipeline/Pipeline::carry():194}:195}()
#42 C:/Users/LEONARDO/Desktop/wayna/LOS-BESTIES-Wolf-tank-wayna/wayna_mercado/vendor/laravel/framework/src/Illuminate/Pipeline/Pipeline.php(219): Illuminate/Http/Middleware/HandleCors->handle()
#43 C:/Users/LEONARDO/Desktop/wayna/LOS-BESTIES-Wolf-tank-wayna/wayna_mercado/vendor/laravel/framework/src/Illuminate/Http/Middleware/TrustProxies.php(58): Illuminate/Pipeline/Pipeline->{closure:{closure:Illuminate/Pipeline/Pipeline::carry():194}:195}()
#44 C:/Users/LEONARDO/Desktop/wayna/LOS-BESTIES-Wolf-tank-wayna/wayna_mercado/vendor/laravel/framework/src/Illuminate/Pipeline/Pipeline.php(219): Illuminate/Http/Middleware/TrustProxies->handle()
#45 C:/Users/LEONARDO/Desktop/wayna/LOS-BESTIES-Wolf-tank-wayna/wayna_mercado/vendor/laravel/framework/src/Illuminate/Foundation/Http/Middleware/InvokeDeferredCallbacks.php(22): Illuminate/Pipeline/Pipeline->{closure:{closure:Illuminate/Pipeline/Pipeline::carry():194}:195}()
#46 C:/Users/LEONARDO/Desktop/wayna/LOS-BESTIES-Wolf-tank-wayna/wayna_mercado/vendor/laravel/framework/src/Illuminate/Pipeline/Pipeline.php(219): Illuminate/Foundation/Http/Middleware/InvokeDeferredCallbacks->handle()
#47 C:/Users/LEONARDO/Desktop/wayna/LOS-BESTIES-Wolf-tank-wayna/wayna_mercado/vendor/laravel/framework/src/Illuminate/Http/Middleware/ValidatePathEncoding.php(28): Illuminate/Pipeline/Pipeline->{closure:{closure:Illuminate/Pipeline/Pipeline::carry():194}:195}()
#48 C:/Users/LEONARDO/Desktop/wayna/LOS-BESTIES-Wolf-tank-wayna/wayna_mercado/vendor/laravel/framework/src/Illuminate/Pipeline/Pipeline.php(219): Illuminate/Http/Middleware/ValidatePathEncoding->handle()
#49 C:/Users/LEONARDO/Desktop/wayna/LOS-BESTIES-Wolf-tank-wayna/wayna_mercado/vendor/laravel/framework/src/Illuminate/Pipeline/Pipeline.php(137): Illuminate/Pipeline/Pipeline->{closure:{closure:Illuminate/Pipeline/Pipeline::carry():194}:195}()
#50 C:/Users/LEONARDO/Desktop/wayna/LOS-BESTIES-Wolf-tank-wayna/wayna_mercado/vendor/laravel/framework/src/Illuminate/Foundation/Http/Kernel.php(175): Illuminate/Pipeline/Pipeline->then()
#51 C:/Users/LEONARDO/Desktop/wayna/LOS-BESTIES-Wolf-tank-wayna/wayna_mercado/vendor/laravel/framework/src/Illuminate/Foundation/Http/Kernel.php(144): Illuminate/Foundation/Http/Kernel->sendRequestThroughRouter()
#52 C:/Users/LEONARDO/Desktop/wayna/LOS-BESTIES-Wolf-tank-wayna/wayna_mercado/vendor/laravel/framework/src/Illuminate/Foundation/Application.php(1220): Illuminate/Foundation/Http/Kernel->handle()
#53 C:/Users/LEONARDO/Desktop/wayna/LOS-BESTIES-Wolf-tank-wayna/wayna_mercado/public/index.php(20): Illuminate/Foundation/Application->handleRequest()
#54 C:/Users/LEONARDO/Desktop/wayna/LOS-BESTIES-Wolf-tank-wayna/wayna_mercado/vendor/laravel/framework/src/Illuminate/Foundation/resources/server.php(23): require_once('...')
#55 {main}
"} 
[2026-05-16 05:16:38] local.ERROR: View [auth.register-emprendedor] not found. {"exception":"[object] (InvalidArgumentException(code: 0): View [auth.register-emprendedor] not found. at C:/Users/LEONARDO/Desktop/wayna/LOS-BESTIES-Wolf-tank-wayna/wayna_mercado/vendor/laravel/framework/src/Illuminate/View/FileViewFinder.php:138)
[stacktrace]
#0 C:/Users/LEONARDO/Desktop/wayna/LOS-BESTIES-Wolf-tank-wayna/wayna_mercado/vendor/laravel/framework/src/Illuminate/View/FileViewFinder.php(78): Illuminate/View/FileViewFinder->findInPaths()
#1 C:/Users/LEONARDO/Desktop/wayna/LOS-BESTIES-Wolf-tank-wayna/wayna_mercado/vendor/laravel/framework/src/Illuminate/View/Factory.php(150): Illuminate/View/FileViewFinder->find()
#2 C:/Users/LEONARDO/Desktop/wayna/LOS-BESTIES-Wolf-tank-wayna/wayna_mercado/vendor/laravel/framework/src/Illuminate/Foundation/helpers.php(1100): Illuminate/View/Factory->make()
#3 C:/Users/LEONARDO/Desktop/wayna/LOS-BESTIES-Wolf-tank-wayna/wayna_mercado/routes/web.php(12): view()
#4 C:/Users/LEONARDO/Desktop/wayna/LOS-BESTIES-Wolf-tank-wayna/wayna_mercado/vendor/laravel/framework/src/Illuminate/Routing/CallableDispatcher.php(39): Illuminate/Routing/RouteFileRegistrar->{closure:C:/Users/LEONARDO/Desktop/wayna/LOS-BESTIES-Wolf-tank-wayna/wayna_mercado/routes/web.php:11}()
#5 C:/Users/LEONARDO/Desktop/wayna/LOS-BESTIES-Wolf-tank-wayna/wayna_mercado/vendor/laravel/framework/src/Illuminate/Routing/Route.php(247): Illuminate/Routing/CallableDispatcher->dispatch()
#6 C:/Users/LEONARDO/Desktop/wayna/LOS-BESTIES-Wolf-tank-wayna/wayna_mercado/vendor/laravel/framework/src/Illuminate/Routing/Route.php(218): Illuminate/Routing/Route->runCallable()
#7 C:/Users/LEONARDO/Desktop/wayna/LOS-BESTIES-Wolf-tank-wayna/wayna_mercado/vendor/laravel/framework/src/Illuminate/Routing/Router.php(822): Illuminate/Routing/Route->run()
#8 C:/Users/LEONARDO/Desktop/wayna/LOS-BESTIES-Wolf-tank-wayna/wayna_mercado/vendor/laravel/framework/src/Illuminate/Pipeline/Pipeline.php(180): Illuminate/Routing/Router->{closure:Illuminate/Routing/Router::runRouteWithinStack():821}()
#9 C:/Users/LEONARDO/Desktop/wayna/LOS-BESTIES-Wolf-tank-wayna/wayna_mercado/vendor/laravel/boost/src/Middleware/InjectBoost.php(22): Illuminate/Pipeline/Pipeline->{closure:Illuminate/Pipeline/Pipeline::prepareDestination():178}()
#10 C:/Users/LEONARDO/Desktop/wayna/LOS-BESTIES-Wolf-tank-wayna/wayna_mercado/vendor/laravel/framework/src/Illuminate/Pipeline/Pipeline.php(219): Laravel/Boost/Middleware/InjectBoost->handle()
#11 C:/Users/LEONARDO/Desktop/wayna/LOS-BESTIES-Wolf-tank-wayna/wayna_mercado/vendor/laravel/framework/src/Illuminate/Routing/Middleware/SubstituteBindings.php(52): Illuminate/Pipeline/Pipeline->{closure:{closure:Illuminate/Pipeline/Pipeline::carry():194}:195}()
#12 C:/Users/LEONARDO/Desktop/wayna/LOS-BESTIES-Wolf-tank-wayna/wayna_mercado/vendor/laravel/framework/src/Illuminate/Pipeline/Pipeline.php(219): Illuminate/Routing/Middleware/SubstituteBindings->handle()
#13 C:/Users/LEONARDO/Desktop/wayna/LOS-BESTIES-Wolf-tank-wayna/wayna_mercado/vendor/laravel/framework/src/Illuminate/Foundation/Http/Middleware/PreventRequestForgery.php(104): Illuminate/Pipeline/Pipeline->{closure:{closure:Illuminate/Pipeline/Pipeline::carry():194}:195}()
#14 C:/Users/LEONARDO/Desktop/wayna/LOS-BESTIES-Wolf-tank-wayna/wayna_mercado/vendor/laravel/framework/src/Illuminate/Pipeline/Pipeline.php(219): Illuminate/Foundation/Http/Middleware/PreventRequestForgery->handle()
#15 C:/Users/LEONARDO/Desktop/wayna/LOS-BESTIES-Wolf-tank-wayna/wayna_mercado/vendor/laravel/framework/src/Illuminate/View/Middleware/ShareErrorsFromSession.php(48): Illuminate/Pipeline/Pipeline->{closure:{closure:Illuminate/Pipeline/Pipeline::carry():194}:195}()
#16 C:/Users/LEONARDO/Desktop/wayna/LOS-BESTIES-Wolf-tank-wayna/wayna_mercado/vendor/laravel/framework/src/Illuminate/Pipeline/Pipeline.php(219): Illuminate/View/Middleware/ShareErrorsFromSession->handle()
#17 C:/Users/LEONARDO/Desktop/wayna/LOS-BESTIES-Wolf-tank-wayna/wayna_mercado/vendor/laravel/framework/src/Illuminate/Session/Middleware/StartSession.php(120): Illuminate/Pipeline/Pipeline->{closure:{closure:Illuminate/Pipeline/Pipeline::carry():194}:195}()
#18 C:/Users/LEONARDO/Desktop/wayna/LOS-BESTIES-Wolf-tank-wayna/wayna_mercado/vendor/laravel/framework/src/Illuminate/Session/Middleware/StartSession.php(63): Illuminate/Session/Middleware/StartSession->handleStatefulRequest()
#19 C:/Users/LEONARDO/Desktop/wayna/LOS-BESTIES-Wolf-tank-wayna/wayna_mercado/vendor/laravel/framework/src/Illuminate/Pipeline/Pipeline.php(219): Illuminate/Session/Middleware/StartSession->handle()
#20 C:/Users/LEONARDO/Desktop/wayna/LOS-BESTIES-Wolf-tank-wayna/wayna_mercado/vendor/laravel/framework/src/Illuminate/Cookie/Middleware/AddQueuedCookiesToResponse.php(36): Illuminate/Pipeline/Pipeline->{closure:{closure:Illuminate/Pipeline/Pipeline::carry():194}:195}()
#21 C:/Users/LEONARDO/Desktop/wayna/LOS-BESTIES-Wolf-tank-wayna/wayna_mercado/vendor/laravel/framework/src/Illuminate/Pipeline/Pipeline.php(219): Illuminate/Cookie/Middleware/AddQueuedCookiesToResponse->handle()
#22 C:/Users/LEONARDO/Desktop/wayna/LOS-BESTIES-Wolf-tank-wayna/wayna_mercado/vendor/laravel/framework/src/Illuminate/Cookie/Middleware/EncryptCookies.php(74): Illuminate/Pipeline/Pipeline->{closure:{closure:Illuminate/Pipeline/Pipeline::carry():194}:195}()
#23 C:/Users/LEONARDO/Desktop/wayna/LOS-BESTIES-Wolf-tank-wayna/wayna_mercado/vendor/laravel/framework/src/Illuminate/Pipeline/Pipeline.php(219): Illuminate/Cookie/Middleware/EncryptCookies->handle()
#24 C:/Users/LEONARDO/Desktop/wayna/LOS-BESTIES-Wolf-tank-wayna/wayna_mercado/vendor/laravel/framework/src/Illuminate/Pipeline/Pipeline.php(137): Illuminate/Pipeline/Pipeline->{closure:{closure:Illuminate/Pipeline/Pipeline::carry():194}:195}()
#25 C:/Users/LEONARDO/Desktop/wayna/LOS-BESTIES-Wolf-tank-wayna/wayna_mercado/vendor/laravel/framework/src/Illuminate/Routing/Router.php(821): Illuminate/Pipeline/Pipeline->then()
#26 C:/Users/LEONARDO/Desktop/wayna/LOS-BESTIES-Wolf-tank-wayna/wayna_mercado/vendor/laravel/framework/src/Illuminate/Routing/Router.php(800): Illuminate/Routing/Router->runRouteWithinStack()
#27 C:/Users/LEONARDO/Desktop/wayna/LOS-BESTIES-Wolf-tank-wayna/wayna_mercado/vendor/laravel/framework/src/Illuminate/Routing/Router.php(764): Illuminate/Routing/Router->runRoute()
#28 C:/Users/LEONARDO/Desktop/wayna/LOS-BESTIES-Wolf-tank-wayna/wayna_mercado/vendor/laravel/framework/src/Illuminate/Routing/Router.php(753): Illuminate/Routing/Router->dispatchToRoute()
#29 C:/Users/LEONARDO/Desktop/wayna/LOS-BESTIES-Wolf-tank-wayna/wayna_mercado/vendor/laravel/framework/src/Illuminate/Foundation/Http/Kernel.php(200): Illuminate/Routing/Router->dispatch()
#30 C:/Users/LEONARDO/Desktop/wayna/LOS-BESTIES-Wolf-tank-wayna/wayna_mercado/vendor/laravel/framework/src/Illuminate/Pipeline/Pipeline.php(180): Illuminate/Foundation/Http/Kernel->{closure:Illuminate/Foundation/Http/Kernel::dispatchToRouter():197}()
#31 C:/Users/LEONARDO/Desktop/wayna/LOS-BESTIES-Wolf-tank-wayna/wayna_mercado/vendor/laravel/framework/src/Illuminate/Foundation/Http/Middleware/TransformsRequest.php(21): Illuminate/Pipeline/Pipeline->{closure:Illuminate/Pipeline/Pipeline::prepareDestination():178}()
#32 C:/Users/LEONARDO/Desktop/wayna/LOS-BESTIES-Wolf-tank-wayna/wayna_mercado/vendor/laravel/framework/src/Illuminate/Foundation/Http/Middleware/ConvertEmptyStringsToNull.php(31): Illuminate/Foundation/Http/Middleware/TransformsRequest->handle()
#33 C:/Users/LEONARDO/Desktop/wayna/LOS-BESTIES-Wolf-tank-wayna/wayna_mercado/vendor/laravel/framework/src/Illuminate/Pipeline/Pipeline.php(219): Illuminate/Foundation/Http/Middleware/ConvertEmptyStringsToNull->handle()
#34 C:/Users/LEONARDO/Desktop/wayna/LOS-BESTIES-Wolf-tank-wayna/wayna_mercado/vendor/laravel/framework/src/Illuminate/Foundation/Http/Middleware/TransformsRequest.php(21): Illuminate/Pipeline/Pipeline->{closure:{closure:Illuminate/Pipeline/Pipeline::carry():194}:195}()
#35 C:/Users/LEONARDO/Desktop/wayna/LOS-BESTIES-Wolf-tank-wayna/wayna_mercado/vendor/laravel/framework/src/Illuminate/Foundation/Http/Middleware/TrimStrings.php(51): Illuminate/Foundation/Http/Middleware/TransformsRequest->handle()
#36 C:/Users/LEONARDO/Desktop/wayna/LOS-BESTIES-Wolf-tank-wayna/wayna_mercado/vendor/laravel/framework/src/Illuminate/Pipeline/Pipeline.php(219): Illuminate/Foundation/Http/Middleware/TrimStrings->handle()
#37 C:/Users/LEONARDO/Desktop/wayna/LOS-BESTIES-Wolf-tank-wayna/wayna_mercado/vendor/laravel/framework/src/Illuminate/Http/Middleware/ValidatePostSize.php(27): Illuminate/Pipeline/Pipeline->{closure:{closure:Illuminate/Pipeline/Pipeline::carry():194}:195}()
#38 C:/Users/LEONARDO/Desktop/wayna/LOS-BESTIES-Wolf-tank-wayna/wayna_mercado/vendor/laravel/framework/src/Illuminate/Pipeline/Pipeline.php(219): Illuminate/Http/Middleware/ValidatePostSize->handle()
#39 C:/Users/LEONARDO/Desktop/wayna/LOS-BESTIES-Wolf-tank-wayna/wayna_mercado/vendor/laravel/framework/src/Illuminate/Foundation/Http/Middleware/PreventRequestsDuringMaintenance.php(109): Illuminate/Pipeline/Pipeline->{closure:{closure:Illuminate/Pipeline/Pipeline::carry():194}:195}()
#40 C:/Users/LEONARDO/Desktop/wayna/LOS-BESTIES-Wolf-tank-wayna/wayna_mercado/vendor/laravel/framework/src/Illuminate/Pipeline/Pipeline.php(219): Illuminate/Foundation/Http/Middleware/PreventRequestsDuringMaintenance->handle()
#41 C:/Users/LEONARDO/Desktop/wayna/LOS-BESTIES-Wolf-tank-wayna/wayna_mercado/vendor/laravel/framework/src/Illuminate/Http/Middleware/HandleCors.php(61): Illuminate/Pipeline/Pipeline->{closure:{closure:Illuminate/Pipeline/Pipeline::carry():194}:195}()
#42 C:/Users/LEONARDO/Desktop/wayna/LOS-BESTIES-Wolf-tank-wayna/wayna_mercado/vendor/laravel/framework/src/Illuminate/Pipeline/Pipeline.php(219): Illuminate/Http/Middleware/HandleCors->handle()
#43 C:/Users/LEONARDO/Desktop/wayna/LOS-BESTIES-Wolf-tank-wayna/wayna_mercado/vendor/laravel/framework/src/Illuminate/Http/Middleware/TrustProxies.php(58): Illuminate/Pipeline/Pipeline->{closure:{closure:Illuminate/Pipeline/Pipeline::carry():194}:195}()
#44 C:/Users/LEONARDO/Desktop/wayna/LOS-BESTIES-Wolf-tank-wayna/wayna_mercado/vendor/laravel/framework/src/Illuminate/Pipeline/Pipeline.php(219): Illuminate/Http/Middleware/TrustProxies->handle()
#45 C:/Users/LEONARDO/Desktop/wayna/LOS-BESTIES-Wolf-tank-wayna/wayna_mercado/vendor/laravel/framework/src/Illuminate/Foundation/Http/Middleware/InvokeDeferredCallbacks.php(22): Illuminate/Pipeline/Pipeline->{closure:{closure:Illuminate/Pipeline/Pipeline::carry():194}:195}()
#46 C:/Users/LEONARDO/Desktop/wayna/LOS-BESTIES-Wolf-tank-wayna/wayna_mercado/vendor/laravel/framework/src/Illuminate/Pipeline/Pipeline.php(219): Illuminate/Foundation/Http/Middleware/InvokeDeferredCallbacks->handle()
#47 C:/Users/LEONARDO/Desktop/wayna/LOS-BESTIES-Wolf-tank-wayna/wayna_mercado/vendor/laravel/framework/src/Illuminate/Http/Middleware/ValidatePathEncoding.php(28): Illuminate/Pipeline/Pipeline->{closure:{closure:Illuminate/Pipeline/Pipeline::carry():194}:195}()
#48 C:/Users/LEONARDO/Desktop/wayna/LOS-BESTIES-Wolf-tank-wayna/wayna_mercado/vendor/laravel/framework/src/Illuminate/Pipeline/Pipeline.php(219): Illuminate/Http/Middleware/ValidatePathEncoding->handle()
#49 C:/Users/LEONARDO/Desktop/wayna/LOS-BESTIES-Wolf-tank-wayna/wayna_mercado/vendor/laravel/framework/src/Illuminate/Pipeline/Pipeline.php(137): Illuminate/Pipeline/Pipeline->{closure:{closure:Illuminate/Pipeline/Pipeline::carry():194}:195}()
#50 C:/Users/LEONARDO/Desktop/wayna/LOS-BESTIES-Wolf-tank-wayna/wayna_mercado/vendor/laravel/framework/src/Illuminate/Foundation/Http/Kernel.php(175): Illuminate/Pipeline/Pipeline->then()
#51 C:/Users/LEONARDO/Desktop/wayna/LOS-BESTIES-Wolf-tank-wayna/wayna_mercado/vendor/laravel/framework/src/Illuminate/Foundation/Http/Kernel.php(144): Illuminate/Foundation/Http/Kernel->sendRequestThroughRouter()
#52 C:/Users/LEONARDO/Desktop/wayna/LOS-BESTIES-Wolf-tank-wayna/wayna_mercado/vendor/laravel/framework/src/Illuminate/Foundation/Application.php(1220): Illuminate/Foundation/Http/Kernel->handle()
#53 C:/Users/LEONARDO/Desktop/wayna/LOS-BESTIES-Wolf-tank-wayna/wayna_mercado/public/index.php(20): Illuminate/Foundation/Application->handleRequest()
#54 C:/Users/LEONARDO/Desktop/wayna/LOS-BESTIES-Wolf-tank-wayna/wayna_mercado/vendor/laravel/framework/src/Illuminate/Foundation/resources/server.php(23): require_once('...')
#55 {main}
"} 
[2026-05-16 05:17:10] local.ERROR: View [auth.register-emprendedor] not found. {"exception":"[object] (InvalidArgumentException(code: 0): View [auth.register-emprendedor] not found. at C:/Users/LEONARDO/Desktop/wayna/LOS-BESTIES-Wolf-tank-wayna/wayna_mercado/vendor/laravel/framework/src/Illuminate/View/FileViewFinder.php:138)
[stacktrace]
#0 C:/Users/LEONARDO/Desktop/wayna/LOS-BESTIES-Wolf-tank-wayna/wayna_mercado/vendor/laravel/framework/src/Illuminate/View/FileViewFinder.php(78): Illuminate/View/FileViewFinder->findInPaths()
#1 C:/Users/LEONARDO/Desktop/wayna/LOS-BESTIES-Wolf-tank-wayna/wayna_mercado/vendor/laravel/framework/src/Illuminate/View/Factory.php(150): Illuminate/View/FileViewFinder->find()
#2 C:/Users/LEONARDO/Desktop/wayna/LOS-BESTIES-Wolf-tank-wayna/wayna_mercado/vendor/laravel/framework/src/Illuminate/Foundation/helpers.php(1100): Illuminate/View/Factory->make()
#3 C:/Users/LEONARDO/Desktop/wayna/LOS-BESTIES-Wolf-tank-wayna/wayna_mercado/routes/web.php(12): view()
#4 C:/Users/LEONARDO/Desktop/wayna/LOS-BESTIES-Wolf-tank-wayna/wayna_mercado/vendor/laravel/framework/src/Illuminate/Routing/CallableDispatcher.php(39): Illuminate/Routing/RouteFileRegistrar->{closure:C:/Users/LEONARDO/Desktop/wayna/LOS-BESTIES-Wolf-tank-wayna/wayna_mercado/routes/web.php:11}()
#5 C:/Users/LEONARDO/Desktop/wayna/LOS-BESTIES-Wolf-tank-wayna/wayna_mercado/vendor/laravel/framework/src/Illuminate/Routing/Route.php(247): Illuminate/Routing/CallableDispatcher->dispatch()
#6 C:/Users/LEONARDO/Desktop/wayna/LOS-BESTIES-Wolf-tank-wayna/wayna_mercado/vendor/laravel/framework/src/Illuminate/Routing/Route.php(218): Illuminate/Routing/Route->runCallable()
#7 C:/Users/LEONARDO/Desktop/wayna/LOS-BESTIES-Wolf-tank-wayna/wayna_mercado/vendor/laravel/framework/src/Illuminate/Routing/Router.php(822): Illuminate/Routing/Route->run()
#8 C:/Users/LEONARDO/Desktop/wayna/LOS-BESTIES-Wolf-tank-wayna/wayna_mercado/vendor/laravel/framework/src/Illuminate/Pipeline/Pipeline.php(180): Illuminate/Routing/Router->{closure:Illuminate/Routing/Router::runRouteWithinStack():821}()
#9 C:/Users/LEONARDO/Desktop/wayna/LOS-BESTIES-Wolf-tank-wayna/wayna_mercado/vendor/laravel/boost/src/Middleware/InjectBoost.php(22): Illuminate/Pipeline/Pipeline->{closure:Illuminate/Pipeline/Pipeline::prepareDestination():178}()
#10 C:/Users/LEONARDO/Desktop/wayna/LOS-BESTIES-Wolf-tank-wayna/wayna_mercado/vendor/laravel/framework/src/Illuminate/Pipeline/Pipeline.php(219): Laravel/Boost/Middleware/InjectBoost->handle()
#11 C:/Users/LEONARDO/Desktop/wayna/LOS-BESTIES-Wolf-tank-wayna/wayna_mercado/vendor/laravel/framework/src/Illuminate/Routing/Middleware/SubstituteBindings.php(52): Illuminate/Pipeline/Pipeline->{closure:{closure:Illuminate/Pipeline/Pipeline::carry():194}:195}()
#12 C:/Users/LEONARDO/Desktop/wayna/LOS-BESTIES-Wolf-tank-wayna/wayna_mercado/vendor/laravel/framework/src/Illuminate/Pipeline/Pipeline.php(219): Illuminate/Routing/Middleware/SubstituteBindings->handle()
#13 C:/Users/LEONARDO/Desktop/wayna/LOS-BESTIES-Wolf-tank-wayna/wayna_mercado/vendor/laravel/framework/src/Illuminate/Foundation/Http/Middleware/PreventRequestForgery.php(104): Illuminate/Pipeline/Pipeline->{closure:{closure:Illuminate/Pipeline/Pipeline::carry():194}:195}()
#14 C:/Users/LEONARDO/Desktop/wayna/LOS-BESTIES-Wolf-tank-wayna/wayna_mercado/vendor/laravel/framework/src/Illuminate/Pipeline/Pipeline.php(219): Illuminate/Foundation/Http/Middleware/PreventRequestForgery->handle()
#15 C:/Users/LEONARDO/Desktop/wayna/LOS-BESTIES-Wolf-tank-wayna/wayna_mercado/vendor/laravel/framework/src/Illuminate/View/Middleware/ShareErrorsFromSession.php(48): Illuminate/Pipeline/Pipeline->{closure:{closure:Illuminate/Pipeline/Pipeline::carry():194}:195}()
#16 C:/Users/LEONARDO/Desktop/wayna/LOS-BESTIES-Wolf-tank-wayna/wayna_mercado/vendor/laravel/framework/src/Illuminate/Pipeline/Pipeline.php(219): Illuminate/View/Middleware/ShareErrorsFromSession->handle()
#17 C:/Users/LEONARDO/Desktop/wayna/LOS-BESTIES-Wolf-tank-wayna/wayna_mercado/vendor/laravel/framework/src/Illuminate/Session/Middleware/StartSession.php(120): Illuminate/Pipeline/Pipeline->{closure:{closure:Illuminate/Pipeline/Pipeline::carry():194}:195}()
#18 C:/Users/LEONARDO/Desktop/wayna/LOS-BESTIES-Wolf-tank-wayna/wayna_mercado/vendor/laravel/framework/src/Illuminate/Session/Middleware/StartSession.php(63): Illuminate/Session/Middleware/StartSession->handleStatefulRequest()
#19 C:/Users/LEONARDO/Desktop/wayna/LOS-BESTIES-Wolf-tank-wayna/wayna_mercado/vendor/laravel/framework/src/Illuminate/Pipeline/Pipeline.php(219): Illuminate/Session/Middleware/StartSession->handle()
#20 C:/Users/LEONARDO/Desktop/wayna/LOS-BESTIES-Wolf-tank-wayna/wayna_mercado/vendor/laravel/framework/src/Illuminate/Cookie/Middleware/AddQueuedCookiesToResponse.php(36): Illuminate/Pipeline/Pipeline->{closure:{closure:Illuminate/Pipeline/Pipeline::carry():194}:195}()
#21 C:/Users/LEONARDO/Desktop/wayna/LOS-BESTIES-Wolf-tank-wayna/wayna_mercado/vendor/laravel/framework/src/Illuminate/Pipeline/Pipeline.php(219): Illuminate/Cookie/Middleware/AddQueuedCookiesToResponse->handle()
#22 C:/Users/LEONARDO/Desktop/wayna/LOS-BESTIES-Wolf-tank-wayna/wayna_mercado/vendor/laravel/framework/src/Illuminate/Cookie/Middleware/EncryptCookies.php(74): Illuminate/Pipeline/Pipeline->{closure:{closure:Illuminate/Pipeline/Pipeline::carry():194}:195}()
#23 C:/Users/LEONARDO/Desktop/wayna/LOS-BESTIES-Wolf-tank-wayna/wayna_mercado/vendor/laravel/framework/src/Illuminate/Pipeline/Pipeline.php(219): Illuminate/Cookie/Middleware/EncryptCookies->handle()
#24 C:/Users/LEONARDO/Desktop/wayna/LOS-BESTIES-Wolf-tank-wayna/wayna_mercado/vendor/laravel/framework/src/Illuminate/Pipeline/Pipeline.php(137): Illuminate/Pipeline/Pipeline->{closure:{closure:Illuminate/Pipeline/Pipeline::carry():194}:195}()
#25 C:/Users/LEONARDO/Desktop/wayna/LOS-BESTIES-Wolf-tank-wayna/wayna_mercado/vendor/laravel/framework/src/Illuminate/Routing/Router.php(821): Illuminate/Pipeline/Pipeline->then()
#26 C:/Users/LEONARDO/Desktop/wayna/LOS-BESTIES-Wolf-tank-wayna/wayna_mercado/vendor/laravel/framework/src/Illuminate/Routing/Router.php(800): Illuminate/Routing/Router->runRouteWithinStack()
#27 C:/Users/LEONARDO/Desktop/wayna/LOS-BESTIES-Wolf-tank-wayna/wayna_mercado/vendor/laravel/framework/src/Illuminate/Routing/Router.php(764): Illuminate/Routing/Router->runRoute()
#28 C:/Users/LEONARDO/Desktop/wayna/LOS-BESTIES-Wolf-tank-wayna/wayna_mercado/vendor/laravel/framework/src/Illuminate/Routing/Router.php(753): Illuminate/Routing/Router->dispatchToRoute()
#29 C:/Users/LEONARDO/Desktop/wayna/LOS-BESTIES-Wolf-tank-wayna/wayna_mercado/vendor/laravel/framework/src/Illuminate/Foundation/Http/Kernel.php(200): Illuminate/Routing/Router->dispatch()
#30 C:/Users/LEONARDO/Desktop/wayna/LOS-BESTIES-Wolf-tank-wayna/wayna_mercado/vendor/laravel/framework/src/Illuminate/Pipeline/Pipeline.php(180): Illuminate/Foundation/Http/Kernel->{closure:Illuminate/Foundation/Http/Kernel::dispatchToRouter():197}()
#31 C:/Users/LEONARDO/Desktop/wayna/LOS-BESTIES-Wolf-tank-wayna/wayna_mercado/vendor/laravel/framework/src/Illuminate/Foundation/Http/Middleware/TransformsRequest.php(21): Illuminate/Pipeline/Pipeline->{closure:Illuminate/Pipeline/Pipeline::prepareDestination():178}()
#32 C:/Users/LEONARDO/Desktop/wayna/LOS-BESTIES-Wolf-tank-wayna/wayna_mercado/vendor/laravel/framework/src/Illuminate/Foundation/Http/Middleware/ConvertEmptyStringsToNull.php(31): Illuminate/Foundation/Http/Middleware/TransformsRequest->handle()
#33 C:/Users/LEONARDO/Desktop/wayna/LOS-BESTIES-Wolf-tank-wayna/wayna_mercado/vendor/laravel/framework/src/Illuminate/Pipeline/Pipeline.php(219): Illuminate/Foundation/Http/Middleware/ConvertEmptyStringsToNull->handle()
#34 C:/Users/LEONARDO/Desktop/wayna/LOS-BESTIES-Wolf-tank-wayna/wayna_mercado/vendor/laravel/framework/src/Illuminate/Foundation/Http/Middleware/TransformsRequest.php(21): Illuminate/Pipeline/Pipeline->{closure:{closure:Illuminate/Pipeline/Pipeline::carry():194}:195}()
#35 C:/Users/LEONARDO/Desktop/wayna/LOS-BESTIES-Wolf-tank-wayna/wayna_mercado/vendor/laravel/framework/src/Illuminate/Foundation/Http/Middleware/TrimStrings.php(51): Illuminate/Foundation/Http/Middleware/TransformsRequest->handle()
#36 C:/Users/LEONARDO/Desktop/wayna/LOS-BESTIES-Wolf-tank-wayna/wayna_mercado/vendor/laravel/framework/src/Illuminate/Pipeline/Pipeline.php(219): Illuminate/Foundation/Http/Middleware/TrimStrings->handle()
#37 C:/Users/LEONARDO/Desktop/wayna/LOS-BESTIES-Wolf-tank-wayna/wayna_mercado/vendor/laravel/framework/src/Illuminate/Http/Middleware/ValidatePostSize.php(27): Illuminate/Pipeline/Pipeline->{closure:{closure:Illuminate/Pipeline/Pipeline::carry():194}:195}()
#38 C:/Users/LEONARDO/Desktop/wayna/LOS-BESTIES-Wolf-tank-wayna/wayna_mercado/vendor/laravel/framework/src/Illuminate/Pipeline/Pipeline.php(219): Illuminate/Http/Middleware/ValidatePostSize->handle()
#39 C:/Users/LEONARDO/Desktop/wayna/LOS-BESTIES-Wolf-tank-wayna/wayna_mercado/vendor/laravel/framework/src/Illuminate/Foundation/Http/Middleware/PreventRequestsDuringMaintenance.php(109): Illuminate/Pipeline/Pipeline->{closure:{closure:Illuminate/Pipeline/Pipeline::carry():194}:195}()
#40 C:/Users/LEONARDO/Desktop/wayna/LOS-BESTIES-Wolf-tank-wayna/wayna_mercado/vendor/laravel/framework/src/Illuminate/Pipeline/Pipeline.php(219): Illuminate/Foundation/Http/Middleware/PreventRequestsDuringMaintenance->handle()
#41 C:/Users/LEONARDO/Desktop/wayna/LOS-BESTIES-Wolf-tank-wayna/wayna_mercado/vendor/laravel/framework/src/Illuminate/Http/Middleware/HandleCors.php(61): Illuminate/Pipeline/Pipeline->{closure:{closure:Illuminate/Pipeline/Pipeline::carry():194}:195}()
#42 C:/Users/LEONARDO/Desktop/wayna/LOS-BESTIES-Wolf-tank-wayna/wayna_mercado/vendor/laravel/framework/src/Illuminate/Pipeline/Pipeline.php(219): Illuminate/Http/Middleware/HandleCors->handle()
#43 C:/Users/LEONARDO/Desktop/wayna/LOS-BESTIES-Wolf-tank-wayna/wayna_mercado/vendor/laravel/framework/src/Illuminate/Http/Middleware/TrustProxies.php(58): Illuminate/Pipeline/Pipeline->{closure:{closure:Illuminate/Pipeline/Pipeline::carry():194}:195}()
#44 C:/Users/LEONARDO/Desktop/wayna/LOS-BESTIES-Wolf-tank-wayna/wayna_mercado/vendor/laravel/framework/src/Illuminate/Pipeline/Pipeline.php(219): Illuminate/Http/Middleware/TrustProxies->handle()
#45 C:/Users/LEONARDO/Desktop/wayna/LOS-BESTIES-Wolf-tank-wayna/wayna_mercado/vendor/laravel/framework/src/Illuminate/Foundation/Http/Middleware/InvokeDeferredCallbacks.php(22): Illuminate/Pipeline/Pipeline->{closure:{closure:Illuminate/Pipeline/Pipeline::carry():194}:195}()
#46 C:/Users/LEONARDO/Desktop/wayna/LOS-BESTIES-Wolf-tank-wayna/wayna_mercado/vendor/laravel/framework/src/Illuminate/Pipeline/Pipeline.php(219): Illuminate/Foundation/Http/Middleware/InvokeDeferredCallbacks->handle()
#47 C:/Users/LEONARDO/Desktop/wayna/LOS-BESTIES-Wolf-tank-wayna/wayna_mercado/vendor/laravel/framework/src/Illuminate/Http/Middleware/ValidatePathEncoding.php(28): Illuminate/Pipeline/Pipeline->{closure:{closure:Illuminate/Pipeline/Pipeline::carry():194}:195}()
#48 C:/Users/LEONARDO/Desktop/wayna/LOS-BESTIES-Wolf-tank-wayna/wayna_mercado/vendor/laravel/framework/src/Illuminate/Pipeline/Pipeline.php(219): Illuminate/Http/Middleware/ValidatePathEncoding->handle()
#49 C:/Users/LEONARDO/Desktop/wayna/LOS-BESTIES-Wolf-tank-wayna/wayna_mercado/vendor/laravel/framework/src/Illuminate/Pipeline/Pipeline.php(137): Illuminate/Pipeline/Pipeline->{closure:{closure:Illuminate/Pipeline/Pipeline::carry():194}:195}()
#50 C:/Users/LEONARDO/Desktop/wayna/LOS-BESTIES-Wolf-tank-wayna/wayna_mercado/vendor/laravel/framework/src/Illuminate/Foundation/Http/Kernel.php(175): Illuminate/Pipeline/Pipeline->then()
#51 C:/Users/LEONARDO/Desktop/wayna/LOS-BESTIES-Wolf-tank-wayna/wayna_mercado/vendor/laravel/framework/src/Illuminate/Foundation/Http/Kernel.php(144): Illuminate/Foundation/Http/Kernel->sendRequestThroughRouter()
#52 C:/Users/LEONARDO/Desktop/wayna/LOS-BESTIES-Wolf-tank-wayna/wayna_mercado/vendor/laravel/framework/src/Illuminate/Foundation/Application.php(1220): Illuminate/Foundation/Http/Kernel->handle()
#53 C:/Users/LEONARDO/Desktop/wayna/LOS-BESTIES-Wolf-tank-wayna/wayna_mercado/public/index.php(20): Illuminate/Foundation/Application->handleRequest()
#54 C:/Users/LEONARDO/Desktop/wayna/LOS-BESTIES-Wolf-tank-wayna/wayna_mercado/vendor/laravel/framework/src/Illuminate/Foundation/resources/server.php(23): require_once('...')
#55 {main}
"} 
[2026-05-16 05:17:31] local.ERROR: View [auth.login] not found. {"exception":"[object] (InvalidArgumentException(code: 0): View [auth.login] not found. at C:/Users/LEONARDO/Desktop/wayna/LOS-BESTIES-Wolf-tank-wayna/wayna_mercado/vendor/laravel/framework/src/Illuminate/View/FileViewFinder.php:138)
[stacktrace]
#0 C:/Users/LEONARDO/Desktop/wayna/LOS-BESTIES-Wolf-tank-wayna/wayna_mercado/vendor/laravel/framework/src/Illuminate/View/FileViewFinder.php(78): Illuminate/View/FileViewFinder->findInPaths()
#1 C:/Users/LEONARDO/Desktop/wayna/LOS-BESTIES-Wolf-tank-wayna/wayna_mercado/vendor/laravel/framework/src/Illuminate/View/Factory.php(150): Illuminate/View/FileViewFinder->find()
#2 C:/Users/LEONARDO/Desktop/wayna/LOS-BESTIES-Wolf-tank-wayna/wayna_mercado/vendor/laravel/framework/src/Illuminate/Foundation/helpers.php(1100): Illuminate/View/Factory->make()
#3 C:/Users/LEONARDO/Desktop/wayna/LOS-BESTIES-Wolf-tank-wayna/wayna_mercado/routes/web.php(22): view()
#4 C:/Users/LEONARDO/Desktop/wayna/LOS-BESTIES-Wolf-tank-wayna/wayna_mercado/vendor/laravel/framework/src/Illuminate/Routing/CallableDispatcher.php(39): Illuminate/Routing/RouteFileRegistrar->{closure:C:/Users/LEONARDO/Desktop/wayna/LOS-BESTIES-Wolf-tank-wayna/wayna_mercado/routes/web.php:21}()
#5 C:/Users/LEONARDO/Desktop/wayna/LOS-BESTIES-Wolf-tank-wayna/wayna_mercado/vendor/laravel/framework/src/Illuminate/Routing/Route.php(247): Illuminate/Routing/CallableDispatcher->dispatch()
#6 C:/Users/LEONARDO/Desktop/wayna/LOS-BESTIES-Wolf-tank-wayna/wayna_mercado/vendor/laravel/framework/src/Illuminate/Routing/Route.php(218): Illuminate/Routing/Route->runCallable()
#7 C:/Users/LEONARDO/Desktop/wayna/LOS-BESTIES-Wolf-tank-wayna/wayna_mercado/vendor/laravel/framework/src/Illuminate/Routing/Router.php(822): Illuminate/Routing/Route->run()
#8 C:/Users/LEONARDO/Desktop/wayna/LOS-BESTIES-Wolf-tank-wayna/wayna_mercado/vendor/laravel/framework/src/Illuminate/Pipeline/Pipeline.php(180): Illuminate/Routing/Router->{closure:Illuminate/Routing/Router::runRouteWithinStack():821}()
#9 C:/Users/LEONARDO/Desktop/wayna/LOS-BESTIES-Wolf-tank-wayna/wayna_mercado/vendor/laravel/boost/src/Middleware/InjectBoost.php(22): Illuminate/Pipeline/Pipeline->{closure:Illuminate/Pipeline/Pipeline::prepareDestination():178}()
#10 C:/Users/LEONARDO/Desktop/wayna/LOS-BESTIES-Wolf-tank-wayna/wayna_mercado/vendor/laravel/framework/src/Illuminate/Pipeline/Pipeline.php(219): Laravel/Boost/Middleware/InjectBoost->handle()
#11 C:/Users/LEONARDO/Desktop/wayna/LOS-BESTIES-Wolf-tank-wayna/wayna_mercado/vendor/laravel/framework/src/Illuminate/Routing/Middleware/SubstituteBindings.php(52): Illuminate/Pipeline/Pipeline->{closure:{closure:Illuminate/Pipeline/Pipeline::carry():194}:195}()
#12 C:/Users/LEONARDO/Desktop/wayna/LOS-BESTIES-Wolf-tank-wayna/wayna_mercado/vendor/laravel/framework/src/Illuminate/Pipeline/Pipeline.php(219): Illuminate/Routing/Middleware/SubstituteBindings->handle()
#13 C:/Users/LEONARDO/Desktop/wayna/LOS-BESTIES-Wolf-tank-wayna/wayna_mercado/vendor/laravel/framework/src/Illuminate/Foundation/Http/Middleware/PreventRequestForgery.php(104): Illuminate/Pipeline/Pipeline->{closure:{closure:Illuminate/Pipeline/Pipeline::carry():194}:195}()
#14 C:/Users/LEONARDO/Desktop/wayna/LOS-BESTIES-Wolf-tank-wayna/wayna_mercado/vendor/laravel/framework/src/Illuminate/Pipeline/Pipeline.php(219): Illuminate/Foundation/Http/Middleware/PreventRequestForgery->handle()
#15 C:/Users/LEONARDO/Desktop/wayna/LOS-BESTIES-Wolf-tank-wayna/wayna_mercado/vendor/laravel/framework/src/Illuminate/View/Middleware/ShareErrorsFromSession.php(48): Illuminate/Pipeline/Pipeline->{closure:{closure:Illuminate/Pipeline/Pipeline::carry():194}:195}()
#16 C:/Users/LEONARDO/Desktop/wayna/LOS-BESTIES-Wolf-tank-wayna/wayna_mercado/vendor/laravel/framework/src/Illuminate/Pipeline/Pipeline.php(219): Illuminate/View/Middleware/ShareErrorsFromSession->handle()
#17 C:/Users/LEONARDO/Desktop/wayna/LOS-BESTIES-Wolf-tank-wayna/wayna_mercado/vendor/laravel/framework/src/Illuminate/Session/Middleware/StartSession.php(120): Illuminate/Pipeline/Pipeline->{closure:{closure:Illuminate/Pipeline/Pipeline::carry():194}:195}()
#18 C:/Users/LEONARDO/Desktop/wayna/LOS-BESTIES-Wolf-tank-wayna/wayna_mercado/vendor/laravel/framework/src/Illuminate/Session/Middleware/StartSession.php(63): Illuminate/Session/Middleware/StartSession->handleStatefulRequest()
#19 C:/Users/LEONARDO/Desktop/wayna/LOS-BESTIES-Wolf-tank-wayna/wayna_mercado/vendor/laravel/framework/src/Illuminate/Pipeline/Pipeline.php(219): Illuminate/Session/Middleware/StartSession->handle()
#20 C:/Users/LEONARDO/Desktop/wayna/LOS-BESTIES-Wolf-tank-wayna/wayna_mercado/vendor/laravel/framework/src/Illuminate/Cookie/Middleware/AddQueuedCookiesToResponse.php(36): Illuminate/Pipeline/Pipeline->{closure:{closure:Illuminate/Pipeline/Pipeline::carry():194}:195}()
#21 C:/Users/LEONARDO/Desktop/wayna/LOS-BESTIES-Wolf-tank-wayna/wayna_mercado/vendor/laravel/framework/src/Illuminate/Pipeline/Pipeline.php(219): Illuminate/Cookie/Middleware/AddQueuedCookiesToResponse->handle()
#22 C:/Users/LEONARDO/Desktop/wayna/LOS-BESTIES-Wolf-tank-wayna/wayna_mercado/vendor/laravel/framework/src/Illuminate/Cookie/Middleware/EncryptCookies.php(74): Illuminate/Pipeline/Pipeline->{closure:{closure:Illuminate/Pipeline/Pipeline::carry():194}:195}()
#23 C:/Users/LEONARDO/Desktop/wayna/LOS-BESTIES-Wolf-tank-wayna/wayna_mercado/vendor/laravel/framework/src/Illuminate/Pipeline/Pipeline.php(219): Illuminate/Cookie/Middleware/EncryptCookies->handle()
#24 C:/Users/LEONARDO/Desktop/wayna/LOS-BESTIES-Wolf-tank-wayna/wayna_mercado/vendor/laravel/framework/src/Illuminate/Pipeline/Pipeline.php(137): Illuminate/Pipeline/Pipeline->{closure:{closure:Illuminate/Pipeline/Pipeline::carry():194}:195}()
#25 C:/Users/LEONARDO/Desktop/wayna/LOS-BESTIES-Wolf-tank-wayna/wayna_mercado/vendor/laravel/framework/src/Illuminate/Routing/Router.php(821): Illuminate/Pipeline/Pipeline->then()
#26 C:/Users/LEONARDO/Desktop/wayna/LOS-BESTIES-Wolf-tank-wayna/wayna_mercado/vendor/laravel/framework/src/Illuminate/Routing/Router.php(800): Illuminate/Routing/Router->runRouteWithinStack()
#27 C:/Users/LEONARDO/Desktop/wayna/LOS-BESTIES-Wolf-tank-wayna/wayna_mercado/vendor/laravel/framework/src/Illuminate/Routing/Router.php(764): Illuminate/Routing/Router->runRoute()
#28 C:/Users/LEONARDO/Desktop/wayna/LOS-BESTIES-Wolf-tank-wayna/wayna_mercado/vendor/laravel/framework/src/Illuminate/Routing/Router.php(753): Illuminate/Routing/Router->dispatchToRoute()
#29 C:/Users/LEONARDO/Desktop/wayna/LOS-BESTIES-Wolf-tank-wayna/wayna_mercado/vendor/laravel/framework/src/Illuminate/Foundation/Http/Kernel.php(200): Illuminate/Routing/Router->dispatch()
#30 C:/Users/LEONARDO/Desktop/wayna/LOS-BESTIES-Wolf-tank-wayna/wayna_mercado/vendor/laravel/framework/src/Illuminate/Pipeline/Pipeline.php(180): Illuminate/Foundation/Http/Kernel->{closure:Illuminate/Foundation/Http/Kernel::dispatchToRouter():197}()
#31 C:/Users/LEONARDO/Desktop/wayna/LOS-BESTIES-Wolf-tank-wayna/wayna_mercado/vendor/laravel/framework/src/Illuminate/Foundation/Http/Middleware/TransformsRequest.php(21): Illuminate/Pipeline/Pipeline->{closure:Illuminate/Pipeline/Pipeline::prepareDestination():178}()
#32 C:/Users/LEONARDO/Desktop/wayna/LOS-BESTIES-Wolf-tank-wayna/wayna_mercado/vendor/laravel/framework/src/Illuminate/Foundation/Http/Middleware/ConvertEmptyStringsToNull.php(31): Illuminate/Foundation/Http/Middleware/TransformsRequest->handle()
#33 C:/Users/LEONARDO/Desktop/wayna/LOS-BESTIES-Wolf-tank-wayna/wayna_mercado/vendor/laravel/framework/src/Illuminate/Pipeline/Pipeline.php(219): Illuminate/Foundation/Http/Middleware/ConvertEmptyStringsToNull->handle()
#34 C:/Users/LEONARDO/Desktop/wayna/LOS-BESTIES-Wolf-tank-wayna/wayna_mercado/vendor/laravel/framework/src/Illuminate/Foundation/Http/Middleware/TransformsRequest.php(21): Illuminate/Pipeline/Pipeline->{closure:{closure:Illuminate/Pipeline/Pipeline::carry():194}:195}()
#35 C:/Users/LEONARDO/Desktop/wayna/LOS-BESTIES-Wolf-tank-wayna/wayna_mercado/vendor/laravel/framework/src/Illuminate/Foundation/Http/Middleware/TrimStrings.php(51): Illuminate/Foundation/Http/Middleware/TransformsRequest->handle()
#36 C:/Users/LEONARDO/Desktop/wayna/LOS-BESTIES-Wolf-tank-wayna/wayna_mercado/vendor/laravel/framework/src/Illuminate/Pipeline/Pipeline.php(219): Illuminate/Foundation/Http/Middleware/TrimStrings->handle()
#37 C:/Users/LEONARDO/Desktop/wayna/LOS-BESTIES-Wolf-tank-wayna/wayna_mercado/vendor/laravel/framework/src/Illuminate/Http/Middleware/ValidatePostSize.php(27): Illuminate/Pipeline/Pipeline->{closure:{closure:Illuminate/Pipeline/Pipeline::carry():194}:195}()
#38 C:/Users/LEONARDO/Desktop/wayna/LOS-BESTIES-Wolf-tank-wayna/wayna_mercado/vendor/laravel/framework/src/Illuminate/Pipeline/Pipeline.php(219): Illuminate/Http/Middleware/ValidatePostSize->handle()
#39 C:/Users/LEONARDO/Desktop/wayna/LOS-BESTIES-Wolf-tank-wayna/wayna_mercado/vendor/laravel/framework/src/Illuminate/Foundation/Http/Middleware/PreventRequestsDuringMaintenance.php(109): Illuminate/Pipeline/Pipeline->{closure:{closure:Illuminate/Pipeline/Pipeline::carry():194}:195}()
#40 C:/Users/LEONARDO/Desktop/wayna/LOS-BESTIES-Wolf-tank-wayna/wayna_mercado/vendor/laravel/framework/src/Illuminate/Pipeline/Pipeline.php(219): Illuminate/Foundation/Http/Middleware/PreventRequestsDuringMaintenance->handle()
#41 C:/Users/LEONARDO/Desktop/wayna/LOS-BESTIES-Wolf-tank-wayna/wayna_mercado/vendor/laravel/framework/src/Illuminate/Http/Middleware/HandleCors.php(61): Illuminate/Pipeline/Pipeline->{closure:{closure:Illuminate/Pipeline/Pipeline::carry():194}:195}()
#42 C:/Users/LEONARDO/Desktop/wayna/LOS-BESTIES-Wolf-tank-wayna/wayna_mercado/vendor/laravel/framework/src/Illuminate/Pipeline/Pipeline.php(219): Illuminate/Http/Middleware/HandleCors->handle()
#43 C:/Users/LEONARDO/Desktop/wayna/LOS-BESTIES-Wolf-tank-wayna/wayna_mercado/vendor/laravel/framework/src/Illuminate/Http/Middleware/TrustProxies.php(58): Illuminate/Pipeline/Pipeline->{closure:{closure:Illuminate/Pipeline/Pipeline::carry():194}:195}()
#44 C:/Users/LEONARDO/Desktop/wayna/LOS-BESTIES-Wolf-tank-wayna/wayna_mercado/vendor/laravel/framework/src/Illuminate/Pipeline/Pipeline.php(219): Illuminate/Http/Middleware/TrustProxies->handle()
#45 C:/Users/LEONARDO/Desktop/wayna/LOS-BESTIES-Wolf-tank-wayna/wayna_mercado/vendor/laravel/framework/src/Illuminate/Foundation/Http/Middleware/InvokeDeferredCallbacks.php(22): Illuminate/Pipeline/Pipeline->{closure:{closure:Illuminate/Pipeline/Pipeline::carry():194}:195}()
#46 C:/Users/LEONARDO/Desktop/wayna/LOS-BESTIES-Wolf-tank-wayna/wayna_mercado/vendor/laravel/framework/src/Illuminate/Pipeline/Pipeline.php(219): Illuminate/Foundation/Http/Middleware/InvokeDeferredCallbacks->handle()
#47 C:/Users/LEONARDO/Desktop/wayna/LOS-BESTIES-Wolf-tank-wayna/wayna_mercado/vendor/laravel/framework/src/Illuminate/Http/Middleware/ValidatePathEncoding.php(28): Illuminate/Pipeline/Pipeline->{closure:{closure:Illuminate/Pipeline/Pipeline::carry():194}:195}()
#48 C:/Users/LEONARDO/Desktop/wayna/LOS-BESTIES-Wolf-tank-wayna/wayna_mercado/vendor/laravel/framework/src/Illuminate/Pipeline/Pipeline.php(219): Illuminate/Http/Middleware/ValidatePathEncoding->handle()
#49 C:/Users/LEONARDO/Desktop/wayna/LOS-BESTIES-Wolf-tank-wayna/wayna_mercado/vendor/laravel/framework/src/Illuminate/Pipeline/Pipeline.php(137): Illuminate/Pipeline/Pipeline->{closure:{closure:Illuminate/Pipeline/Pipeline::carry():194}:195}()
#50 C:/Users/LEONARDO/Desktop/wayna/LOS-BESTIES-Wolf-tank-wayna/wayna_mercado/vendor/laravel/framework/src/Illuminate/Foundation/Http/Kernel.php(175): Illuminate/Pipeline/Pipeline->then()
#51 C:/Users/LEONARDO/Desktop/wayna/LOS-BESTIES-Wolf-tank-wayna/wayna_mercado/vendor/laravel/framework/src/Illuminate/Foundation/Http/Kernel.php(144): Illuminate/Foundation/Http/Kernel->sendRequestThroughRouter()
#52 C:/Users/LEONARDO/Desktop/wayna/LOS-BESTIES-Wolf-tank-wayna/wayna_mercado/vendor/laravel/framework/src/Illuminate/Foundation/Application.php(1220): Illuminate/Foundation/Http/Kernel->handle()
#53 C:/Users/LEONARDO/Desktop/wayna/LOS-BESTIES-Wolf-tank-wayna/wayna_mercado/public/index.php(20): Illuminate/Foundation/Application->handleRequest()
#54 C:/Users/LEONARDO/Desktop/wayna/LOS-BESTIES-Wolf-tank-wayna/wayna_mercado/vendor/laravel/framework/src/Illuminate/Foundation/resources/server.php(23): require_once('...')
#55 {main}
"} 
[2026-05-16 05:23:35] local.ERROR: View [auth.login] not found. {"exception":"[object] (InvalidArgumentException(code: 0): View [auth.login] not found. at C:/Users/LEONARDO/Desktop/wayna/LOS-BESTIES-Wolf-tank-wayna/wayna_mercado/vendor/laravel/framework/src/Illuminate/View/FileViewFinder.php:138)
[stacktrace]
#0 C:/Users/LEONARDO/Desktop/wayna/LOS-BESTIES-Wolf-tank-wayna/wayna_mercado/vendor/laravel/framework/src/Illuminate/View/FileViewFinder.php(78): Illuminate/View/FileViewFinder->findInPaths()
#1 C:/Users/LEONARDO/Desktop/wayna/LOS-BESTIES-Wolf-tank-wayna/wayna_mercado/vendor/laravel/framework/src/Illuminate/View/Factory.php(150): Illuminate/View/FileViewFinder->find()
#2 C:/Users/LEONARDO/Desktop/wayna/LOS-BESTIES-Wolf-tank-wayna/wayna_mercado/vendor/laravel/framework/src/Illuminate/Foundation/helpers.php(1100): Illuminate/View/Factory->make()
#3 C:/Users/LEONARDO/Desktop/wayna/LOS-BESTIES-Wolf-tank-wayna/wayna_mercado/routes/web.php(22): view()
#4 C:/Users/LEONARDO/Desktop/wayna/LOS-BESTIES-Wolf-tank-wayna/wayna_mercado/vendor/laravel/framework/src/Illuminate/Routing/CallableDispatcher.php(39): Illuminate/Routing/RouteFileRegistrar->{closure:C:/Users/LEONARDO/Desktop/wayna/LOS-BESTIES-Wolf-tank-wayna/wayna_mercado/routes/web.php:21}()
#5 C:/Users/LEONARDO/Desktop/wayna/LOS-BESTIES-Wolf-tank-wayna/wayna_mercado/vendor/laravel/framework/src/Illuminate/Routing/Route.php(247): Illuminate/Routing/CallableDispatcher->dispatch()
#6 C:/Users/LEONARDO/Desktop/wayna/LOS-BESTIES-Wolf-tank-wayna/wayna_mercado/vendor/laravel/framework/src/Illuminate/Routing/Route.php(218): Illuminate/Routing/Route->runCallable()
#7 C:/Users/LEONARDO/Desktop/wayna/LOS-BESTIES-Wolf-tank-wayna/wayna_mercado/vendor/laravel/framework/src/Illuminate/Routing/Router.php(822): Illuminate/Routing/Route->run()
#8 C:/Users/LEONARDO/Desktop/wayna/LOS-BESTIES-Wolf-tank-wayna/wayna_mercado/vendor/laravel/framework/src/Illuminate/Pipeline/Pipeline.php(180): Illuminate/Routing/Router->{closure:Illuminate/Routing/Router::runRouteWithinStack():821}()
#9 C:/Users/LEONARDO/Desktop/wayna/LOS-BESTIES-Wolf-tank-wayna/wayna_mercado/vendor/laravel/boost/src/Middleware/InjectBoost.php(22): Illuminate/Pipeline/Pipeline->{closure:Illuminate/Pipeline/Pipeline::prepareDestination():178}()
#10 C:/Users/LEONARDO/Desktop/wayna/LOS-BESTIES-Wolf-tank-wayna/wayna_mercado/vendor/laravel/framework/src/Illuminate/Pipeline/Pipeline.php(219): Laravel/Boost/Middleware/InjectBoost->handle()
#11 C:/Users/LEONARDO/Desktop/wayna/LOS-BESTIES-Wolf-tank-wayna/wayna_mercado/vendor/laravel/framework/src/Illuminate/Routing/Middleware/SubstituteBindings.php(52): Illuminate/Pipeline/Pipeline->{closure:{closure:Illuminate/Pipeline/Pipeline::carry():194}:195}()
#12 C:/Users/LEONARDO/Desktop/wayna/LOS-BESTIES-Wolf-tank-wayna/wayna_mercado/vendor/laravel/framework/src/Illuminate/Pipeline/Pipeline.php(219): Illuminate/Routing/Middleware/SubstituteBindings->handle()
#13 C:/Users/LEONARDO/Desktop/wayna/LOS-BESTIES-Wolf-tank-wayna/wayna_mercado/vendor/laravel/framework/src/Illuminate/Foundation/Http/Middleware/PreventRequestForgery.php(104): Illuminate/Pipeline/Pipeline->{closure:{closure:Illuminate/Pipeline/Pipeline::carry():194}:195}()
#14 C:/Users/LEONARDO/Desktop/wayna/LOS-BESTIES-Wolf-tank-wayna/wayna_mercado/vendor/laravel/framework/src/Illuminate/Pipeline/Pipeline.php(219): Illuminate/Foundation/Http/Middleware/PreventRequestForgery->handle()
#15 C:/Users/LEONARDO/Desktop/wayna/LOS-BESTIES-Wolf-tank-wayna/wayna_mercado/vendor/laravel/framework/src/Illuminate/View/Middleware/ShareErrorsFromSession.php(48): Illuminate/Pipeline/Pipeline->{closure:{closure:Illuminate/Pipeline/Pipeline::carry():194}:195}()
#16 C:/Users/LEONARDO/Desktop/wayna/LOS-BESTIES-Wolf-tank-wayna/wayna_mercado/vendor/laravel/framework/src/Illuminate/Pipeline/Pipeline.php(219): Illuminate/View/Middleware/ShareErrorsFromSession->handle()
#17 C:/Users/LEONARDO/Desktop/wayna/LOS-BESTIES-Wolf-tank-wayna/wayna_mercado/vendor/laravel/framework/src/Illuminate/Session/Middleware/StartSession.php(120): Illuminate/Pipeline/Pipeline->{closure:{closure:Illuminate/Pipeline/Pipeline::carry():194}:195}()
#18 C:/Users/LEONARDO/Desktop/wayna/LOS-BESTIES-Wolf-tank-wayna/wayna_mercado/vendor/laravel/framework/src/Illuminate/Session/Middleware/StartSession.php(63): Illuminate/Session/Middleware/StartSession->handleStatefulRequest()
#19 C:/Users/LEONARDO/Desktop/wayna/LOS-BESTIES-Wolf-tank-wayna/wayna_mercado/vendor/laravel/framework/src/Illuminate/Pipeline/Pipeline.php(219): Illuminate/Session/Middleware/StartSession->handle()
#20 C:/Users/LEONARDO/Desktop/wayna/LOS-BESTIES-Wolf-tank-wayna/wayna_mercado/vendor/laravel/framework/src/Illuminate/Cookie/Middleware/AddQueuedCookiesToResponse.php(36): Illuminate/Pipeline/Pipeline->{closure:{closure:Illuminate/Pipeline/Pipeline::carry():194}:195}()
#21 C:/Users/LEONARDO/Desktop/wayna/LOS-BESTIES-Wolf-tank-wayna/wayna_mercado/vendor/laravel/framework/src/Illuminate/Pipeline/Pipeline.php(219): Illuminate/Cookie/Middleware/AddQueuedCookiesToResponse->handle()
#22 C:/Users/LEONARDO/Desktop/wayna/LOS-BESTIES-Wolf-tank-wayna/wayna_mercado/vendor/laravel/framework/src/Illuminate/Cookie/Middleware/EncryptCookies.php(74): Illuminate/Pipeline/Pipeline->{closure:{closure:Illuminate/Pipeline/Pipeline::carry():194}:195}()
#23 C:/Users/LEONARDO/Desktop/wayna/LOS-BESTIES-Wolf-tank-wayna/wayna_mercado/vendor/laravel/framework/src/Illuminate/Pipeline/Pipeline.php(219): Illuminate/Cookie/Middleware/EncryptCookies->handle()
#24 C:/Users/LEONARDO/Desktop/wayna/LOS-BESTIES-Wolf-tank-wayna/wayna_mercado/vendor/laravel/framework/src/Illuminate/Pipeline/Pipeline.php(137): Illuminate/Pipeline/Pipeline->{closure:{closure:Illuminate/Pipeline/Pipeline::carry():194}:195}()
#25 C:/Users/LEONARDO/Desktop/wayna/LOS-BESTIES-Wolf-tank-wayna/wayna_mercado/vendor/laravel/framework/src/Illuminate/Routing/Router.php(821): Illuminate/Pipeline/Pipeline->then()
#26 C:/Users/LEONARDO/Desktop/wayna/LOS-BESTIES-Wolf-tank-wayna/wayna_mercado/vendor/laravel/framework/src/Illuminate/Routing/Router.php(800): Illuminate/Routing/Router->runRouteWithinStack()
#27 C:/Users/LEONARDO/Desktop/wayna/LOS-BESTIES-Wolf-tank-wayna/wayna_mercado/vendor/laravel/framework/src/Illuminate/Routing/Router.php(764): Illuminate/Routing/Router->runRoute()
#28 C:/Users/LEONARDO/Desktop/wayna/LOS-BESTIES-Wolf-tank-wayna/wayna_mercado/vendor/laravel/framework/src/Illuminate/Routing/Router.php(753): Illuminate/Routing/Router->dispatchToRoute()
#29 C:/Users/LEONARDO/Desktop/wayna/LOS-BESTIES-Wolf-tank-wayna/wayna_mercado/vendor/laravel/framework/src/Illuminate/Foundation/Http/Kernel.php(200): Illuminate/Routing/Router->dispatch()
#30 C:/Users/LEONARDO/Desktop/wayna/LOS-BESTIES-Wolf-tank-wayna/wayna_mercado/vendor/laravel/framework/src/Illuminate/Pipeline/Pipeline.php(180): Illuminate/Foundation/Http/Kernel->{closure:Illuminate/Foundation/Http/Kernel::dispatchToRouter():197}()
#31 C:/Users/LEONARDO/Desktop/wayna/LOS-BESTIES-Wolf-tank-wayna/wayna_mercado/vendor/laravel/framework/src/Illuminate/Foundation/Http/Middleware/TransformsRequest.php(21): Illuminate/Pipeline/Pipeline->{closure:Illuminate/Pipeline/Pipeline::prepareDestination():178}()
#32 C:/Users/LEONARDO/Desktop/wayna/LOS-BESTIES-Wolf-tank-wayna/wayna_mercado/vendor/laravel/framework/src/Illuminate/Foundation/Http/Middleware/ConvertEmptyStringsToNull.php(31): Illuminate/Foundation/Http/Middleware/TransformsRequest->handle()
#33 C:/Users/LEONARDO/Desktop/wayna/LOS-BESTIES-Wolf-tank-wayna/wayna_mercado/vendor/laravel/framework/src/Illuminate/Pipeline/Pipeline.php(219): Illuminate/Foundation/Http/Middleware/ConvertEmptyStringsToNull->handle()
#34 C:/Users/LEONARDO/Desktop/wayna/LOS-BESTIES-Wolf-tank-wayna/wayna_mercado/vendor/laravel/framework/src/Illuminate/Foundation/Http/Middleware/TransformsRequest.php(21): Illuminate/Pipeline/Pipeline->{closure:{closure:Illuminate/Pipeline/Pipeline::carry():194}:195}()
#35 C:/Users/LEONARDO/Desktop/wayna/LOS-BESTIES-Wolf-tank-wayna/wayna_mercado/vendor/laravel/framework/src/Illuminate/Foundation/Http/Middleware/TrimStrings.php(51): Illuminate/Foundation/Http/Middleware/TransformsRequest->handle()
#36 C:/Users/LEONARDO/Desktop/wayna/LOS-BESTIES-Wolf-tank-wayna/wayna_mercado/vendor/laravel/framework/src/Illuminate/Pipeline/Pipeline.php(219): Illuminate/Foundation/Http/Middleware/TrimStrings->handle()
#37 C:/Users/LEONARDO/Desktop/wayna/LOS-BESTIES-Wolf-tank-wayna/wayna_mercado/vendor/laravel/framework/src/Illuminate/Http/Middleware/ValidatePostSize.php(27): Illuminate/Pipeline/Pipeline->{closure:{closure:Illuminate/Pipeline/Pipeline::carry():194}:195}()
#38 C:/Users/LEONARDO/Desktop/wayna/LOS-BESTIES-Wolf-tank-wayna/wayna_mercado/vendor/laravel/framework/src/Illuminate/Pipeline/Pipeline.php(219): Illuminate/Http/Middleware/ValidatePostSize->handle()
#39 C:/Users/LEONARDO/Desktop/wayna/LOS-BESTIES-Wolf-tank-wayna/wayna_mercado/vendor/laravel/framework/src/Illuminate/Foundation/Http/Middleware/PreventRequestsDuringMaintenance.php(109): Illuminate/Pipeline/Pipeline->{closure:{closure:Illuminate/Pipeline/Pipeline::carry():194}:195}()
#40 C:/Users/LEONARDO/Desktop/wayna/LOS-BESTIES-Wolf-tank-wayna/wayna_mercado/vendor/laravel/framework/src/Illuminate/Pipeline/Pipeline.php(219): Illuminate/Foundation/Http/Middleware/PreventRequestsDuringMaintenance->handle()
#41 C:/Users/LEONARDO/Desktop/wayna/LOS-BESTIES-Wolf-tank-wayna/wayna_mercado/vendor/laravel/framework/src/Illuminate/Http/Middleware/HandleCors.php(61): Illuminate/Pipeline/Pipeline->{closure:{closure:Illuminate/Pipeline/Pipeline::carry():194}:195}()
#42 C:/Users/LEONARDO/Desktop/wayna/LOS-BESTIES-Wolf-tank-wayna/wayna_mercado/vendor/laravel/framework/src/Illuminate/Pipeline/Pipeline.php(219): Illuminate/Http/Middleware/HandleCors->handle()
#43 C:/Users/LEONARDO/Desktop/wayna/LOS-BESTIES-Wolf-tank-wayna/wayna_mercado/vendor/laravel/framework/src/Illuminate/Http/Middleware/TrustProxies.php(58): Illuminate/Pipeline/Pipeline->{closure:{closure:Illuminate/Pipeline/Pipeline::carry():194}:195}()
#44 C:/Users/LEONARDO/Desktop/wayna/LOS-BESTIES-Wolf-tank-wayna/wayna_mercado/vendor/laravel/framework/src/Illuminate/Pipeline/Pipeline.php(219): Illuminate/Http/Middleware/TrustProxies->handle()
#45 C:/Users/LEONARDO/Desktop/wayna/LOS-BESTIES-Wolf-tank-wayna/wayna_mercado/vendor/laravel/framework/src/Illuminate/Foundation/Http/Middleware/InvokeDeferredCallbacks.php(22): Illuminate/Pipeline/Pipeline->{closure:{closure:Illuminate/Pipeline/Pipeline::carry():194}:195}()
#46 C:/Users/LEONARDO/Desktop/wayna/LOS-BESTIES-Wolf-tank-wayna/wayna_mercado/vendor/laravel/framework/src/Illuminate/Pipeline/Pipeline.php(219): Illuminate/Foundation/Http/Middleware/InvokeDeferredCallbacks->handle()
#47 C:/Users/LEONARDO/Desktop/wayna/LOS-BESTIES-Wolf-tank-wayna/wayna_mercado/vendor/laravel/framework/src/Illuminate/Http/Middleware/ValidatePathEncoding.php(28): Illuminate/Pipeline/Pipeline->{closure:{closure:Illuminate/Pipeline/Pipeline::carry():194}:195}()
#48 C:/Users/LEONARDO/Desktop/wayna/LOS-BESTIES-Wolf-tank-wayna/wayna_mercado/vendor/laravel/framework/src/Illuminate/Pipeline/Pipeline.php(219): Illuminate/Http/Middleware/ValidatePathEncoding->handle()
#49 C:/Users/LEONARDO/Desktop/wayna/LOS-BESTIES-Wolf-tank-wayna/wayna_mercado/vendor/laravel/framework/src/Illuminate/Pipeline/Pipeline.php(137): Illuminate/Pipeline/Pipeline->{closure:{closure:Illuminate/Pipeline/Pipeline::carry():194}:195}()
#50 C:/Users/LEONARDO/Desktop/wayna/LOS-BESTIES-Wolf-tank-wayna/wayna_mercado/vendor/laravel/framework/src/Illuminate/Foundation/Http/Kernel.php(175): Illuminate/Pipeline/Pipeline->then()
#51 C:/Users/LEONARDO/Desktop/wayna/LOS-BESTIES-Wolf-tank-wayna/wayna_mercado/vendor/laravel/framework/src/Illuminate/Foundation/Http/Kernel.php(144): Illuminate/Foundation/Http/Kernel->sendRequestThroughRouter()
#52 C:/Users/LEONARDO/Desktop/wayna/LOS-BESTIES-Wolf-tank-wayna/wayna_mercado/vendor/laravel/framework/src/Illuminate/Foundation/Application.php(1220): Illuminate/Foundation/Http/Kernel->handle()
#53 C:/Users/LEONARDO/Desktop/wayna/LOS-BESTIES-Wolf-tank-wayna/wayna_mercado/public/index.php(20): Illuminate/Foundation/Application->handleRequest()
#54 C:/Users/LEONARDO/Desktop/wayna/LOS-BESTIES-Wolf-tank-wayna/wayna_mercado/vendor/laravel/framework/src/Illuminate/Foundation/resources/server.php(23): require_once('...')
#55 {main}
"} 
[2026-05-16 05:23:42] local.ERROR: View [auth.register-emprendedor] not found. {"exception":"[object] (InvalidArgumentException(code: 0): View [auth.register-emprendedor] not found. at C:/Users/LEONARDO/Desktop/wayna/LOS-BESTIES-Wolf-tank-wayna/wayna_mercado/vendor/laravel/framework/src/Illuminate/View/FileViewFinder.php:138)
[stacktrace]
#0 C:/Users/LEONARDO/Desktop/wayna/LOS-BESTIES-Wolf-tank-wayna/wayna_mercado/vendor/laravel/framework/src/Illuminate/View/FileViewFinder.php(78): Illuminate/View/FileViewFinder->findInPaths()
#1 C:/Users/LEONARDO/Desktop/wayna/LOS-BESTIES-Wolf-tank-wayna/wayna_mercado/vendor/laravel/framework/src/Illuminate/View/Factory.php(150): Illuminate/View/FileViewFinder->find()
#2 C:/Users/LEONARDO/Desktop/wayna/LOS-BESTIES-Wolf-tank-wayna/wayna_mercado/vendor/laravel/framework/src/Illuminate/Foundation/helpers.php(1100): Illuminate/View/Factory->make()
#3 C:/Users/LEONARDO/Desktop/wayna/LOS-BESTIES-Wolf-tank-wayna/wayna_mercado/routes/web.php(12): view()
#4 C:/Users/LEONARDO/Desktop/wayna/LOS-BESTIES-Wolf-tank-wayna/wayna_mercado/vendor/laravel/framework/src/Illuminate/Routing/CallableDispatcher.php(39): Illuminate/Routing/RouteFileRegistrar->{closure:C:/Users/LEONARDO/Desktop/wayna/LOS-BESTIES-Wolf-tank-wayna/wayna_mercado/routes/web.php:11}()
#5 C:/Users/LEONARDO/Desktop/wayna/LOS-BESTIES-Wolf-tank-wayna/wayna_mercado/vendor/laravel/framework/src/Illuminate/Routing/Route.php(247): Illuminate/Routing/CallableDispatcher->dispatch()
#6 C:/Users/LEONARDO/Desktop/wayna/LOS-BESTIES-Wolf-tank-wayna/wayna_mercado/vendor/laravel/framework/src/Illuminate/Routing/Route.php(218): Illuminate/Routing/Route->runCallable()
#7 C:/Users/LEONARDO/Desktop/wayna/LOS-BESTIES-Wolf-tank-wayna/wayna_mercado/vendor/laravel/framework/src/Illuminate/Routing/Router.php(822): Illuminate/Routing/Route->run()
#8 C:/Users/LEONARDO/Desktop/wayna/LOS-BESTIES-Wolf-tank-wayna/wayna_mercado/vendor/laravel/framework/src/Illuminate/Pipeline/Pipeline.php(180): Illuminate/Routing/Router->{closure:Illuminate/Routing/Router::runRouteWithinStack():821}()
#9 C:/Users/LEONARDO/Desktop/wayna/LOS-BESTIES-Wolf-tank-wayna/wayna_mercado/vendor/laravel/boost/src/Middleware/InjectBoost.php(22): Illuminate/Pipeline/Pipeline->{closure:Illuminate/Pipeline/Pipeline::prepareDestination():178}()
#10 C:/Users/LEONARDO/Desktop/wayna/LOS-BESTIES-Wolf-tank-wayna/wayna_mercado/vendor/laravel/framework/src/Illuminate/Pipeline/Pipeline.php(219): Laravel/Boost/Middleware/InjectBoost->handle()
#11 C:/Users/LEONARDO/Desktop/wayna/LOS-BESTIES-Wolf-tank-wayna/wayna_mercado/vendor/laravel/framework/src/Illuminate/Routing/Middleware/SubstituteBindings.php(52): Illuminate/Pipeline/Pipeline->{closure:{closure:Illuminate/Pipeline/Pipeline::carry():194}:195}()
#12 C:/Users/LEONARDO/Desktop/wayna/LOS-BESTIES-Wolf-tank-wayna/wayna_mercado/vendor/laravel/framework/src/Illuminate/Pipeline/Pipeline.php(219): Illuminate/Routing/Middleware/SubstituteBindings->handle()
#13 C:/Users/LEONARDO/Desktop/wayna/LOS-BESTIES-Wolf-tank-wayna/wayna_mercado/vendor/laravel/framework/src/Illuminate/Foundation/Http/Middleware/PreventRequestForgery.php(104): Illuminate/Pipeline/Pipeline->{closure:{closure:Illuminate/Pipeline/Pipeline::carry():194}:195}()
#14 C:/Users/LEONARDO/Desktop/wayna/LOS-BESTIES-Wolf-tank-wayna/wayna_mercado/vendor/laravel/framework/src/Illuminate/Pipeline/Pipeline.php(219): Illuminate/Foundation/Http/Middleware/PreventRequestForgery->handle()
#15 C:/Users/LEONARDO/Desktop/wayna/LOS-BESTIES-Wolf-tank-wayna/wayna_mercado/vendor/laravel/framework/src/Illuminate/View/Middleware/ShareErrorsFromSession.php(48): Illuminate/Pipeline/Pipeline->{closure:{closure:Illuminate/Pipeline/Pipeline::carry():194}:195}()
#16 C:/Users/LEONARDO/Desktop/wayna/LOS-BESTIES-Wolf-tank-wayna/wayna_mercado/vendor/laravel/framework/src/Illuminate/Pipeline/Pipeline.php(219): Illuminate/View/Middleware/ShareErrorsFromSession->handle()
#17 C:/Users/LEONARDO/Desktop/wayna/LOS-BESTIES-Wolf-tank-wayna/wayna_mercado/vendor/laravel/framework/src/Illuminate/Session/Middleware/StartSession.php(120): Illuminate/Pipeline/Pipeline->{closure:{closure:Illuminate/Pipeline/Pipeline::carry():194}:195}()
#18 C:/Users/LEONARDO/Desktop/wayna/LOS-BESTIES-Wolf-tank-wayna/wayna_mercado/vendor/laravel/framework/src/Illuminate/Session/Middleware/StartSession.php(63): Illuminate/Session/Middleware/StartSession->handleStatefulRequest()
#19 C:/Users/LEONARDO/Desktop/wayna/LOS-BESTIES-Wolf-tank-wayna/wayna_mercado/vendor/laravel/framework/src/Illuminate/Pipeline/Pipeline.php(219): Illuminate/Session/Middleware/StartSession->handle()
#20 C:/Users/LEONARDO/Desktop/wayna/LOS-BESTIES-Wolf-tank-wayna/wayna_mercado/vendor/laravel/framework/src/Illuminate/Cookie/Middleware/AddQueuedCookiesToResponse.php(36): Illuminate/Pipeline/Pipeline->{closure:{closure:Illuminate/Pipeline/Pipeline::carry():194}:195}()
#21 C:/Users/LEONARDO/Desktop/wayna/LOS-BESTIES-Wolf-tank-wayna/wayna_mercado/vendor/laravel/framework/src/Illuminate/Pipeline/Pipeline.php(219): Illuminate/Cookie/Middleware/AddQueuedCookiesToResponse->handle()
#22 C:/Users/LEONARDO/Desktop/wayna/LOS-BESTIES-Wolf-tank-wayna/wayna_mercado/vendor/laravel/framework/src/Illuminate/Cookie/Middleware/EncryptCookies.php(74): Illuminate/Pipeline/Pipeline->{closure:{closure:Illuminate/Pipeline/Pipeline::carry():194}:195}()
#23 C:/Users/LEONARDO/Desktop/wayna/LOS-BESTIES-Wolf-tank-wayna/wayna_mercado/vendor/laravel/framework/src/Illuminate/Pipeline/Pipeline.php(219): Illuminate/Cookie/Middleware/EncryptCookies->handle()
#24 C:/Users/LEONARDO/Desktop/wayna/LOS-BESTIES-Wolf-tank-wayna/wayna_mercado/vendor/laravel/framework/src/Illuminate/Pipeline/Pipeline.php(137): Illuminate/Pipeline/Pipeline->{closure:{closure:Illuminate/Pipeline/Pipeline::carry():194}:195}()
#25 C:/Users/LEONARDO/Desktop/wayna/LOS-BESTIES-Wolf-tank-wayna/wayna_mercado/vendor/laravel/framework/src/Illuminate/Routing/Router.php(821): Illuminate/Pipeline/Pipeline->then()
#26 C:/Users/LEONARDO/Desktop/wayna/LOS-BESTIES-Wolf-tank-wayna/wayna_mercado/vendor/laravel/framework/src/Illuminate/Routing/Router.php(800): Illuminate/Routing/Router->runRouteWithinStack()
#27 C:/Users/LEONARDO/Desktop/wayna/LOS-BESTIES-Wolf-tank-wayna/wayna_mercado/vendor/laravel/framework/src/Illuminate/Routing/Router.php(764): Illuminate/Routing/Router->runRoute()
#28 C:/Users/LEONARDO/Desktop/wayna/LOS-BESTIES-Wolf-tank-wayna/wayna_mercado/vendor/laravel/framework/src/Illuminate/Routing/Router.php(753): Illuminate/Routing/Router->dispatchToRoute()
#29 C:/Users/LEONARDO/Desktop/wayna/LOS-BESTIES-Wolf-tank-wayna/wayna_mercado/vendor/laravel/framework/src/Illuminate/Foundation/Http/Kernel.php(200): Illuminate/Routing/Router->dispatch()
#30 C:/Users/LEONARDO/Desktop/wayna/LOS-BESTIES-Wolf-tank-wayna/wayna_mercado/vendor/laravel/framework/src/Illuminate/Pipeline/Pipeline.php(180): Illuminate/Foundation/Http/Kernel->{closure:Illuminate/Foundation/Http/Kernel::dispatchToRouter():197}()
#31 C:/Users/LEONARDO/Desktop/wayna/LOS-BESTIES-Wolf-tank-wayna/wayna_mercado/vendor/laravel/framework/src/Illuminate/Foundation/Http/Middleware/TransformsRequest.php(21): Illuminate/Pipeline/Pipeline->{closure:Illuminate/Pipeline/Pipeline::prepareDestination():178}()
#32 C:/Users/LEONARDO/Desktop/wayna/LOS-BESTIES-Wolf-tank-wayna/wayna_mercado/vendor/laravel/framework/src/Illuminate/Foundation/Http/Middleware/ConvertEmptyStringsToNull.php(31): Illuminate/Foundation/Http/Middleware/TransformsRequest->handle()
#33 C:/Users/LEONARDO/Desktop/wayna/LOS-BESTIES-Wolf-tank-wayna/wayna_mercado/vendor/laravel/framework/src/Illuminate/Pipeline/Pipeline.php(219): Illuminate/Foundation/Http/Middleware/ConvertEmptyStringsToNull->handle()
#34 C:/Users/LEONARDO/Desktop/wayna/LOS-BESTIES-Wolf-tank-wayna/wayna_mercado/vendor/laravel/framework/src/Illuminate/Foundation/Http/Middleware/TransformsRequest.php(21): Illuminate/Pipeline/Pipeline->{closure:{closure:Illuminate/Pipeline/Pipeline::carry():194}:195}()
#35 C:/Users/LEONARDO/Desktop/wayna/LOS-BESTIES-Wolf-tank-wayna/wayna_mercado/vendor/laravel/framework/src/Illuminate/Foundation/Http/Middleware/TrimStrings.php(51): Illuminate/Foundation/Http/Middleware/TransformsRequest->handle()
#36 C:/Users/LEONARDO/Desktop/wayna/LOS-BESTIES-Wolf-tank-wayna/wayna_mercado/vendor/laravel/framework/src/Illuminate/Pipeline/Pipeline.php(219): Illuminate/Foundation/Http/Middleware/TrimStrings->handle()
#37 C:/Users/LEONARDO/Desktop/wayna/LOS-BESTIES-Wolf-tank-wayna/wayna_mercado/vendor/laravel/framework/src/Illuminate/Http/Middleware/ValidatePostSize.php(27): Illuminate/Pipeline/Pipeline->{closure:{closure:Illuminate/Pipeline/Pipeline::carry():194}:195}()
#38 C:/Users/LEONARDO/Desktop/wayna/LOS-BESTIES-Wolf-tank-wayna/wayna_mercado/vendor/laravel/framework/src/Illuminate/Pipeline/Pipeline.php(219): Illuminate/Http/Middleware/ValidatePostSize->handle()
#39 C:/Users/LEONARDO/Desktop/wayna/LOS-BESTIES-Wolf-tank-wayna/wayna_mercado/vendor/laravel/framework/src/Illuminate/Foundation/Http/Middleware/PreventRequestsDuringMaintenance.php(109): Illuminate/Pipeline/Pipeline->{closure:{closure:Illuminate/Pipeline/Pipeline::carry():194}:195}()
#40 C:/Users/LEONARDO/Desktop/wayna/LOS-BESTIES-Wolf-tank-wayna/wayna_mercado/vendor/laravel/framework/src/Illuminate/Pipeline/Pipeline.php(219): Illuminate/Foundation/Http/Middleware/PreventRequestsDuringMaintenance->handle()
#41 C:/Users/LEONARDO/Desktop/wayna/LOS-BESTIES-Wolf-tank-wayna/wayna_mercado/vendor/laravel/framework/src/Illuminate/Http/Middleware/HandleCors.php(61): Illuminate/Pipeline/Pipeline->{closure:{closure:Illuminate/Pipeline/Pipeline::carry():194}:195}()
#42 C:/Users/LEONARDO/Desktop/wayna/LOS-BESTIES-Wolf-tank-wayna/wayna_mercado/vendor/laravel/framework/src/Illuminate/Pipeline/Pipeline.php(219): Illuminate/Http/Middleware/HandleCors->handle()
#43 C:/Users/LEONARDO/Desktop/wayna/LOS-BESTIES-Wolf-tank-wayna/wayna_mercado/vendor/laravel/framework/src/Illuminate/Http/Middleware/TrustProxies.php(58): Illuminate/Pipeline/Pipeline->{closure:{closure:Illuminate/Pipeline/Pipeline::carry():194}:195}()
#44 C:/Users/LEONARDO/Desktop/wayna/LOS-BESTIES-Wolf-tank-wayna/wayna_mercado/vendor/laravel/framework/src/Illuminate/Pipeline/Pipeline.php(219): Illuminate/Http/Middleware/TrustProxies->handle()
#45 C:/Users/LEONARDO/Desktop/wayna/LOS-BESTIES-Wolf-tank-wayna/wayna_mercado/vendor/laravel/framework/src/Illuminate/Foundation/Http/Middleware/InvokeDeferredCallbacks.php(22): Illuminate/Pipeline/Pipeline->{closure:{closure:Illuminate/Pipeline/Pipeline::carry():194}:195}()
#46 C:/Users/LEONARDO/Desktop/wayna/LOS-BESTIES-Wolf-tank-wayna/wayna_mercado/vendor/laravel/framework/src/Illuminate/Pipeline/Pipeline.php(219): Illuminate/Foundation/Http/Middleware/InvokeDeferredCallbacks->handle()
#47 C:/Users/LEONARDO/Desktop/wayna/LOS-BESTIES-Wolf-tank-wayna/wayna_mercado/vendor/laravel/framework/src/Illuminate/Http/Middleware/ValidatePathEncoding.php(28): Illuminate/Pipeline/Pipeline->{closure:{closure:Illuminate/Pipeline/Pipeline::carry():194}:195}()
#48 C:/Users/LEONARDO/Desktop/wayna/LOS-BESTIES-Wolf-tank-wayna/wayna_mercado/vendor/laravel/framework/src/Illuminate/Pipeline/Pipeline.php(219): Illuminate/Http/Middleware/ValidatePathEncoding->handle()
#49 C:/Users/LEONARDO/Desktop/wayna/LOS-BESTIES-Wolf-tank-wayna/wayna_mercado/vendor/laravel/framework/src/Illuminate/Pipeline/Pipeline.php(137): Illuminate/Pipeline/Pipeline->{closure:{closure:Illuminate/Pipeline/Pipeline::carry():194}:195}()
#50 C:/Users/LEONARDO/Desktop/wayna/LOS-BESTIES-Wolf-tank-wayna/wayna_mercado/vendor/laravel/framework/src/Illuminate/Foundation/Http/Kernel.php(175): Illuminate/Pipeline/Pipeline->then()
#51 C:/Users/LEONARDO/Desktop/wayna/LOS-BESTIES-Wolf-tank-wayna/wayna_mercado/vendor/laravel/framework/src/Illuminate/Foundation/Http/Kernel.php(144): Illuminate/Foundation/Http/Kernel->sendRequestThroughRouter()
#52 C:/Users/LEONARDO/Desktop/wayna/LOS-BESTIES-Wolf-tank-wayna/wayna_mercado/vendor/laravel/framework/src/Illuminate/Foundation/Application.php(1220): Illuminate/Foundation/Http/Kernel->handle()
#53 C:/Users/LEONARDO/Desktop/wayna/LOS-BESTIES-Wolf-tank-wayna/wayna_mercado/public/index.php(20): Illuminate/Foundation/Application->handleRequest()
#54 C:/Users/LEONARDO/Desktop/wayna/LOS-BESTIES-Wolf-tank-wayna/wayna_mercado/vendor/laravel/framework/src/Illuminate/Foundation/resources/server.php(23): require_once('...')
#55 {main}
"} 
[2026-05-16 05:23:46] local.ERROR: View [auth.login] not found. {"exception":"[object] (InvalidArgumentException(code: 0): View [auth.login] not found. at C:/Users/LEONARDO/Desktop/wayna/LOS-BESTIES-Wolf-tank-wayna/wayna_mercado/vendor/laravel/framework/src/Illuminate/View/FileViewFinder.php:138)
[stacktrace]
#0 C:/Users/LEONARDO/Desktop/wayna/LOS-BESTIES-Wolf-tank-wayna/wayna_mercado/vendor/laravel/framework/src/Illuminate/View/FileViewFinder.php(78): Illuminate/View/FileViewFinder->findInPaths()
#1 C:/Users/LEONARDO/Desktop/wayna/LOS-BESTIES-Wolf-tank-wayna/wayna_mercado/vendor/laravel/framework/src/Illuminate/View/Factory.php(150): Illuminate/View/FileViewFinder->find()
#2 C:/Users/LEONARDO/Desktop/wayna/LOS-BESTIES-Wolf-tank-wayna/wayna_mercado/vendor/laravel/framework/src/Illuminate/Foundation/helpers.php(1100): Illuminate/View/Factory->make()
#3 C:/Users/LEONARDO/Desktop/wayna/LOS-BESTIES-Wolf-tank-wayna/wayna_mercado/routes/web.php(22): view()
#4 C:/Users/LEONARDO/Desktop/wayna/LOS-BESTIES-Wolf-tank-wayna/wayna_mercado/vendor/laravel/framework/src/Illuminate/Routing/CallableDispatcher.php(39): Illuminate/Routing/RouteFileRegistrar->{closure:C:/Users/LEONARDO/Desktop/wayna/LOS-BESTIES-Wolf-tank-wayna/wayna_mercado/routes/web.php:21}()
#5 C:/Users/LEONARDO/Desktop/wayna/LOS-BESTIES-Wolf-tank-wayna/wayna_mercado/vendor/laravel/framework/src/Illuminate/Routing/Route.php(247): Illuminate/Routing/CallableDispatcher->dispatch()
#6 C:/Users/LEONARDO/Desktop/wayna/LOS-BESTIES-Wolf-tank-wayna/wayna_mercado/vendor/laravel/framework/src/Illuminate/Routing/Route.php(218): Illuminate/Routing/Route->runCallable()
#7 C:/Users/LEONARDO/Desktop/wayna/LOS-BESTIES-Wolf-tank-wayna/wayna_mercado/vendor/laravel/framework/src/Illuminate/Routing/Router.php(822): Illuminate/Routing/Route->run()
#8 C:/Users/LEONARDO/Desktop/wayna/LOS-BESTIES-Wolf-tank-wayna/wayna_mercado/vendor/laravel/framework/src/Illuminate/Pipeline/Pipeline.php(180): Illuminate/Routing/Router->{closure:Illuminate/Routing/Router::runRouteWithinStack():821}()
#9 C:/Users/LEONARDO/Desktop/wayna/LOS-BESTIES-Wolf-tank-wayna/wayna_mercado/vendor/laravel/boost/src/Middleware/InjectBoost.php(22): Illuminate/Pipeline/Pipeline->{closure:Illuminate/Pipeline/Pipeline::prepareDestination():178}()
#10 C:/Users/LEONARDO/Desktop/wayna/LOS-BESTIES-Wolf-tank-wayna/wayna_mercado/vendor/laravel/framework/src/Illuminate/Pipeline/Pipeline.php(219): Laravel/Boost/Middleware/InjectBoost->handle()
#11 C:/Users/LEONARDO/Desktop/wayna/LOS-BESTIES-Wolf-tank-wayna/wayna_mercado/vendor/laravel/framework/src/Illuminate/Routing/Middleware/SubstituteBindings.php(52): Illuminate/Pipeline/Pipeline->{closure:{closure:Illuminate/Pipeline/Pipeline::carry():194}:195}()
#12 C:/Users/LEONARDO/Desktop/wayna/LOS-BESTIES-Wolf-tank-wayna/wayna_mercado/vendor/laravel/framework/src/Illuminate/Pipeline/Pipeline.php(219): Illuminate/Routing/Middleware/SubstituteBindings->handle()
#13 C:/Users/LEONARDO/Desktop/wayna/LOS-BESTIES-Wolf-tank-wayna/wayna_mercado/vendor/laravel/framework/src/Illuminate/Foundation/Http/Middleware/PreventRequestForgery.php(104): Illuminate/Pipeline/Pipeline->{closure:{closure:Illuminate/Pipeline/Pipeline::carry():194}:195}()
#14 C:/Users/LEONARDO/Desktop/wayna/LOS-BESTIES-Wolf-tank-wayna/wayna_mercado/vendor/laravel/framework/src/Illuminate/Pipeline/Pipeline.php(219): Illuminate/Foundation/Http/Middleware/PreventRequestForgery->handle()
#15 C:/Users/LEONARDO/Desktop/wayna/LOS-BESTIES-Wolf-tank-wayna/wayna_mercado/vendor/laravel/framework/src/Illuminate/View/Middleware/ShareErrorsFromSession.php(48): Illuminate/Pipeline/Pipeline->{closure:{closure:Illuminate/Pipeline/Pipeline::carry():194}:195}()
#16 C:/Users/LEONARDO/Desktop/wayna/LOS-BESTIES-Wolf-tank-wayna/wayna_mercado/vendor/laravel/framework/src/Illuminate/Pipeline/Pipeline.php(219): Illuminate/View/Middleware/ShareErrorsFromSession->handle()
#17 C:/Users/LEONARDO/Desktop/wayna/LOS-BESTIES-Wolf-tank-wayna/wayna_mercado/vendor/laravel/framework/src/Illuminate/Session/Middleware/StartSession.php(120): Illuminate/Pipeline/Pipeline->{closure:{closure:Illuminate/Pipeline/Pipeline::carry():194}:195}()
#18 C:/Users/LEONARDO/Desktop/wayna/LOS-BESTIES-Wolf-tank-wayna/wayna_mercado/vendor/laravel/framework/src/Illuminate/Session/Middleware/StartSession.php(63): Illuminate/Session/Middleware/StartSession->handleStatefulRequest()
#19 C:/Users/LEONARDO/Desktop/wayna/LOS-BESTIES-Wolf-tank-wayna/wayna_mercado/vendor/laravel/framework/src/Illuminate/Pipeline/Pipeline.php(219): Illuminate/Session/Middleware/StartSession->handle()
#20 C:/Users/LEONARDO/Desktop/wayna/LOS-BESTIES-Wolf-tank-wayna/wayna_mercado/vendor/laravel/framework/src/Illuminate/Cookie/Middleware/AddQueuedCookiesToResponse.php(36): Illuminate/Pipeline/Pipeline->{closure:{closure:Illuminate/Pipeline/Pipeline::carry():194}:195}()
#21 C:/Users/LEONARDO/Desktop/wayna/LOS-BESTIES-Wolf-tank-wayna/wayna_mercado/vendor/laravel/framework/src/Illuminate/Pipeline/Pipeline.php(219): Illuminate/Cookie/Middleware/AddQueuedCookiesToResponse->handle()
#22 C:/Users/LEONARDO/Desktop/wayna/LOS-BESTIES-Wolf-tank-wayna/wayna_mercado/vendor/laravel/framework/src/Illuminate/Cookie/Middleware/EncryptCookies.php(74): Illuminate/Pipeline/Pipeline->{closure:{closure:Illuminate/Pipeline/Pipeline::carry():194}:195}()
#23 C:/Users/LEONARDO/Desktop/wayna/LOS-BESTIES-Wolf-tank-wayna/wayna_mercado/vendor/laravel/framework/src/Illuminate/Pipeline/Pipeline.php(219): Illuminate/Cookie/Middleware/EncryptCookies->handle()
#24 C:/Users/LEONARDO/Desktop/wayna/LOS-BESTIES-Wolf-tank-wayna/wayna_mercado/vendor/laravel/framework/src/Illuminate/Pipeline/Pipeline.php(137): Illuminate/Pipeline/Pipeline->{closure:{closure:Illuminate/Pipeline/Pipeline::carry():194}:195}()
#25 C:/Users/LEONARDO/Desktop/wayna/LOS-BESTIES-Wolf-tank-wayna/wayna_mercado/vendor/laravel/framework/src/Illuminate/Routing/Router.php(821): Illuminate/Pipeline/Pipeline->then()
#26 C:/Users/LEONARDO/Desktop/wayna/LOS-BESTIES-Wolf-tank-wayna/wayna_mercado/vendor/laravel/framework/src/Illuminate/Routing/Router.php(800): Illuminate/Routing/Router->runRouteWithinStack()
#27 C:/Users/LEONARDO/Desktop/wayna/LOS-BESTIES-Wolf-tank-wayna/wayna_mercado/vendor/laravel/framework/src/Illuminate/Routing/Router.php(764): Illuminate/Routing/Router->runRoute()
#28 C:/Users/LEONARDO/Desktop/wayna/LOS-BESTIES-Wolf-tank-wayna/wayna_mercado/vendor/laravel/framework/src/Illuminate/Routing/Router.php(753): Illuminate/Routing/Router->dispatchToRoute()
#29 C:/Users/LEONARDO/Desktop/wayna/LOS-BESTIES-Wolf-tank-wayna/wayna_mercado/vendor/laravel/framework/src/Illuminate/Foundation/Http/Kernel.php(200): Illuminate/Routing/Router->dispatch()
#30 C:/Users/LEONARDO/Desktop/wayna/LOS-BESTIES-Wolf-tank-wayna/wayna_mercado/vendor/laravel/framework/src/Illuminate/Pipeline/Pipeline.php(180): Illuminate/Foundation/Http/Kernel->{closure:Illuminate/Foundation/Http/Kernel::dispatchToRouter():197}()
#31 C:/Users/LEONARDO/Desktop/wayna/LOS-BESTIES-Wolf-tank-wayna/wayna_mercado/vendor/laravel/framework/src/Illuminate/Foundation/Http/Middleware/TransformsRequest.php(21): Illuminate/Pipeline/Pipeline->{closure:Illuminate/Pipeline/Pipeline::prepareDestination():178}()
#32 C:/Users/LEONARDO/Desktop/wayna/LOS-BESTIES-Wolf-tank-wayna/wayna_mercado/vendor/laravel/framework/src/Illuminate/Foundation/Http/Middleware/ConvertEmptyStringsToNull.php(31): Illuminate/Foundation/Http/Middleware/TransformsRequest->handle()
#33 C:/Users/LEONARDO/Desktop/wayna/LOS-BESTIES-Wolf-tank-wayna/wayna_mercado/vendor/laravel/framework/src/Illuminate/Pipeline/Pipeline.php(219): Illuminate/Foundation/Http/Middleware/ConvertEmptyStringsToNull->handle()
#34 C:/Users/LEONARDO/Desktop/wayna/LOS-BESTIES-Wolf-tank-wayna/wayna_mercado/vendor/laravel/framework/src/Illuminate/Foundation/Http/Middleware/TransformsRequest.php(21): Illuminate/Pipeline/Pipeline->{closure:{closure:Illuminate/Pipeline/Pipeline::carry():194}:195}()
#35 C:/Users/LEONARDO/Desktop/wayna/LOS-BESTIES-Wolf-tank-wayna/wayna_mercado/vendor/laravel/framework/src/Illuminate/Foundation/Http/Middleware/TrimStrings.php(51): Illuminate/Foundation/Http/Middleware/TransformsRequest->handle()
#36 C:/Users/LEONARDO/Desktop/wayna/LOS-BESTIES-Wolf-tank-wayna/wayna_mercado/vendor/laravel/framework/src/Illuminate/Pipeline/Pipeline.php(219): Illuminate/Foundation/Http/Middleware/TrimStrings->handle()
#37 C:/Users/LEONARDO/Desktop/wayna/LOS-BESTIES-Wolf-tank-wayna/wayna_mercado/vendor/laravel/framework/src/Illuminate/Http/Middleware/ValidatePostSize.php(27): Illuminate/Pipeline/Pipeline->{closure:{closure:Illuminate/Pipeline/Pipeline::carry():194}:195}()
#38 C:/Users/LEONARDO/Desktop/wayna/LOS-BESTIES-Wolf-tank-wayna/wayna_mercado/vendor/laravel/framework/src/Illuminate/Pipeline/Pipeline.php(219): Illuminate/Http/Middleware/ValidatePostSize->handle()
#39 C:/Users/LEONARDO/Desktop/wayna/LOS-BESTIES-Wolf-tank-wayna/wayna_mercado/vendor/laravel/framework/src/Illuminate/Foundation/Http/Middleware/PreventRequestsDuringMaintenance.php(109): Illuminate/Pipeline/Pipeline->{closure:{closure:Illuminate/Pipeline/Pipeline::carry():194}:195}()
#40 C:/Users/LEONARDO/Desktop/wayna/LOS-BESTIES-Wolf-tank-wayna/wayna_mercado/vendor/laravel/framework/src/Illuminate/Pipeline/Pipeline.php(219): Illuminate/Foundation/Http/Middleware/PreventRequestsDuringMaintenance->handle()
#41 C:/Users/LEONARDO/Desktop/wayna/LOS-BESTIES-Wolf-tank-wayna/wayna_mercado/vendor/laravel/framework/src/Illuminate/Http/Middleware/HandleCors.php(61): Illuminate/Pipeline/Pipeline->{closure:{closure:Illuminate/Pipeline/Pipeline::carry():194}:195}()
#42 C:/Users/LEONARDO/Desktop/wayna/LOS-BESTIES-Wolf-tank-wayna/wayna_mercado/vendor/laravel/framework/src/Illuminate/Pipeline/Pipeline.php(219): Illuminate/Http/Middleware/HandleCors->handle()
#43 C:/Users/LEONARDO/Desktop/wayna/LOS-BESTIES-Wolf-tank-wayna/wayna_mercado/vendor/laravel/framework/src/Illuminate/Http/Middleware/TrustProxies.php(58): Illuminate/Pipeline/Pipeline->{closure:{closure:Illuminate/Pipeline/Pipeline::carry():194}:195}()
#44 C:/Users/LEONARDO/Desktop/wayna/LOS-BESTIES-Wolf-tank-wayna/wayna_mercado/vendor/laravel/framework/src/Illuminate/Pipeline/Pipeline.php(219): Illuminate/Http/Middleware/TrustProxies->handle()
#45 C:/Users/LEONARDO/Desktop/wayna/LOS-BESTIES-Wolf-tank-wayna/wayna_mercado/vendor/laravel/framework/src/Illuminate/Foundation/Http/Middleware/InvokeDeferredCallbacks.php(22): Illuminate/Pipeline/Pipeline->{closure:{closure:Illuminate/Pipeline/Pipeline::carry():194}:195}()
#46 C:/Users/LEONARDO/Desktop/wayna/LOS-BESTIES-Wolf-tank-wayna/wayna_mercado/vendor/laravel/framework/src/Illuminate/Pipeline/Pipeline.php(219): Illuminate/Foundation/Http/Middleware/InvokeDeferredCallbacks->handle()
#47 C:/Users/LEONARDO/Desktop/wayna/LOS-BESTIES-Wolf-tank-wayna/wayna_mercado/vendor/laravel/framework/src/Illuminate/Http/Middleware/ValidatePathEncoding.php(28): Illuminate/Pipeline/Pipeline->{closure:{closure:Illuminate/Pipeline/Pipeline::carry():194}:195}()
#48 C:/Users/LEONARDO/Desktop/wayna/LOS-BESTIES-Wolf-tank-wayna/wayna_mercado/vendor/laravel/framework/src/Illuminate/Pipeline/Pipeline.php(219): Illuminate/Http/Middleware/ValidatePathEncoding->handle()
#49 C:/Users/LEONARDO/Desktop/wayna/LOS-BESTIES-Wolf-tank-wayna/wayna_mercado/vendor/laravel/framework/src/Illuminate/Pipeline/Pipeline.php(137): Illuminate/Pipeline/Pipeline->{closure:{closure:Illuminate/Pipeline/Pipeline::carry():194}:195}()
#50 C:/Users/LEONARDO/Desktop/wayna/LOS-BESTIES-Wolf-tank-wayna/wayna_mercado/vendor/laravel/framework/src/Illuminate/Foundation/Http/Kernel.php(175): Illuminate/Pipeline/Pipeline->then()
#51 C:/Users/LEONARDO/Desktop/wayna/LOS-BESTIES-Wolf-tank-wayna/wayna_mercado/vendor/laravel/framework/src/Illuminate/Foundation/Http/Kernel.php(144): Illuminate/Foundation/Http/Kernel->sendRequestThroughRouter()
#52 C:/Users/LEONARDO/Desktop/wayna/LOS-BESTIES-Wolf-tank-wayna/wayna_mercado/vendor/laravel/framework/src/Illuminate/Foundation/Application.php(1220): Illuminate/Foundation/Http/Kernel->handle()
#53 C:/Users/LEONARDO/Desktop/wayna/LOS-BESTIES-Wolf-tank-wayna/wayna_mercado/public/index.php(20): Illuminate/Foundation/Application->handleRequest()
#54 C:/Users/LEONARDO/Desktop/wayna/LOS-BESTIES-Wolf-tank-wayna/wayna_mercado/vendor/laravel/framework/src/Illuminate/Foundation/resources/server.php(23): require_once('...')
#55 {main}
"} 
[2026-05-16 05:23:53] local.ERROR: View [auth.register-emprendedor] not found. {"exception":"[object] (InvalidArgumentException(code: 0): View [auth.register-emprendedor] not found. at C:/Users/LEONARDO/Desktop/wayna/LOS-BESTIES-Wolf-tank-wayna/wayna_mercado/vendor/laravel/framework/src/Illuminate/View/FileViewFinder.php:138)
[stacktrace]
#0 C:/Users/LEONARDO/Desktop/wayna/LOS-BESTIES-Wolf-tank-wayna/wayna_mercado/vendor/laravel/framework/src/Illuminate/View/FileViewFinder.php(78): Illuminate/View/FileViewFinder->findInPaths()
#1 C:/Users/LEONARDO/Desktop/wayna/LOS-BESTIES-Wolf-tank-wayna/wayna_mercado/vendor/laravel/framework/src/Illuminate/View/Factory.php(150): Illuminate/View/FileViewFinder->find()
#2 C:/Users/LEONARDO/Desktop/wayna/LOS-BESTIES-Wolf-tank-wayna/wayna_mercado/vendor/laravel/framework/src/Illuminate/Foundation/helpers.php(1100): Illuminate/View/Factory->make()
#3 C:/Users/LEONARDO/Desktop/wayna/LOS-BESTIES-Wolf-tank-wayna/wayna_mercado/routes/web.php(12): view()
#4 C:/Users/LEONARDO/Desktop/wayna/LOS-BESTIES-Wolf-tank-wayna/wayna_mercado/vendor/laravel/framework/src/Illuminate/Routing/CallableDispatcher.php(39): Illuminate/Routing/RouteFileRegistrar->{closure:C:/Users/LEONARDO/Desktop/wayna/LOS-BESTIES-Wolf-tank-wayna/wayna_mercado/routes/web.php:11}()
#5 C:/Users/LEONARDO/Desktop/wayna/LOS-BESTIES-Wolf-tank-wayna/wayna_mercado/vendor/laravel/framework/src/Illuminate/Routing/Route.php(247): Illuminate/Routing/CallableDispatcher->dispatch()
#6 C:/Users/LEONARDO/Desktop/wayna/LOS-BESTIES-Wolf-tank-wayna/wayna_mercado/vendor/laravel/framework/src/Illuminate/Routing/Route.php(218): Illuminate/Routing/Route->runCallable()
#7 C:/Users/LEONARDO/Desktop/wayna/LOS-BESTIES-Wolf-tank-wayna/wayna_mercado/vendor/laravel/framework/src/Illuminate/Routing/Router.php(822): Illuminate/Routing/Route->run()
#8 C:/Users/LEONARDO/Desktop/wayna/LOS-BESTIES-Wolf-tank-wayna/wayna_mercado/vendor/laravel/framework/src/Illuminate/Pipeline/Pipeline.php(180): Illuminate/Routing/Router->{closure:Illuminate/Routing/Router::runRouteWithinStack():821}()
#9 C:/Users/LEONARDO/Desktop/wayna/LOS-BESTIES-Wolf-tank-wayna/wayna_mercado/vendor/laravel/boost/src/Middleware/InjectBoost.php(22): Illuminate/Pipeline/Pipeline->{closure:Illuminate/Pipeline/Pipeline::prepareDestination():178}()
#10 C:/Users/LEONARDO/Desktop/wayna/LOS-BESTIES-Wolf-tank-wayna/wayna_mercado/vendor/laravel/framework/src/Illuminate/Pipeline/Pipeline.php(219): Laravel/Boost/Middleware/InjectBoost->handle()
#11 C:/Users/LEONARDO/Desktop/wayna/LOS-BESTIES-Wolf-tank-wayna/wayna_mercado/vendor/laravel/framework/src/Illuminate/Routing/Middleware/SubstituteBindings.php(52): Illuminate/Pipeline/Pipeline->{closure:{closure:Illuminate/Pipeline/Pipeline::carry():194}:195}()
#12 C:/Users/LEONARDO/Desktop/wayna/LOS-BESTIES-Wolf-tank-wayna/wayna_mercado/vendor/laravel/framework/src/Illuminate/Pipeline/Pipeline.php(219): Illuminate/Routing/Middleware/SubstituteBindings->handle()
#13 C:/Users/LEONARDO/Desktop/wayna/LOS-BESTIES-Wolf-tank-wayna/wayna_mercado/vendor/laravel/framework/src/Illuminate/Foundation/Http/Middleware/PreventRequestForgery.php(104): Illuminate/Pipeline/Pipeline->{closure:{closure:Illuminate/Pipeline/Pipeline::carry():194}:195}()
#14 C:/Users/LEONARDO/Desktop/wayna/LOS-BESTIES-Wolf-tank-wayna/wayna_mercado/vendor/laravel/framework/src/Illuminate/Pipeline/Pipeline.php(219): Illuminate/Foundation/Http/Middleware/PreventRequestForgery->handle()
#15 C:/Users/LEONARDO/Desktop/wayna/LOS-BESTIES-Wolf-tank-wayna/wayna_mercado/vendor/laravel/framework/src/Illuminate/View/Middleware/ShareErrorsFromSession.php(48): Illuminate/Pipeline/Pipeline->{closure:{closure:Illuminate/Pipeline/Pipeline::carry():194}:195}()
#16 C:/Users/LEONARDO/Desktop/wayna/LOS-BESTIES-Wolf-tank-wayna/wayna_mercado/vendor/laravel/framework/src/Illuminate/Pipeline/Pipeline.php(219): Illuminate/View/Middleware/ShareErrorsFromSession->handle()
#17 C:/Users/LEONARDO/Desktop/wayna/LOS-BESTIES-Wolf-tank-wayna/wayna_mercado/vendor/laravel/framework/src/Illuminate/Session/Middleware/StartSession.php(120): Illuminate/Pipeline/Pipeline->{closure:{closure:Illuminate/Pipeline/Pipeline::carry():194}:195}()
#18 C:/Users/LEONARDO/Desktop/wayna/LOS-BESTIES-Wolf-tank-wayna/wayna_mercado/vendor/laravel/framework/src/Illuminate/Session/Middleware/StartSession.php(63): Illuminate/Session/Middleware/StartSession->handleStatefulRequest()
#19 C:/Users/LEONARDO/Desktop/wayna/LOS-BESTIES-Wolf-tank-wayna/wayna_mercado/vendor/laravel/framework/src/Illuminate/Pipeline/Pipeline.php(219): Illuminate/Session/Middleware/StartSession->handle()
#20 C:/Users/LEONARDO/Desktop/wayna/LOS-BESTIES-Wolf-tank-wayna/wayna_mercado/vendor/laravel/framework/src/Illuminate/Cookie/Middleware/AddQueuedCookiesToResponse.php(36): Illuminate/Pipeline/Pipeline->{closure:{closure:Illuminate/Pipeline/Pipeline::carry():194}:195}()
#21 C:/Users/LEONARDO/Desktop/wayna/LOS-BESTIES-Wolf-tank-wayna/wayna_mercado/vendor/laravel/framework/src/Illuminate/Pipeline/Pipeline.php(219): Illuminate/Cookie/Middleware/AddQueuedCookiesToResponse->handle()
#22 C:/Users/LEONARDO/Desktop/wayna/LOS-BESTIES-Wolf-tank-wayna/wayna_mercado/vendor/laravel/framework/src/Illuminate/Cookie/Middleware/EncryptCookies.php(74): Illuminate/Pipeline/Pipeline->{closure:{closure:Illuminate/Pipeline/Pipeline::carry():194}:195}()
#23 C:/Users/LEONARDO/Desktop/wayna/LOS-BESTIES-Wolf-tank-wayna/wayna_mercado/vendor/laravel/framework/src/Illuminate/Pipeline/Pipeline.php(219): Illuminate/Cookie/Middleware/EncryptCookies->handle()
#24 C:/Users/LEONARDO/Desktop/wayna/LOS-BESTIES-Wolf-tank-wayna/wayna_mercado/vendor/laravel/framework/src/Illuminate/Pipeline/Pipeline.php(137): Illuminate/Pipeline/Pipeline->{closure:{closure:Illuminate/Pipeline/Pipeline::carry():194}:195}()
#25 C:/Users/LEONARDO/Desktop/wayna/LOS-BESTIES-Wolf-tank-wayna/wayna_mercado/vendor/laravel/framework/src/Illuminate/Routing/Router.php(821): Illuminate/Pipeline/Pipeline->then()
#26 C:/Users/LEONARDO/Desktop/wayna/LOS-BESTIES-Wolf-tank-wayna/wayna_mercado/vendor/laravel/framework/src/Illuminate/Routing/Router.php(800): Illuminate/Routing/Router->runRouteWithinStack()
#27 C:/Users/LEONARDO/Desktop/wayna/LOS-BESTIES-Wolf-tank-wayna/wayna_mercado/vendor/laravel/framework/src/Illuminate/Routing/Router.php(764): Illuminate/Routing/Router->runRoute()
#28 C:/Users/LEONARDO/Desktop/wayna/LOS-BESTIES-Wolf-tank-wayna/wayna_mercado/vendor/laravel/framework/src/Illuminate/Routing/Router.php(753): Illuminate/Routing/Router->dispatchToRoute()
#29 C:/Users/LEONARDO/Desktop/wayna/LOS-BESTIES-Wolf-tank-wayna/wayna_mercado/vendor/laravel/framework/src/Illuminate/Foundation/Http/Kernel.php(200): Illuminate/Routing/Router->dispatch()
#30 C:/Users/LEONARDO/Desktop/wayna/LOS-BESTIES-Wolf-tank-wayna/wayna_mercado/vendor/laravel/framework/src/Illuminate/Pipeline/Pipeline.php(180): Illuminate/Foundation/Http/Kernel->{closure:Illuminate/Foundation/Http/Kernel::dispatchToRouter():197}()
#31 C:/Users/LEONARDO/Desktop/wayna/LOS-BESTIES-Wolf-tank-wayna/wayna_mercado/vendor/laravel/framework/src/Illuminate/Foundation/Http/Middleware/TransformsRequest.php(21): Illuminate/Pipeline/Pipeline->{closure:Illuminate/Pipeline/Pipeline::prepareDestination():178}()
#32 C:/Users/LEONARDO/Desktop/wayna/LOS-BESTIES-Wolf-tank-wayna/wayna_mercado/vendor/laravel/framework/src/Illuminate/Foundation/Http/Middleware/ConvertEmptyStringsToNull.php(31): Illuminate/Foundation/Http/Middleware/TransformsRequest->handle()
#33 C:/Users/LEONARDO/Desktop/wayna/LOS-BESTIES-Wolf-tank-wayna/wayna_mercado/vendor/laravel/framework/src/Illuminate/Pipeline/Pipeline.php(219): Illuminate/Foundation/Http/Middleware/ConvertEmptyStringsToNull->handle()
#34 C:/Users/LEONARDO/Desktop/wayna/LOS-BESTIES-Wolf-tank-wayna/wayna_mercado/vendor/laravel/framework/src/Illuminate/Foundation/Http/Middleware/TransformsRequest.php(21): Illuminate/Pipeline/Pipeline->{closure:{closure:Illuminate/Pipeline/Pipeline::carry():194}:195}()
#35 C:/Users/LEONARDO/Desktop/wayna/LOS-BESTIES-Wolf-tank-wayna/wayna_mercado/vendor/laravel/framework/src/Illuminate/Foundation/Http/Middleware/TrimStrings.php(51): Illuminate/Foundation/Http/Middleware/TransformsRequest->handle()
#36 C:/Users/LEONARDO/Desktop/wayna/LOS-BESTIES-Wolf-tank-wayna/wayna_mercado/vendor/laravel/framework/src/Illuminate/Pipeline/Pipeline.php(219): Illuminate/Foundation/Http/Middleware/TrimStrings->handle()
#37 C:/Users/LEONARDO/Desktop/wayna/LOS-BESTIES-Wolf-tank-wayna/wayna_mercado/vendor/laravel/framework/src/Illuminate/Http/Middleware/ValidatePostSize.php(27): Illuminate/Pipeline/Pipeline->{closure:{closure:Illuminate/Pipeline/Pipeline::carry():194}:195}()
#38 C:/Users/LEONARDO/Desktop/wayna/LOS-BESTIES-Wolf-tank-wayna/wayna_mercado/vendor/laravel/framework/src/Illuminate/Pipeline/Pipeline.php(219): Illuminate/Http/Middleware/ValidatePostSize->handle()
#39 C:/Users/LEONARDO/Desktop/wayna/LOS-BESTIES-Wolf-tank-wayna/wayna_mercado/vendor/laravel/framework/src/Illuminate/Foundation/Http/Middleware/PreventRequestsDuringMaintenance.php(109): Illuminate/Pipeline/Pipeline->{closure:{closure:Illuminate/Pipeline/Pipeline::carry():194}:195}()
#40 C:/Users/LEONARDO/Desktop/wayna/LOS-BESTIES-Wolf-tank-wayna/wayna_mercado/vendor/laravel/framework/src/Illuminate/Pipeline/Pipeline.php(219): Illuminate/Foundation/Http/Middleware/PreventRequestsDuringMaintenance->handle()
#41 C:/Users/LEONARDO/Desktop/wayna/LOS-BESTIES-Wolf-tank-wayna/wayna_mercado/vendor/laravel/framework/src/Illuminate/Http/Middleware/HandleCors.php(61): Illuminate/Pipeline/Pipeline->{closure:{closure:Illuminate/Pipeline/Pipeline::carry():194}:195}()
#42 C:/Users/LEONARDO/Desktop/wayna/LOS-BESTIES-Wolf-tank-wayna/wayna_mercado/vendor/laravel/framework/src/Illuminate/Pipeline/Pipeline.php(219): Illuminate/Http/Middleware/HandleCors->handle()
#43 C:/Users/LEONARDO/Desktop/wayna/LOS-BESTIES-Wolf-tank-wayna/wayna_mercado/vendor/laravel/framework/src/Illuminate/Http/Middleware/TrustProxies.php(58): Illuminate/Pipeline/Pipeline->{closure:{closure:Illuminate/Pipeline/Pipeline::carry():194}:195}()
#44 C:/Users/LEONARDO/Desktop/wayna/LOS-BESTIES-Wolf-tank-wayna/wayna_mercado/vendor/laravel/framework/src/Illuminate/Pipeline/Pipeline.php(219): Illuminate/Http/Middleware/TrustProxies->handle()
#45 C:/Users/LEONARDO/Desktop/wayna/LOS-BESTIES-Wolf-tank-wayna/wayna_mercado/vendor/laravel/framework/src/Illuminate/Foundation/Http/Middleware/InvokeDeferredCallbacks.php(22): Illuminate/Pipeline/Pipeline->{closure:{closure:Illuminate/Pipeline/Pipeline::carry():194}:195}()
#46 C:/Users/LEONARDO/Desktop/wayna/LOS-BESTIES-Wolf-tank-wayna/wayna_mercado/vendor/laravel/framework/src/Illuminate/Pipeline/Pipeline.php(219): Illuminate/Foundation/Http/Middleware/InvokeDeferredCallbacks->handle()
#47 C:/Users/LEONARDO/Desktop/wayna/LOS-BESTIES-Wolf-tank-wayna/wayna_mercado/vendor/laravel/framework/src/Illuminate/Http/Middleware/ValidatePathEncoding.php(28): Illuminate/Pipeline/Pipeline->{closure:{closure:Illuminate/Pipeline/Pipeline::carry():194}:195}()
#48 C:/Users/LEONARDO/Desktop/wayna/LOS-BESTIES-Wolf-tank-wayna/wayna_mercado/vendor/laravel/framework/src/Illuminate/Pipeline/Pipeline.php(219): Illuminate/Http/Middleware/ValidatePathEncoding->handle()
#49 C:/Users/LEONARDO/Desktop/wayna/LOS-BESTIES-Wolf-tank-wayna/wayna_mercado/vendor/laravel/framework/src/Illuminate/Pipeline/Pipeline.php(137): Illuminate/Pipeline/Pipeline->{closure:{closure:Illuminate/Pipeline/Pipeline::carry():194}:195}()
#50 C:/Users/LEONARDO/Desktop/wayna/LOS-BESTIES-Wolf-tank-wayna/wayna_mercado/vendor/laravel/framework/src/Illuminate/Foundation/Http/Kernel.php(175): Illuminate/Pipeline/Pipeline->then()
#51 C:/Users/LEONARDO/Desktop/wayna/LOS-BESTIES-Wolf-tank-wayna/wayna_mercado/vendor/laravel/framework/src/Illuminate/Foundation/Http/Kernel.php(144): Illuminate/Foundation/Http/Kernel->sendRequestThroughRouter()
#52 C:/Users/LEONARDO/Desktop/wayna/LOS-BESTIES-Wolf-tank-wayna/wayna_mercado/vendor/laravel/framework/src/Illuminate/Foundation/Application.php(1220): Illuminate/Foundation/Http/Kernel->handle()
#53 C:/Users/LEONARDO/Desktop/wayna/LOS-BESTIES-Wolf-tank-wayna/wayna_mercado/public/index.php(20): Illuminate/Foundation/Application->handleRequest()
#54 C:/Users/LEONARDO/Desktop/wayna/LOS-BESTIES-Wolf-tank-wayna/wayna_mercado/vendor/laravel/framework/src/Illuminate/Foundation/resources/server.php(23): require_once('...')
#55 {main}
"} 
[2026-05-16 05:40:36] local.ERROR: SQLSTATE[42S01]: Base table or view already exists: 1050 Table 'users' already exists (Connection: mysql, Host: 127.0.0.1, Port: 3306, Database: wayna_mercado, SQL: create table `users` (`id` bigint unsigned not null auto_increment primary key, `name` varchar(255) not null, `email` varchar(255) not null, `email_verified_at` timestamp null, `password` varchar(255) not null, `remember_token` varchar(100) null, `created_at` timestamp null, `updated_at` timestamp null) default character set utf8mb4 collate 'utf8mb4_unicode_ci') {"exception":"[object] (Illuminate\\Database\\QueryException(code: 42S01): SQLSTATE[42S01]: Base table or view already exists: 1050 Table 'users' already exists (Connection: mysql, Host: 127.0.0.1, Port: 3306, Database: wayna_mercado, SQL: create table `users` (`id` bigint unsigned not null auto_increment primary key, `name` varchar(255) not null, `email` varchar(255) not null, `email_verified_at` timestamp null, `password` varchar(255) not null, `remember_token` varchar(100) null, `created_at` timestamp null, `updated_at` timestamp null) default character set utf8mb4 collate 'utf8mb4_unicode_ci') at C:/Users/LEONARDO/Desktop/wayna/LOS-BESTIES-Wolf-tank-wayna/wayna_mercado/vendor/laravel/framework/src/Illuminate/Database/Connection.php:841)
[stacktrace]
#0 C:/Users/LEONARDO/Desktop/wayna/LOS-BESTIES-Wolf-tank-wayna/wayna_mercado/vendor/laravel/framework/src/Illuminate/Database/Connection.php(797): Illuminate/Database/Connection->runQueryCallback()
#1 C:/Users/LEONARDO/Desktop/wayna/LOS-BESTIES-Wolf-tank-wayna/wayna_mercado/vendor/laravel/framework/src/Illuminate/Database/Connection.php(576): Illuminate/Database/Connection->run()
#2 C:/Users/LEONARDO/Desktop/wayna/LOS-BESTIES-Wolf-tank-wayna/wayna_mercado/vendor/laravel/framework/src/Illuminate/Database/Schema/Blueprint.php(121): Illuminate/Database/Connection->statement()
#3 C:/Users/LEONARDO/Desktop/wayna/LOS-BESTIES-Wolf-tank-wayna/wayna_mercado/vendor/laravel/framework/src/Illuminate/Database/Schema/Builder.php(690): Illuminate/Database/Schema/Blueprint->build()
#4 C:/Users/LEONARDO/Desktop/wayna/LOS-BESTIES-Wolf-tank-wayna/wayna_mercado/vendor/laravel/framework/src/Illuminate/Database/Schema/Builder.php(508): Illuminate/Database/Schema/Builder->build()
#5 C:/Users/LEONARDO/Desktop/wayna/LOS-BESTIES-Wolf-tank-wayna/wayna_mercado/vendor/laravel/framework/src/Illuminate/Support/Facades/Facade.php(363): Illuminate/Database/Schema/Builder->create()
#6 C:/Users/LEONARDO/Desktop/wayna/LOS-BESTIES-Wolf-tank-wayna/wayna_mercado/database/migrations/0001_01_01_000000_create_users_table.php(14): Illuminate/Support/Facades/Facade::__callStatic()
#7 C:/Users/LEONARDO/Desktop/wayna/LOS-BESTIES-Wolf-tank-wayna/wayna_mercado/vendor/laravel/framework/src/Illuminate/Database/Migrations/Migrator.php(517): Illuminate/Database/Migrations/Migration@anonymous->up()
#8 C:/Users/LEONARDO/Desktop/wayna/LOS-BESTIES-Wolf-tank-wayna/wayna_mercado/vendor/laravel/framework/src/Illuminate/Database/Migrations/Migrator.php(442): Illuminate/Database/Migrations/Migrator->runMethod()
#9 C:/Users/LEONARDO/Desktop/wayna/LOS-BESTIES-Wolf-tank-wayna/wayna_mercado/vendor/laravel/framework/src/Illuminate/Database/Migrations/Migrator.php(451): Illuminate/Database/Migrations/Migrator->{closure:Illuminate/Database/Migrations/Migrator::runMigration():438}()
#10 C:/Users/LEONARDO/Desktop/wayna/LOS-BESTIES-Wolf-tank-wayna/wayna_mercado/vendor/laravel/framework/src/Illuminate/Database/Migrations/Migrator.php(253): Illuminate/Database/Migrations/Migrator->runMigration()
#11 C:/Users/LEONARDO/Desktop/wayna/LOS-BESTIES-Wolf-tank-wayna/wayna_mercado/vendor/laravel/framework/src/Illuminate/Console/View/Components/Task.php(43): Illuminate/Database/Migrations/Migrator->{closure:Illuminate/Database/Migrations/Migrator::runUp():253}()
#12 C:/Users/LEONARDO/Desktop/wayna/LOS-BESTIES-Wolf-tank-wayna/wayna_mercado/vendor/laravel/framework/src/Illuminate/Database/Migrations/Migrator.php(814): Illuminate/Console/View/Components/Task->render()
#13 C:/Users/LEONARDO/Desktop/wayna/LOS-BESTIES-Wolf-tank-wayna/wayna_mercado/vendor/laravel/framework/src/Illuminate/Database/Migrations/Migrator.php(253): Illuminate/Database/Migrations/Migrator->write()
#14 C:/Users/LEONARDO/Desktop/wayna/LOS-BESTIES-Wolf-tank-wayna/wayna_mercado/vendor/laravel/framework/src/Illuminate/Database/Migrations/Migrator.php(211): Illuminate/Database/Migrations/Migrator->runUp()
#15 C:/Users/LEONARDO/Desktop/wayna/LOS-BESTIES-Wolf-tank-wayna/wayna_mercado/vendor/laravel/framework/src/Illuminate/Database/Migrations/Migrator.php(138): Illuminate/Database/Migrations/Migrator->runPending()
#16 C:/Users/LEONARDO/Desktop/wayna/LOS-BESTIES-Wolf-tank-wayna/wayna_mercado/vendor/laravel/framework/src/Illuminate/Database/Console/Migrations/MigrateCommand.php(118): Illuminate/Database/Migrations/Migrator->run()
#17 C:/Users/LEONARDO/Desktop/wayna/LOS-BESTIES-Wolf-tank-wayna/wayna_mercado/vendor/laravel/framework/src/Illuminate/Database/Migrations/Migrator.php(671): Illuminate/Database/Console/Migrations/MigrateCommand->{closure:Illuminate/Database/Console/Migrations/MigrateCommand::runMigrations():111}()
#18 C:/Users/LEONARDO/Desktop/wayna/LOS-BESTIES-Wolf-tank-wayna/wayna_mercado/vendor/laravel/framework/src/Illuminate/Database/Console/Migrations/MigrateCommand.php(111): Illuminate/Database/Migrations/Migrator->usingConnection()
#19 C:/Users/LEONARDO/Desktop/wayna/LOS-BESTIES-Wolf-tank-wayna/wayna_mercado/vendor/laravel/framework/src/Illuminate/Database/Console/Migrations/MigrateCommand.php(90): Illuminate/Database/Console/Migrations/MigrateCommand->runMigrations()
#20 C:/Users/LEONARDO/Desktop/wayna/LOS-BESTIES-Wolf-tank-wayna/wayna_mercado/vendor/laravel/framework/src/Illuminate/Container/BoundMethod.php(36): Illuminate/Database/Console/Migrations/MigrateCommand->handle()
#21 C:/Users/LEONARDO/Desktop/wayna/LOS-BESTIES-Wolf-tank-wayna/wayna_mercado/vendor/laravel/framework/src/Illuminate/Container/Util.php(43): Illuminate/Container/BoundMethod::{closure:Illuminate/Container/BoundMethod::call():35}()
#22 C:/Users/LEONARDO/Desktop/wayna/LOS-BESTIES-Wolf-tank-wayna/wayna_mercado/vendor/laravel/framework/src/Illuminate/Container/BoundMethod.php(96): Illuminate/Container/Util::unwrapIfClosure()
#23 C:/Users/LEONARDO/Desktop/wayna/LOS-BESTIES-Wolf-tank-wayna/wayna_mercado/vendor/laravel/framework/src/Illuminate/Container/BoundMethod.php(35): Illuminate/Container/BoundMethod::callBoundMethod()
#24 C:/Users/LEONARDO/Desktop/wayna/LOS-BESTIES-Wolf-tank-wayna/wayna_mercado/vendor/laravel/framework/src/Illuminate/Container/Container.php(799): Illuminate/Container/BoundMethod::call()
#25 C:/Users/LEONARDO/Desktop/wayna/LOS-BESTIES-Wolf-tank-wayna/wayna_mercado/vendor/laravel/framework/src/Illuminate/Console/Command.php(280): Illuminate/Container/Container->call()
#26 C:/Users/LEONARDO/Desktop/wayna/LOS-BESTIES-Wolf-tank-wayna/wayna_mercado/vendor/symfony/console/Command/Command.php(291): Illuminate/Console/Command->execute()
#27 C:/Users/LEONARDO/Desktop/wayna/LOS-BESTIES-Wolf-tank-wayna/wayna_mercado/vendor/laravel/framework/src/Illuminate/Console/Command.php(249): Symfony/Component/Console/Command/Command->run()
#28 C:/Users/LEONARDO/Desktop/wayna/LOS-BESTIES-Wolf-tank-wayna/wayna_mercado/vendor/symfony/console/Application.php(1107): Illuminate/Console/Command->run()
#29 C:/Users/LEONARDO/Desktop/wayna/LOS-BESTIES-Wolf-tank-wayna/wayna_mercado/vendor/symfony/console/Application.php(356): Symfony/Component/Console/Application->doRunCommand()
#30 C:/Users/LEONARDO/Desktop/wayna/LOS-BESTIES-Wolf-tank-wayna/wayna_mercado/vendor/symfony/console/Application.php(195): Symfony/Component/Console/Application->doRun()
#31 C:/Users/LEONARDO/Desktop/wayna/LOS-BESTIES-Wolf-tank-wayna/wayna_mercado/vendor/laravel/framework/src/Illuminate/Foundation/Console/Kernel.php(198): Symfony/Component/Console/Application->run()
#32 C:/Users/LEONARDO/Desktop/wayna/LOS-BESTIES-Wolf-tank-wayna/wayna_mercado/vendor/laravel/framework/src/Illuminate/Foundation/Application.php(1235): Illuminate/Foundation/Console/Kernel->handle()
#33 C:/Users/LEONARDO/Desktop/wayna/LOS-BESTIES-Wolf-tank-wayna/wayna_mercado/artisan(16): Illuminate/Foundation/Application->handleCommand()
#34 {main}

[previous exception] [object] (PDOException(code: 42S01): SQLSTATE[42S01]: Base table or view already exists: 1050 Table 'users' already exists at C:/Users/LEONARDO/Desktop/wayna/LOS-BESTIES-Wolf-tank-wayna/wayna_mercado/vendor/laravel/framework/src/Illuminate/Database/Connection.php:587)
[stacktrace]
#0 C:/Users/LEONARDO/Desktop/wayna/LOS-BESTIES-Wolf-tank-wayna/wayna_mercado/vendor/laravel/framework/src/Illuminate/Database/Connection.php(587): PDOStatement->execute()
#1 C:/Users/LEONARDO/Desktop/wayna/LOS-BESTIES-Wolf-tank-wayna/wayna_mercado/vendor/laravel/framework/src/Illuminate/Database/Connection.php(830): Illuminate/Database/Connection->{closure:Illuminate/Database/Connection::statement():576}()
#2 C:/Users/LEONARDO/Desktop/wayna/LOS-BESTIES-Wolf-tank-wayna/wayna_mercado/vendor/laravel/framework/src/Illuminate/Database/Connection.php(797): Illuminate/Database/Connection->runQueryCallback()
#3 C:/Users/LEONARDO/Desktop/wayna/LOS-BESTIES-Wolf-tank-wayna/wayna_mercado/vendor/laravel/framework/src/Illuminate/Database/Connection.php(576): Illuminate/Database/Connection->run()
#4 C:/Users/LEONARDO/Desktop/wayna/LOS-BESTIES-Wolf-tank-wayna/wayna_mercado/vendor/laravel/framework/src/Illuminate/Database/Schema/Blueprint.php(121): Illuminate/Database/Connection->statement()
#5 C:/Users/LEONARDO/Desktop/wayna/LOS-BESTIES-Wolf-tank-wayna/wayna_mercado/vendor/laravel/framework/src/Illuminate/Database/Schema/Builder.php(690): Illuminate/Database/Schema/Blueprint->build()
#6 C:/Users/LEONARDO/Desktop/wayna/LOS-BESTIES-Wolf-tank-wayna/wayna_mercado/vendor/laravel/framework/src/Illuminate/Database/Schema/Builder.php(508): Illuminate/Database/Schema/Builder->build()
#7 C:/Users/LEONARDO/Desktop/wayna/LOS-BESTIES-Wolf-tank-wayna/wayna_mercado/vendor/laravel/framework/src/Illuminate/Support/Facades/Facade.php(363): Illuminate/Database/Schema/Builder->create()
#8 C:/Users/LEONARDO/Desktop/wayna/LOS-BESTIES-Wolf-tank-wayna/wayna_mercado/database/migrations/0001_01_01_000000_create_users_table.php(14): Illuminate/Support/Facades/Facade::__callStatic()
#9 C:/Users/LEONARDO/Desktop/wayna/LOS-BESTIES-Wolf-tank-wayna/wayna_mercado/vendor/laravel/framework/src/Illuminate/Database/Migrations/Migrator.php(517): Illuminate/Database/Migrations/Migration@anonymous->up()
#10 C:/Users/LEONARDO/Desktop/wayna/LOS-BESTIES-Wolf-tank-wayna/wayna_mercado/vendor/laravel/framework/src/Illuminate/Database/Migrations/Migrator.php(442): Illuminate/Database/Migrations/Migrator->runMethod()
#11 C:/Users/LEONARDO/Desktop/wayna/LOS-BESTIES-Wolf-tank-wayna/wayna_mercado/vendor/laravel/framework/src/Illuminate/Database/Migrations/Migrator.php(451): Illuminate/Database/Migrations/Migrator->{closure:Illuminate/Database/Migrations/Migrator::runMigration():438}()
#12 C:/Users/LEONARDO/Desktop/wayna/LOS-BESTIES-Wolf-tank-wayna/wayna_mercado/vendor/laravel/framework/src/Illuminate/Database/Migrations/Migrator.php(253): Illuminate/Database/Migrations/Migrator->runMigration()
#13 C:/Users/LEONARDO/Desktop/wayna/LOS-BESTIES-Wolf-tank-wayna/wayna_mercado/vendor/laravel/framework/src/Illuminate/Console/View/Components/Task.php(43): Illuminate/Database/Migrations/Migrator->{closure:Illuminate/Database/Migrations/Migrator::runUp():253}()
#14 C:/Users/LEONARDO/Desktop/wayna/LOS-BESTIES-Wolf-tank-wayna/wayna_mercado/vendor/laravel/framework/src/Illuminate/Database/Migrations/Migrator.php(814): Illuminate/Console/View/Components/Task->render()
#15 C:/Users/LEONARDO/Desktop/wayna/LOS-BESTIES-Wolf-tank-wayna/wayna_mercado/vendor/laravel/framework/src/Illuminate/Database/Migrations/Migrator.php(253): Illuminate/Database/Migrations/Migrator->write()
#16 C:/Users/LEONARDO/Desktop/wayna/LOS-BESTIES-Wolf-tank-wayna/wayna_mercado/vendor/laravel/framework/src/Illuminate/Database/Migrations/Migrator.php(211): Illuminate/Database/Migrations/Migrator->runUp()
#17 C:/Users/LEONARDO/Desktop/wayna/LOS-BESTIES-Wolf-tank-wayna/wayna_mercado/vendor/laravel/framework/src/Illuminate/Database/Migrations/Migrator.php(138): Illuminate/Database/Migrations/Migrator->runPending()
#18 C:/Users/LEONARDO/Desktop/wayna/LOS-BESTIES-Wolf-tank-wayna/wayna_mercado/vendor/laravel/framework/src/Illuminate/Database/Console/Migrations/MigrateCommand.php(118): Illuminate/Database/Migrations/Migrator->run()
#19 C:/Users/LEONARDO/Desktop/wayna/LOS-BESTIES-Wolf-tank-wayna/wayna_mercado/vendor/laravel/framework/src/Illuminate/Database/Migrations/Migrator.php(671): Illuminate/Database/Console/Migrations/MigrateCommand->{closure:Illuminate/Database/Console/Migrations/MigrateCommand::runMigrations():111}()
#20 C:/Users/LEONARDO/Desktop/wayna/LOS-BESTIES-Wolf-tank-wayna/wayna_mercado/vendor/laravel/framework/src/Illuminate/Database/Console/Migrations/MigrateCommand.php(111): Illuminate/Database/Migrations/Migrator->usingConnection()
#21 C:/Users/LEONARDO/Desktop/wayna/LOS-BESTIES-Wolf-tank-wayna/wayna_mercado/vendor/laravel/framework/src/Illuminate/Database/Console/Migrations/MigrateCommand.php(90): Illuminate/Database/Console/Migrations/MigrateCommand->runMigrations()
#22 C:/Users/LEONARDO/Desktop/wayna/LOS-BESTIES-Wolf-tank-wayna/wayna_mercado/vendor/laravel/framework/src/Illuminate/Container/BoundMethod.php(36): Illuminate/Database/Console/Migrations/MigrateCommand->handle()
#23 C:/Users/LEONARDO/Desktop/wayna/LOS-BESTIES-Wolf-tank-wayna/wayna_mercado/vendor/laravel/framework/src/Illuminate/Container/Util.php(43): Illuminate/Container/BoundMethod::{closure:Illuminate/Container/BoundMethod::call():35}()
#24 C:/Users/LEONARDO/Desktop/wayna/LOS-BESTIES-Wolf-tank-wayna/wayna_mercado/vendor/laravel/framework/src/Illuminate/Container/BoundMethod.php(96): Illuminate/Container/Util::unwrapIfClosure()
#25 C:/Users/LEONARDO/Desktop/wayna/LOS-BESTIES-Wolf-tank-wayna/wayna_mercado/vendor/laravel/framework/src/Illuminate/Container/BoundMethod.php(35): Illuminate/Container/BoundMethod::callBoundMethod()
#26 C:/Users/LEONARDO/Desktop/wayna/LOS-BESTIES-Wolf-tank-wayna/wayna_mercado/vendor/laravel/framework/src/Illuminate/Container/Container.php(799): Illuminate/Container/BoundMethod::call()
#27 C:/Users/LEONARDO/Desktop/wayna/LOS-BESTIES-Wolf-tank-wayna/wayna_mercado/vendor/laravel/framework/src/Illuminate/Console/Command.php(280): Illuminate/Container/Container->call()
#28 C:/Users/LEONARDO/Desktop/wayna/LOS-BESTIES-Wolf-tank-wayna/wayna_mercado/vendor/symfony/console/Command/Command.php(291): Illuminate/Console/Command->execute()
#29 C:/Users/LEONARDO/Desktop/wayna/LOS-BESTIES-Wolf-tank-wayna/wayna_mercado/vendor/laravel/framework/src/Illuminate/Console/Command.php(249): Symfony/Component/Console/Command/Command->run()
#30 C:/Users/LEONARDO/Desktop/wayna/LOS-BESTIES-Wolf-tank-wayna/wayna_mercado/vendor/symfony/console/Application.php(1107): Illuminate/Console/Command->run()
#31 C:/Users/LEONARDO/Desktop/wayna/LOS-BESTIES-Wolf-tank-wayna/wayna_mercado/vendor/symfony/console/Application.php(356): Symfony/Component/Console/Application->doRunCommand()
#32 C:/Users/LEONARDO/Desktop/wayna/LOS-BESTIES-Wolf-tank-wayna/wayna_mercado/vendor/symfony/console/Application.php(195): Symfony/Component/Console/Application->doRun()
#33 C:/Users/LEONARDO/Desktop/wayna/LOS-BESTIES-Wolf-tank-wayna/wayna_mercado/vendor/laravel/framework/src/Illuminate/Foundation/Console/Kernel.php(198): Symfony/Component/Console/Application->run()
#34 C:/Users/LEONARDO/Desktop/wayna/LOS-BESTIES-Wolf-tank-wayna/wayna_mercado/vendor/laravel/framework/src/Illuminate/Foundation/Application.php(1235): Illuminate/Foundation/Console/Kernel->handle()
#35 C:/Users/LEONARDO/Desktop/wayna/LOS-BESTIES-Wolf-tank-wayna/wayna_mercado/artisan(16): Illuminate/Foundation/Application->handleCommand()
#36 {main}
"} 
[2026-05-16 05:43:15] local.ERROR: SQLSTATE[42S01]: Base table or view already exists: 1050 Table 'users' already exists (Connection: mysql, Host: 127.0.0.1, Port: 3306, Database: wayna_mercado, SQL: create table `users` (`id` bigint unsigned not null auto_increment primary key, `name` varchar(255) not null, `email` varchar(255) not null, `email_verified_at` timestamp null, `password` varchar(255) not null, `remember_token` varchar(100) null, `created_at` timestamp null, `updated_at` timestamp null) default character set utf8mb4 collate 'utf8mb4_unicode_ci') {"exception":"[object] (Illuminate\\Database\\QueryException(code: 42S01): SQLSTATE[42S01]: Base table or view already exists: 1050 Table 'users' already exists (Connection: mysql, Host: 127.0.0.1, Port: 3306, Database: wayna_mercado, SQL: create table `users` (`id` bigint unsigned not null auto_increment primary key, `name` varchar(255) not null, `email` varchar(255) not null, `email_verified_at` timestamp null, `password` varchar(255) not null, `remember_token` varchar(100) null, `created_at` timestamp null, `updated_at` timestamp null) default character set utf8mb4 collate 'utf8mb4_unicode_ci') at C:/Users/LEONARDO/Desktop/wayna/LOS-BESTIES-Wolf-tank-wayna/wayna_mercado/vendor/laravel/framework/src/Illuminate/Database/Connection.php:841)
[stacktrace]
#0 C:/Users/LEONARDO/Desktop/wayna/LOS-BESTIES-Wolf-tank-wayna/wayna_mercado/vendor/laravel/framework/src/Illuminate/Database/Connection.php(797): Illuminate/Database/Connection->runQueryCallback()
#1 C:/Users/LEONARDO/Desktop/wayna/LOS-BESTIES-Wolf-tank-wayna/wayna_mercado/vendor/laravel/framework/src/Illuminate/Database/Connection.php(576): Illuminate/Database/Connection->run()
#2 C:/Users/LEONARDO/Desktop/wayna/LOS-BESTIES-Wolf-tank-wayna/wayna_mercado/vendor/laravel/framework/src/Illuminate/Database/Schema/Blueprint.php(121): Illuminate/Database/Connection->statement()
#3 C:/Users/LEONARDO/Desktop/wayna/LOS-BESTIES-Wolf-tank-wayna/wayna_mercado/vendor/laravel/framework/src/Illuminate/Database/Schema/Builder.php(690): Illuminate/Database/Schema/Blueprint->build()
#4 C:/Users/LEONARDO/Desktop/wayna/LOS-BESTIES-Wolf-tank-wayna/wayna_mercado/vendor/laravel/framework/src/Illuminate/Database/Schema/Builder.php(508): Illuminate/Database/Schema/Builder->build()
#5 C:/Users/LEONARDO/Desktop/wayna/LOS-BESTIES-Wolf-tank-wayna/wayna_mercado/vendor/laravel/framework/src/Illuminate/Support/Facades/Facade.php(363): Illuminate/Database/Schema/Builder->create()
#6 C:/Users/LEONARDO/Desktop/wayna/LOS-BESTIES-Wolf-tank-wayna/wayna_mercado/database/migrations/0001_01_01_000000_create_users_table.php(14): Illuminate/Support/Facades/Facade::__callStatic()
#7 C:/Users/LEONARDO/Desktop/wayna/LOS-BESTIES-Wolf-tank-wayna/wayna_mercado/vendor/laravel/framework/src/Illuminate/Database/Migrations/Migrator.php(517): Illuminate/Database/Migrations/Migration@anonymous->up()
#8 C:/Users/LEONARDO/Desktop/wayna/LOS-BESTIES-Wolf-tank-wayna/wayna_mercado/vendor/laravel/framework/src/Illuminate/Database/Migrations/Migrator.php(442): Illuminate/Database/Migrations/Migrator->runMethod()
#9 C:/Users/LEONARDO/Desktop/wayna/LOS-BESTIES-Wolf-tank-wayna/wayna_mercado/vendor/laravel/framework/src/Illuminate/Database/Migrations/Migrator.php(451): Illuminate/Database/Migrations/Migrator->{closure:Illuminate/Database/Migrations/Migrator::runMigration():438}()
#10 C:/Users/LEONARDO/Desktop/wayna/LOS-BESTIES-Wolf-tank-wayna/wayna_mercado/vendor/laravel/framework/src/Illuminate/Database/Migrations/Migrator.php(253): Illuminate/Database/Migrations/Migrator->runMigration()
#11 C:/Users/LEONARDO/Desktop/wayna/LOS-BESTIES-Wolf-tank-wayna/wayna_mercado/vendor/laravel/framework/src/Illuminate/Console/View/Components/Task.php(43): Illuminate/Database/Migrations/Migrator->{closure:Illuminate/Database/Migrations/Migrator::runUp():253}()
#12 C:/Users/LEONARDO/Desktop/wayna/LOS-BESTIES-Wolf-tank-wayna/wayna_mercado/vendor/laravel/framework/src/Illuminate/Database/Migrations/Migrator.php(814): Illuminate/Console/View/Components/Task->render()
#13 C:/Users/LEONARDO/Desktop/wayna/LOS-BESTIES-Wolf-tank-wayna/wayna_mercado/vendor/laravel/framework/src/Illuminate/Database/Migrations/Migrator.php(253): Illuminate/Database/Migrations/Migrator->write()
#14 C:/Users/LEONARDO/Desktop/wayna/LOS-BESTIES-Wolf-tank-wayna/wayna_mercado/vendor/laravel/framework/src/Illuminate/Database/Migrations/Migrator.php(211): Illuminate/Database/Migrations/Migrator->runUp()
#15 C:/Users/LEONARDO/Desktop/wayna/LOS-BESTIES-Wolf-tank-wayna/wayna_mercado/vendor/laravel/framework/src/Illuminate/Database/Migrations/Migrator.php(138): Illuminate/Database/Migrations/Migrator->runPending()
#16 C:/Users/LEONARDO/Desktop/wayna/LOS-BESTIES-Wolf-tank-wayna/wayna_mercado/vendor/laravel/framework/src/Illuminate/Database/Console/Migrations/MigrateCommand.php(118): Illuminate/Database/Migrations/Migrator->run()
#17 C:/Users/LEONARDO/Desktop/wayna/LOS-BESTIES-Wolf-tank-wayna/wayna_mercado/vendor/laravel/framework/src/Illuminate/Database/Migrations/Migrator.php(671): Illuminate/Database/Console/Migrations/MigrateCommand->{closure:Illuminate/Database/Console/Migrations/MigrateCommand::runMigrations():111}()
#18 C:/Users/LEONARDO/Desktop/wayna/LOS-BESTIES-Wolf-tank-wayna/wayna_mercado/vendor/laravel/framework/src/Illuminate/Database/Console/Migrations/MigrateCommand.php(111): Illuminate/Database/Migrations/Migrator->usingConnection()
#19 C:/Users/LEONARDO/Desktop/wayna/LOS-BESTIES-Wolf-tank-wayna/wayna_mercado/vendor/laravel/framework/src/Illuminate/Database/Console/Migrations/MigrateCommand.php(90): Illuminate/Database/Console/Migrations/MigrateCommand->runMigrations()
#20 C:/Users/LEONARDO/Desktop/wayna/LOS-BESTIES-Wolf-tank-wayna/wayna_mercado/vendor/laravel/framework/src/Illuminate/Container/BoundMethod.php(36): Illuminate/Database/Console/Migrations/MigrateCommand->handle()
#21 C:/Users/LEONARDO/Desktop/wayna/LOS-BESTIES-Wolf-tank-wayna/wayna_mercado/vendor/laravel/framework/src/Illuminate/Container/Util.php(43): Illuminate/Container/BoundMethod::{closure:Illuminate/Container/BoundMethod::call():35}()
#22 C:/Users/LEONARDO/Desktop/wayna/LOS-BESTIES-Wolf-tank-wayna/wayna_mercado/vendor/laravel/framework/src/Illuminate/Container/BoundMethod.php(96): Illuminate/Container/Util::unwrapIfClosure()
#23 C:/Users/LEONARDO/Desktop/wayna/LOS-BESTIES-Wolf-tank-wayna/wayna_mercado/vendor/laravel/framework/src/Illuminate/Container/BoundMethod.php(35): Illuminate/Container/BoundMethod::callBoundMethod()
#24 C:/Users/LEONARDO/Desktop/wayna/LOS-BESTIES-Wolf-tank-wayna/wayna_mercado/vendor/laravel/framework/src/Illuminate/Container/Container.php(799): Illuminate/Container/BoundMethod::call()
#25 C:/Users/LEONARDO/Desktop/wayna/LOS-BESTIES-Wolf-tank-wayna/wayna_mercado/vendor/laravel/framework/src/Illuminate/Console/Command.php(280): Illuminate/Container/Container->call()
#26 C:/Users/LEONARDO/Desktop/wayna/LOS-BESTIES-Wolf-tank-wayna/wayna_mercado/vendor/symfony/console/Command/Command.php(291): Illuminate/Console/Command->execute()
#27 C:/Users/LEONARDO/Desktop/wayna/LOS-BESTIES-Wolf-tank-wayna/wayna_mercado/vendor/laravel/framework/src/Illuminate/Console/Command.php(249): Symfony/Component/Console/Command/Command->run()
#28 C:/Users/LEONARDO/Desktop/wayna/LOS-BESTIES-Wolf-tank-wayna/wayna_mercado/vendor/symfony/console/Application.php(1107): Illuminate/Console/Command->run()
#29 C:/Users/LEONARDO/Desktop/wayna/LOS-BESTIES-Wolf-tank-wayna/wayna_mercado/vendor/symfony/console/Application.php(356): Symfony/Component/Console/Application->doRunCommand()
#30 C:/Users/LEONARDO/Desktop/wayna/LOS-BESTIES-Wolf-tank-wayna/wayna_mercado/vendor/symfony/console/Application.php(195): Symfony/Component/Console/Application->doRun()
#31 C:/Users/LEONARDO/Desktop/wayna/LOS-BESTIES-Wolf-tank-wayna/wayna_mercado/vendor/laravel/framework/src/Illuminate/Foundation/Console/Kernel.php(198): Symfony/Component/Console/Application->run()
#32 C:/Users/LEONARDO/Desktop/wayna/LOS-BESTIES-Wolf-tank-wayna/wayna_mercado/vendor/laravel/framework/src/Illuminate/Foundation/Application.php(1235): Illuminate/Foundation/Console/Kernel->handle()
#33 C:/Users/LEONARDO/Desktop/wayna/LOS-BESTIES-Wolf-tank-wayna/wayna_mercado/artisan(16): Illuminate/Foundation/Application->handleCommand()
#34 {main}

[previous exception] [object] (PDOException(code: 42S01): SQLSTATE[42S01]: Base table or view already exists: 1050 Table 'users' already exists at C:/Users/LEONARDO/Desktop/wayna/LOS-BESTIES-Wolf-tank-wayna/wayna_mercado/vendor/laravel/framework/src/Illuminate/Database/Connection.php:587)
[stacktrace]
#0 C:/Users/LEONARDO/Desktop/wayna/LOS-BESTIES-Wolf-tank-wayna/wayna_mercado/vendor/laravel/framework/src/Illuminate/Database/Connection.php(587): PDOStatement->execute()
#1 C:/Users/LEONARDO/Desktop/wayna/LOS-BESTIES-Wolf-tank-wayna/wayna_mercado/vendor/laravel/framework/src/Illuminate/Database/Connection.php(830): Illuminate/Database/Connection->{closure:Illuminate/Database/Connection::statement():576}()
#2 C:/Users/LEONARDO/Desktop/wayna/LOS-BESTIES-Wolf-tank-wayna/wayna_mercado/vendor/laravel/framework/src/Illuminate/Database/Connection.php(797): Illuminate/Database/Connection->runQueryCallback()
#3 C:/Users/LEONARDO/Desktop/wayna/LOS-BESTIES-Wolf-tank-wayna/wayna_mercado/vendor/laravel/framework/src/Illuminate/Database/Connection.php(576): Illuminate/Database/Connection->run()
#4 C:/Users/LEONARDO/Desktop/wayna/LOS-BESTIES-Wolf-tank-wayna/wayna_mercado/vendor/laravel/framework/src/Illuminate/Database/Schema/Blueprint.php(121): Illuminate/Database/Connection->statement()
#5 C:/Users/LEONARDO/Desktop/wayna/LOS-BESTIES-Wolf-tank-wayna/wayna_mercado/vendor/laravel/framework/src/Illuminate/Database/Schema/Builder.php(690): Illuminate/Database/Schema/Blueprint->build()
#6 C:/Users/LEONARDO/Desktop/wayna/LOS-BESTIES-Wolf-tank-wayna/wayna_mercado/vendor/laravel/framework/src/Illuminate/Database/Schema/Builder.php(508): Illuminate/Database/Schema/Builder->build()
#7 C:/Users/LEONARDO/Desktop/wayna/LOS-BESTIES-Wolf-tank-wayna/wayna_mercado/vendor/laravel/framework/src/Illuminate/Support/Facades/Facade.php(363): Illuminate/Database/Schema/Builder->create()
#8 C:/Users/LEONARDO/Desktop/wayna/LOS-BESTIES-Wolf-tank-wayna/wayna_mercado/database/migrations/0001_01_01_000000_create_users_table.php(14): Illuminate/Support/Facades/Facade::__callStatic()
#9 C:/Users/LEONARDO/Desktop/wayna/LOS-BESTIES-Wolf-tank-wayna/wayna_mercado/vendor/laravel/framework/src/Illuminate/Database/Migrations/Migrator.php(517): Illuminate/Database/Migrations/Migration@anonymous->up()
#10 C:/Users/LEONARDO/Desktop/wayna/LOS-BESTIES-Wolf-tank-wayna/wayna_mercado/vendor/laravel/framework/src/Illuminate/Database/Migrations/Migrator.php(442): Illuminate/Database/Migrations/Migrator->runMethod()
#11 C:/Users/LEONARDO/Desktop/wayna/LOS-BESTIES-Wolf-tank-wayna/wayna_mercado/vendor/laravel/framework/src/Illuminate/Database/Migrations/Migrator.php(451): Illuminate/Database/Migrations/Migrator->{closure:Illuminate/Database/Migrations/Migrator::runMigration():438}()
#12 C:/Users/LEONARDO/Desktop/wayna/LOS-BESTIES-Wolf-tank-wayna/wayna_mercado/vendor/laravel/framework/src/Illuminate/Database/Migrations/Migrator.php(253): Illuminate/Database/Migrations/Migrator->runMigration()
#13 C:/Users/LEONARDO/Desktop/wayna/LOS-BESTIES-Wolf-tank-wayna/wayna_mercado/vendor/laravel/framework/src/Illuminate/Console/View/Components/Task.php(43): Illuminate/Database/Migrations/Migrator->{closure:Illuminate/Database/Migrations/Migrator::runUp():253}()
#14 C:/Users/LEONARDO/Desktop/wayna/LOS-BESTIES-Wolf-tank-wayna/wayna_mercado/vendor/laravel/framework/src/Illuminate/Database/Migrations/Migrator.php(814): Illuminate/Console/View/Components/Task->render()
#15 C:/Users/LEONARDO/Desktop/wayna/LOS-BESTIES-Wolf-tank-wayna/wayna_mercado/vendor/laravel/framework/src/Illuminate/Database/Migrations/Migrator.php(253): Illuminate/Database/Migrations/Migrator->write()
#16 C:/Users/LEONARDO/Desktop/wayna/LOS-BESTIES-Wolf-tank-wayna/wayna_mercado/vendor/laravel/framework/src/Illuminate/Database/Migrations/Migrator.php(211): Illuminate/Database/Migrations/Migrator->runUp()
#17 C:/Users/LEONARDO/Desktop/wayna/LOS-BESTIES-Wolf-tank-wayna/wayna_mercado/vendor/laravel/framework/src/Illuminate/Database/Migrations/Migrator.php(138): Illuminate/Database/Migrations/Migrator->runPending()
#18 C:/Users/LEONARDO/Desktop/wayna/LOS-BESTIES-Wolf-tank-wayna/wayna_mercado/vendor/laravel/framework/src/Illuminate/Database/Console/Migrations/MigrateCommand.php(118): Illuminate/Database/Migrations/Migrator->run()
#19 C:/Users/LEONARDO/Desktop/wayna/LOS-BESTIES-Wolf-tank-wayna/wayna_mercado/vendor/laravel/framework/src/Illuminate/Database/Migrations/Migrator.php(671): Illuminate/Database/Console/Migrations/MigrateCommand->{closure:Illuminate/Database/Console/Migrations/MigrateCommand::runMigrations():111}()
#20 C:/Users/LEONARDO/Desktop/wayna/LOS-BESTIES-Wolf-tank-wayna/wayna_mercado/vendor/laravel/framework/src/Illuminate/Database/Console/Migrations/MigrateCommand.php(111): Illuminate/Database/Migrations/Migrator->usingConnection()
#21 C:/Users/LEONARDO/Desktop/wayna/LOS-BESTIES-Wolf-tank-wayna/wayna_mercado/vendor/laravel/framework/src/Illuminate/Database/Console/Migrations/MigrateCommand.php(90): Illuminate/Database/Console/Migrations/MigrateCommand->runMigrations()
#22 C:/Users/LEONARDO/Desktop/wayna/LOS-BESTIES-Wolf-tank-wayna/wayna_mercado/vendor/laravel/framework/src/Illuminate/Container/BoundMethod.php(36): Illuminate/Database/Console/Migrations/MigrateCommand->handle()
#23 C:/Users/LEONARDO/Desktop/wayna/LOS-BESTIES-Wolf-tank-wayna/wayna_mercado/vendor/laravel/framework/src/Illuminate/Container/Util.php(43): Illuminate/Container/BoundMethod::{closure:Illuminate/Container/BoundMethod::call():35}()
#24 C:/Users/LEONARDO/Desktop/wayna/LOS-BESTIES-Wolf-tank-wayna/wayna_mercado/vendor/laravel/framework/src/Illuminate/Container/BoundMethod.php(96): Illuminate/Container/Util::unwrapIfClosure()
#25 C:/Users/LEONARDO/Desktop/wayna/LOS-BESTIES-Wolf-tank-wayna/wayna_mercado/vendor/laravel/framework/src/Illuminate/Container/BoundMethod.php(35): Illuminate/Container/BoundMethod::callBoundMethod()
#26 C:/Users/LEONARDO/Desktop/wayna/LOS-BESTIES-Wolf-tank-wayna/wayna_mercado/vendor/laravel/framework/src/Illuminate/Container/Container.php(799): Illuminate/Container/BoundMethod::call()
#27 C:/Users/LEONARDO/Desktop/wayna/LOS-BESTIES-Wolf-tank-wayna/wayna_mercado/vendor/laravel/framework/src/Illuminate/Console/Command.php(280): Illuminate/Container/Container->call()
#28 C:/Users/LEONARDO/Desktop/wayna/LOS-BESTIES-Wolf-tank-wayna/wayna_mercado/vendor/symfony/console/Command/Command.php(291): Illuminate/Console/Command->execute()
#29 C:/Users/LEONARDO/Desktop/wayna/LOS-BESTIES-Wolf-tank-wayna/wayna_mercado/vendor/laravel/framework/src/Illuminate/Console/Command.php(249): Symfony/Component/Console/Command/Command->run()
#30 C:/Users/LEONARDO/Desktop/wayna/LOS-BESTIES-Wolf-tank-wayna/wayna_mercado/vendor/symfony/console/Application.php(1107): Illuminate/Console/Command->run()
#31 C:/Users/LEONARDO/Desktop/wayna/LOS-BESTIES-Wolf-tank-wayna/wayna_mercado/vendor/symfony/console/Application.php(356): Symfony/Component/Console/Application->doRunCommand()
#32 C:/Users/LEONARDO/Desktop/wayna/LOS-BESTIES-Wolf-tank-wayna/wayna_mercado/vendor/symfony/console/Application.php(195): Symfony/Component/Console/Application->doRun()
#33 C:/Users/LEONARDO/Desktop/wayna/LOS-BESTIES-Wolf-tank-wayna/wayna_mercado/vendor/laravel/framework/src/Illuminate/Foundation/Console/Kernel.php(198): Symfony/Component/Console/Application->run()
#34 C:/Users/LEONARDO/Desktop/wayna/LOS-BESTIES-Wolf-tank-wayna/wayna_mercado/vendor/laravel/framework/src/Illuminate/Foundation/Application.php(1235): Illuminate/Foundation/Console/Kernel->handle()
#35 C:/Users/LEONARDO/Desktop/wayna/LOS-BESTIES-Wolf-tank-wayna/wayna_mercado/artisan(16): Illuminate/Foundation/Application->handleCommand()
#36 {main}
"} 
[2026-05-16 13:27:43] local.ERROR: syntax error, unexpected token "\" (View: C:\Users\LEONARDO\Desktop\wayna\LOS-BESTIES-Wolf-tank-wayna\wayna_mercado\resources\views\productos\index.blade.php) {"exception":"[object] (Illuminate\\View\\ViewException(code: 0): syntax error, unexpected token \"\\\" (View: C:\\Users\\LEONARDO\\Desktop\\wayna\\LOS-BESTIES-Wolf-tank-wayna\\wayna_mercado\\resources\\views\\productos\\index.blade.php) at C:/Users/LEONARDO/Desktop/wayna/LOS-BESTIES-Wolf-tank-wayna/wayna_mercado/storage/framework/views/090979d99af39c6a353b88b606858128.php:39)
[stacktrace]
#0 C:/Users/LEONARDO/Desktop/wayna/LOS-BESTIES-Wolf-tank-wayna/wayna_mercado/vendor/laravel/framework/src/Illuminate/View/Engines/PhpEngine.php(59): Illuminate/View/Engines/CompilerEngine->handleViewException()
#1 C:/Users/LEONARDO/Desktop/wayna/LOS-BESTIES-Wolf-tank-wayna/wayna_mercado/vendor/laravel/framework/src/Illuminate/View/Engines/CompilerEngine.php(76): Illuminate/View/Engines/PhpEngine->evaluatePath()
#2 C:/Users/LEONARDO/Desktop/wayna/LOS-BESTIES-Wolf-tank-wayna/wayna_mercado/vendor/laravel/framework/src/Illuminate/View/View.php(208): Illuminate/View/Engines/CompilerEngine->get()
#3 C:/Users/LEONARDO/Desktop/wayna/LOS-BESTIES-Wolf-tank-wayna/wayna_mercado/vendor/laravel/framework/src/Illuminate/View/View.php(191): Illuminate/View/View->getContents()
#4 C:/Users/LEONARDO/Desktop/wayna/LOS-BESTIES-Wolf-tank-wayna/wayna_mercado/vendor/laravel/framework/src/Illuminate/View/View.php(160): Illuminate/View/View->renderContents()
#5 C:/Users/LEONARDO/Desktop/wayna/LOS-BESTIES-Wolf-tank-wayna/wayna_mercado/vendor/laravel/framework/src/Illuminate/Http/Response.php(78): Illuminate/View/View->render()
#6 C:/Users/LEONARDO/Desktop/wayna/LOS-BESTIES-Wolf-tank-wayna/wayna_mercado/vendor/laravel/framework/src/Illuminate/Http/Response.php(34): Illuminate/Http/Response->setContent()
#7 C:/Users/LEONARDO/Desktop/wayna/LOS-BESTIES-Wolf-tank-wayna/wayna_mercado/vendor/laravel/framework/src/Illuminate/Routing/Router.php(939): Illuminate/Http/Response->__construct()
#8 C:/Users/LEONARDO/Desktop/wayna/LOS-BESTIES-Wolf-tank-wayna/wayna_mercado/vendor/laravel/framework/src/Illuminate/Routing/Router.php(906): Illuminate/Routing/Router::toResponse()
#9 C:/Users/LEONARDO/Desktop/wayna/LOS-BESTIES-Wolf-tank-wayna/wayna_mercado/vendor/laravel/framework/src/Illuminate/Routing/Router.php(821): Illuminate/Routing/Router->prepareResponse()
#10 C:/Users/LEONARDO/Desktop/wayna/LOS-BESTIES-Wolf-tank-wayna/wayna_mercado/vendor/laravel/framework/src/Illuminate/Pipeline/Pipeline.php(180): Illuminate/Routing/Router->{closure:Illuminate/Routing/Router::runRouteWithinStack():821}()
#11 C:/Users/LEONARDO/Desktop/wayna/LOS-BESTIES-Wolf-tank-wayna/wayna_mercado/vendor/laravel/boost/src/Middleware/InjectBoost.php(22): Illuminate/Pipeline/Pipeline->{closure:Illuminate/Pipeline/Pipeline::prepareDestination():178}()
#12 C:/Users/LEONARDO/Desktop/wayna/LOS-BESTIES-Wolf-tank-wayna/wayna_mercado/vendor/laravel/framework/src/Illuminate/Pipeline/Pipeline.php(219): Laravel/Boost/Middleware/InjectBoost->handle()
#13 C:/Users/LEONARDO/Desktop/wayna/LOS-BESTIES-Wolf-tank-wayna/wayna_mercado/vendor/laravel/framework/src/Illuminate/Routing/Middleware/SubstituteBindings.php(52): Illuminate/Pipeline/Pipeline->{closure:{closure:Illuminate/Pipeline/Pipeline::carry():194}:195}()
#14 C:/Users/LEONARDO/Desktop/wayna/LOS-BESTIES-Wolf-tank-wayna/wayna_mercado/vendor/laravel/framework/src/Illuminate/Pipeline/Pipeline.php(219): Illuminate/Routing/Middleware/SubstituteBindings->handle()
#15 C:/Users/LEONARDO/Desktop/wayna/LOS-BESTIES-Wolf-tank-wayna/wayna_mercado/vendor/laravel/framework/src/Illuminate/Foundation/Http/Middleware/PreventRequestForgery.php(104): Illuminate/Pipeline/Pipeline->{closure:{closure:Illuminate/Pipeline/Pipeline::carry():194}:195}()
#16 C:/Users/LEONARDO/Desktop/wayna/LOS-BESTIES-Wolf-tank-wayna/wayna_mercado/vendor/laravel/framework/src/Illuminate/Pipeline/Pipeline.php(219): Illuminate/Foundation/Http/Middleware/PreventRequestForgery->handle()
#17 C:/Users/LEONARDO/Desktop/wayna/LOS-BESTIES-Wolf-tank-wayna/wayna_mercado/vendor/laravel/framework/src/Illuminate/View/Middleware/ShareErrorsFromSession.php(48): Illuminate/Pipeline/Pipeline->{closure:{closure:Illuminate/Pipeline/Pipeline::carry():194}:195}()
#18 C:/Users/LEONARDO/Desktop/wayna/LOS-BESTIES-Wolf-tank-wayna/wayna_mercado/vendor/laravel/framework/src/Illuminate/Pipeline/Pipeline.php(219): Illuminate/View/Middleware/ShareErrorsFromSession->handle()
#19 C:/Users/LEONARDO/Desktop/wayna/LOS-BESTIES-Wolf-tank-wayna/wayna_mercado/vendor/laravel/framework/src/Illuminate/Session/Middleware/StartSession.php(120): Illuminate/Pipeline/Pipeline->{closure:{closure:Illuminate/Pipeline/Pipeline::carry():194}:195}()
#20 C:/Users/LEONARDO/Desktop/wayna/LOS-BESTIES-Wolf-tank-wayna/wayna_mercado/vendor/laravel/framework/src/Illuminate/Session/Middleware/StartSession.php(63): Illuminate/Session/Middleware/StartSession->handleStatefulRequest()
#21 C:/Users/LEONARDO/Desktop/wayna/LOS-BESTIES-Wolf-tank-wayna/wayna_mercado/vendor/laravel/framework/src/Illuminate/Pipeline/Pipeline.php(219): Illuminate/Session/Middleware/StartSession->handle()
#22 C:/Users/LEONARDO/Desktop/wayna/LOS-BESTIES-Wolf-tank-wayna/wayna_mercado/vendor/laravel/framework/src/Illuminate/Cookie/Middleware/AddQueuedCookiesToResponse.php(36): Illuminate/Pipeline/Pipeline->{closure:{closure:Illuminate/Pipeline/Pipeline::carry():194}:195}()
#23 C:/Users/LEONARDO/Desktop/wayna/LOS-BESTIES-Wolf-tank-wayna/wayna_mercado/vendor/laravel/framework/src/Illuminate/Pipeline/Pipeline.php(219): Illuminate/Cookie/Middleware/AddQueuedCookiesToResponse->handle()
#24 C:/Users/LEONARDO/Desktop/wayna/LOS-BESTIES-Wolf-tank-wayna/wayna_mercado/vendor/laravel/framework/src/Illuminate/Cookie/Middleware/EncryptCookies.php(74): Illuminate/Pipeline/Pipeline->{closure:{closure:Illuminate/Pipeline/Pipeline::carry():194}:195}()
#25 C:/Users/LEONARDO/Desktop/wayna/LOS-BESTIES-Wolf-tank-wayna/wayna_mercado/vendor/laravel/framework/src/Illuminate/Pipeline/Pipeline.php(219): Illuminate/Cookie/Middleware/EncryptCookies->handle()
#26 C:/Users/LEONARDO/Desktop/wayna/LOS-BESTIES-Wolf-tank-wayna/wayna_mercado/vendor/laravel/framework/src/Illuminate/Pipeline/Pipeline.php(137): Illuminate/Pipeline/Pipeline->{closure:{closure:Illuminate/Pipeline/Pipeline::carry():194}:195}()
#27 C:/Users/LEONARDO/Desktop/wayna/LOS-BESTIES-Wolf-tank-wayna/wayna_mercado/vendor/laravel/framework/src/Illuminate/Routing/Router.php(821): Illuminate/Pipeline/Pipeline->then()
#28 C:/Users/LEONARDO/Desktop/wayna/LOS-BESTIES-Wolf-tank-wayna/wayna_mercado/vendor/laravel/framework/src/Illuminate/Routing/Router.php(800): Illuminate/Routing/Router->runRouteWithinStack()
#29 C:/Users/LEONARDO/Desktop/wayna/LOS-BESTIES-Wolf-tank-wayna/wayna_mercado/vendor/laravel/framework/src/Illuminate/Routing/Router.php(764): Illuminate/Routing/Router->runRoute()
#30 C:/Users/LEONARDO/Desktop/wayna/LOS-BESTIES-Wolf-tank-wayna/wayna_mercado/vendor/laravel/framework/src/Illuminate/Routing/Router.php(753): Illuminate/Routing/Router->dispatchToRoute()
#31 C:/Users/LEONARDO/Desktop/wayna/LOS-BESTIES-Wolf-tank-wayna/wayna_mercado/vendor/laravel/framework/src/Illuminate/Foundation/Http/Kernel.php(200): Illuminate/Routing/Router->dispatch()
#32 C:/Users/LEONARDO/Desktop/wayna/LOS-BESTIES-Wolf-tank-wayna/wayna_mercado/vendor/laravel/framework/src/Illuminate/Pipeline/Pipeline.php(180): Illuminate/Foundation/Http/Kernel->{closure:Illuminate/Foundation/Http/Kernel::dispatchToRouter():197}()
#33 C:/Users/LEONARDO/Desktop/wayna/LOS-BESTIES-Wolf-tank-wayna/wayna_mercado/vendor/laravel/framework/src/Illuminate/Foundation/Http/Middleware/TransformsRequest.php(21): Illuminate/Pipeline/Pipeline->{closure:Illuminate/Pipeline/Pipeline::prepareDestination():178}()
#34 C:/Users/LEONARDO/Desktop/wayna/LOS-BESTIES-Wolf-tank-wayna/wayna_mercado/vendor/laravel/framework/src/Illuminate/Foundation/Http/Middleware/ConvertEmptyStringsToNull.php(31): Illuminate/Foundation/Http/Middleware/TransformsRequest->handle()
#35 C:/Users/LEONARDO/Desktop/wayna/LOS-BESTIES-Wolf-tank-wayna/wayna_mercado/vendor/laravel/framework/src/Illuminate/Pipeline/Pipeline.php(219): Illuminate/Foundation/Http/Middleware/ConvertEmptyStringsToNull->handle()
#36 C:/Users/LEONARDO/Desktop/wayna/LOS-BESTIES-Wolf-tank-wayna/wayna_mercado/vendor/laravel/framework/src/Illuminate/Foundation/Http/Middleware/TransformsRequest.php(21): Illuminate/Pipeline/Pipeline->{closure:{closure:Illuminate/Pipeline/Pipeline::carry():194}:195}()
#37 C:/Users/LEONARDO/Desktop/wayna/LOS-BESTIES-Wolf-tank-wayna/wayna_mercado/vendor/laravel/framework/src/Illuminate/Foundation/Http/Middleware/TrimStrings.php(51): Illuminate/Foundation/Http/Middleware/TransformsRequest->handle()
#38 C:/Users/LEONARDO/Desktop/wayna/LOS-BESTIES-Wolf-tank-wayna/wayna_mercado/vendor/laravel/framework/src/Illuminate/Pipeline/Pipeline.php(219): Illuminate/Foundation/Http/Middleware/TrimStrings->handle()
#39 C:/Users/LEONARDO/Desktop/wayna/LOS-BESTIES-Wolf-tank-wayna/wayna_mercado/vendor/laravel/framework/src/Illuminate/Http/Middleware/ValidatePostSize.php(27): Illuminate/Pipeline/Pipeline->{closure:{closure:Illuminate/Pipeline/Pipeline::carry():194}:195}()
#40 C:/Users/LEONARDO/Desktop/wayna/LOS-BESTIES-Wolf-tank-wayna/wayna_mercado/vendor/laravel/framework/src/Illuminate/Pipeline/Pipeline.php(219): Illuminate/Http/Middleware/ValidatePostSize->handle()
#41 C:/Users/LEONARDO/Desktop/wayna/LOS-BESTIES-Wolf-tank-wayna/wayna_mercado/vendor/laravel/framework/src/Illuminate/Foundation/Http/Middleware/PreventRequestsDuringMaintenance.php(109): Illuminate/Pipeline/Pipeline->{closure:{closure:Illuminate/Pipeline/Pipeline::carry():194}:195}()
#42 C:/Users/LEONARDO/Desktop/wayna/LOS-BESTIES-Wolf-tank-wayna/wayna_mercado/vendor/laravel/framework/src/Illuminate/Pipeline/Pipeline.php(219): Illuminate/Foundation/Http/Middleware/PreventRequestsDuringMaintenance->handle()
#43 C:/Users/LEONARDO/Desktop/wayna/LOS-BESTIES-Wolf-tank-wayna/wayna_mercado/vendor/laravel/framework/src/Illuminate/Http/Middleware/HandleCors.php(61): Illuminate/Pipeline/Pipeline->{closure:{closure:Illuminate/Pipeline/Pipeline::carry():194}:195}()
#44 C:/Users/LEONARDO/Desktop/wayna/LOS-BESTIES-Wolf-tank-wayna/wayna_mercado/vendor/laravel/framework/src/Illuminate/Pipeline/Pipeline.php(219): Illuminate/Http/Middleware/HandleCors->handle()
#45 C:/Users/LEONARDO/Desktop/wayna/LOS-BESTIES-Wolf-tank-wayna/wayna_mercado/vendor/laravel/framework/src/Illuminate/Http/Middleware/TrustProxies.php(58): Illuminate/Pipeline/Pipeline->{closure:{closure:Illuminate/Pipeline/Pipeline::carry():194}:195}()
#46 C:/Users/LEONARDO/Desktop/wayna/LOS-BESTIES-Wolf-tank-wayna/wayna_mercado/vendor/laravel/framework/src/Illuminate/Pipeline/Pipeline.php(219): Illuminate/Http/Middleware/TrustProxies->handle()
#47 C:/Users/LEONARDO/Desktop/wayna/LOS-BESTIES-Wolf-tank-wayna/wayna_mercado/vendor/laravel/framework/src/Illuminate/Foundation/Http/Middleware/InvokeDeferredCallbacks.php(22): Illuminate/Pipeline/Pipeline->{closure:{closure:Illuminate/Pipeline/Pipeline::carry():194}:195}()
#48 C:/Users/LEONARDO/Desktop/wayna/LOS-BESTIES-Wolf-tank-wayna/wayna_mercado/vendor/laravel/framework/src/Illuminate/Pipeline/Pipeline.php(219): Illuminate/Foundation/Http/Middleware/InvokeDeferredCallbacks->handle()
#49 C:/Users/LEONARDO/Desktop/wayna/LOS-BESTIES-Wolf-tank-wayna/wayna_mercado/vendor/laravel/framework/src/Illuminate/Http/Middleware/ValidatePathEncoding.php(28): Illuminate/Pipeline/Pipeline->{closure:{closure:Illuminate/Pipeline/Pipeline::carry():194}:195}()
#50 C:/Users/LEONARDO/Desktop/wayna/LOS-BESTIES-Wolf-tank-wayna/wayna_mercado/vendor/laravel/framework/src/Illuminate/Pipeline/Pipeline.php(219): Illuminate/Http/Middleware/ValidatePathEncoding->handle()
#51 C:/Users/LEONARDO/Desktop/wayna/LOS-BESTIES-Wolf-tank-wayna/wayna_mercado/vendor/laravel/framework/src/Illuminate/Pipeline/Pipeline.php(137): Illuminate/Pipeline/Pipeline->{closure:{closure:Illuminate/Pipeline/Pipeline::carry():194}:195}()
#52 C:/Users/LEONARDO/Desktop/wayna/LOS-BESTIES-Wolf-tank-wayna/wayna_mercado/vendor/laravel/framework/src/Illuminate/Foundation/Http/Kernel.php(175): Illuminate/Pipeline/Pipeline->then()
#53 C:/Users/LEONARDO/Desktop/wayna/LOS-BESTIES-Wolf-tank-wayna/wayna_mercado/vendor/laravel/framework/src/Illuminate/Foundation/Http/Kernel.php(144): Illuminate/Foundation/Http/Kernel->sendRequestThroughRouter()
#54 C:/Users/LEONARDO/Desktop/wayna/LOS-BESTIES-Wolf-tank-wayna/wayna_mercado/vendor/laravel/framework/src/Illuminate/Foundation/Application.php(1220): Illuminate/Foundation/Http/Kernel->handle()
#55 C:/Users/LEONARDO/Desktop/wayna/LOS-BESTIES-Wolf-tank-wayna/wayna_mercado/public/index.php(20): Illuminate/Foundation/Application->handleRequest()
#56 C:/Users/LEONARDO/Desktop/wayna/LOS-BESTIES-Wolf-tank-wayna/wayna_mercado/vendor/laravel/framework/src/Illuminate/Foundation/resources/server.php(23): require_once('...')
#57 {main}

[previous exception] [object] (ParseError(code: 0): syntax error, unexpected token \"\\\" at C:/Users/LEONARDO/Desktop/wayna/LOS-BESTIES-Wolf-tank-wayna/wayna_mercado/storage/framework/views/090979d99af39c6a353b88b606858128.php:39)
[stacktrace]
#0 C:/Users/LEONARDO/Desktop/wayna/LOS-BESTIES-Wolf-tank-wayna/wayna_mercado/vendor/laravel/framework/src/Illuminate/Filesystem/Filesystem.php(124): Illuminate/Filesystem/Filesystem::{closure:Illuminate/Filesystem/Filesystem::getRequire():120}()
#1 C:/Users/LEONARDO/Desktop/wayna/LOS-BESTIES-Wolf-tank-wayna/wayna_mercado/vendor/laravel/framework/src/Illuminate/View/Engines/PhpEngine.php(57): Illuminate/Filesystem/Filesystem->getRequire()
#2 C:/Users/LEONARDO/Desktop/wayna/LOS-BESTIES-Wolf-tank-wayna/wayna_mercado/vendor/laravel/framework/src/Illuminate/View/Engines/CompilerEngine.php(76): Illuminate/View/Engines/PhpEngine->evaluatePath()
#3 C:/Users/LEONARDO/Desktop/wayna/LOS-BESTIES-Wolf-tank-wayna/wayna_mercado/vendor/laravel/framework/src/Illuminate/View/View.php(208): Illuminate/View/Engines/CompilerEngine->get()
#4 C:/Users/LEONARDO/Desktop/wayna/LOS-BESTIES-Wolf-tank-wayna/wayna_mercado/vendor/laravel/framework/src/Illuminate/View/View.php(191): Illuminate/View/View->getContents()
#5 C:/Users/LEONARDO/Desktop/wayna/LOS-BESTIES-Wolf-tank-wayna/wayna_mercado/vendor/laravel/framework/src/Illuminate/View/View.php(160): Illuminate/View/View->renderContents()
#6 C:/Users/LEONARDO/Desktop/wayna/LOS-BESTIES-Wolf-tank-wayna/wayna_mercado/vendor/laravel/framework/src/Illuminate/Http/Response.php(78): Illuminate/View/View->render()
#7 C:/Users/LEONARDO/Desktop/wayna/LOS-BESTIES-Wolf-tank-wayna/wayna_mercado/vendor/laravel/framework/src/Illuminate/Http/Response.php(34): Illuminate/Http/Response->setContent()
#8 C:/Users/LEONARDO/Desktop/wayna/LOS-BESTIES-Wolf-tank-wayna/wayna_mercado/vendor/laravel/framework/src/Illuminate/Routing/Router.php(939): Illuminate/Http/Response->__construct()
#9 C:/Users/LEONARDO/Desktop/wayna/LOS-BESTIES-Wolf-tank-wayna/wayna_mercado/vendor/laravel/framework/src/Illuminate/Routing/Router.php(906): Illuminate/Routing/Router::toResponse()
#10 C:/Users/LEONARDO/Desktop/wayna/LOS-BESTIES-Wolf-tank-wayna/wayna_mercado/vendor/laravel/framework/src/Illuminate/Routing/Router.php(821): Illuminate/Routing/Router->prepareResponse()
#11 C:/Users/LEONARDO/Desktop/wayna/LOS-BESTIES-Wolf-tank-wayna/wayna_mercado/vendor/laravel/framework/src/Illuminate/Pipeline/Pipeline.php(180): Illuminate/Routing/Router->{closure:Illuminate/Routing/Router::runRouteWithinStack():821}()
#12 C:/Users/LEONARDO/Desktop/wayna/LOS-BESTIES-Wolf-tank-wayna/wayna_mercado/vendor/laravel/boost/src/Middleware/InjectBoost.php(22): Illuminate/Pipeline/Pipeline->{closure:Illuminate/Pipeline/Pipeline::prepareDestination():178}()
#13 C:/Users/LEONARDO/Desktop/wayna/LOS-BESTIES-Wolf-tank-wayna/wayna_mercado/vendor/laravel/framework/src/Illuminate/Pipeline/Pipeline.php(219): Laravel/Boost/Middleware/InjectBoost->handle()
#14 C:/Users/LEONARDO/Desktop/wayna/LOS-BESTIES-Wolf-tank-wayna/wayna_mercado/vendor/laravel/framework/src/Illuminate/Routing/Middleware/SubstituteBindings.php(52): Illuminate/Pipeline/Pipeline->{closure:{closure:Illuminate/Pipeline/Pipeline::carry():194}:195}()
#15 C:/Users/LEONARDO/Desktop/wayna/LOS-BESTIES-Wolf-tank-wayna/wayna_mercado/vendor/laravel/framework/src/Illuminate/Pipeline/Pipeline.php(219): Illuminate/Routing/Middleware/SubstituteBindings->handle()
#16 C:/Users/LEONARDO/Desktop/wayna/LOS-BESTIES-Wolf-tank-wayna/wayna_mercado/vendor/laravel/framework/src/Illuminate/Foundation/Http/Middleware/PreventRequestForgery.php(104): Illuminate/Pipeline/Pipeline->{closure:{closure:Illuminate/Pipeline/Pipeline::carry():194}:195}()
#17 C:/Users/LEONARDO/Desktop/wayna/LOS-BESTIES-Wolf-tank-wayna/wayna_mercado/vendor/laravel/framework/src/Illuminate/Pipeline/Pipeline.php(219): Illuminate/Foundation/Http/Middleware/PreventRequestForgery->handle()
#18 C:/Users/LEONARDO/Desktop/wayna/LOS-BESTIES-Wolf-tank-wayna/wayna_mercado/vendor/laravel/framework/src/Illuminate/View/Middleware/ShareErrorsFromSession.php(48): Illuminate/Pipeline/Pipeline->{closure:{closure:Illuminate/Pipeline/Pipeline::carry():194}:195}()
#19 C:/Users/LEONARDO/Desktop/wayna/LOS-BESTIES-Wolf-tank-wayna/wayna_mercado/vendor/laravel/framework/src/Illuminate/Pipeline/Pipeline.php(219): Illuminate/View/Middleware/ShareErrorsFromSession->handle()
#20 C:/Users/LEONARDO/Desktop/wayna/LOS-BESTIES-Wolf-tank-wayna/wayna_mercado/vendor/laravel/framework/src/Illuminate/Session/Middleware/StartSession.php(120): Illuminate/Pipeline/Pipeline->{closure:{closure:Illuminate/Pipeline/Pipeline::carry():194}:195}()
#21 C:/Users/LEONARDO/Desktop/wayna/LOS-BESTIES-Wolf-tank-wayna/wayna_mercado/vendor/laravel/framework/src/Illuminate/Session/Middleware/StartSession.php(63): Illuminate/Session/Middleware/StartSession->handleStatefulRequest()
#22 C:/Users/LEONARDO/Desktop/wayna/LOS-BESTIES-Wolf-tank-wayna/wayna_mercado/vendor/laravel/framework/src/Illuminate/Pipeline/Pipeline.php(219): Illuminate/Session/Middleware/StartSession->handle()
#23 C:/Users/LEONARDO/Desktop/wayna/LOS-BESTIES-Wolf-tank-wayna/wayna_mercado/vendor/laravel/framework/src/Illuminate/Cookie/Middleware/AddQueuedCookiesToResponse.php(36): Illuminate/Pipeline/Pipeline->{closure:{closure:Illuminate/Pipeline/Pipeline::carry():194}:195}()
#24 C:/Users/LEONARDO/Desktop/wayna/LOS-BESTIES-Wolf-tank-wayna/wayna_mercado/vendor/laravel/framework/src/Illuminate/Pipeline/Pipeline.php(219): Illuminate/Cookie/Middleware/AddQueuedCookiesToResponse->handle()
#25 C:/Users/LEONARDO/Desktop/wayna/LOS-BESTIES-Wolf-tank-wayna/wayna_mercado/vendor/laravel/framework/src/Illuminate/Cookie/Middleware/EncryptCookies.php(74): Illuminate/Pipeline/Pipeline->{closure:{closure:Illuminate/Pipeline/Pipeline::carry():194}:195}()
#26 C:/Users/LEONARDO/Desktop/wayna/LOS-BESTIES-Wolf-tank-wayna/wayna_mercado/vendor/laravel/framework/src/Illuminate/Pipeline/Pipeline.php(219): Illuminate/Cookie/Middleware/EncryptCookies->handle()
#27 C:/Users/LEONARDO/Desktop/wayna/LOS-BESTIES-Wolf-tank-wayna/wayna_mercado/vendor/laravel/framework/src/Illuminate/Pipeline/Pipeline.php(137): Illuminate/Pipeline/Pipeline->{closure:{closure:Illuminate/Pipeline/Pipeline::carry():194}:195}()
#28 C:/Users/LEONARDO/Desktop/wayna/LOS-BESTIES-Wolf-tank-wayna/wayna_mercado/vendor/laravel/framework/src/Illuminate/Routing/Router.php(821): Illuminate/Pipeline/Pipeline->then()
#29 C:/Users/LEONARDO/Desktop/wayna/LOS-BESTIES-Wolf-tank-wayna/wayna_mercado/vendor/laravel/framework/src/Illuminate/Routing/Router.php(800): Illuminate/Routing/Router->runRouteWithinStack()
#30 C:/Users/LEONARDO/Desktop/wayna/LOS-BESTIES-Wolf-tank-wayna/wayna_mercado/vendor/laravel/framework/src/Illuminate/Routing/Router.php(764): Illuminate/Routing/Router->runRoute()
#31 C:/Users/LEONARDO/Desktop/wayna/LOS-BESTIES-Wolf-tank-wayna/wayna_mercado/vendor/laravel/framework/src/Illuminate/Routing/Router.php(753): Illuminate/Routing/Router->dispatchToRoute()
#32 C:/Users/LEONARDO/Desktop/wayna/LOS-BESTIES-Wolf-tank-wayna/wayna_mercado/vendor/laravel/framework/src/Illuminate/Foundation/Http/Kernel.php(200): Illuminate/Routing/Router->dispatch()
#33 C:/Users/LEONARDO/Desktop/wayna/LOS-BESTIES-Wolf-tank-wayna/wayna_mercado/vendor/laravel/framework/src/Illuminate/Pipeline/Pipeline.php(180): Illuminate/Foundation/Http/Kernel->{closure:Illuminate/Foundation/Http/Kernel::dispatchToRouter():197}()
#34 C:/Users/LEONARDO/Desktop/wayna/LOS-BESTIES-Wolf-tank-wayna/wayna_mercado/vendor/laravel/framework/src/Illuminate/Foundation/Http/Middleware/TransformsRequest.php(21): Illuminate/Pipeline/Pipeline->{closure:Illuminate/Pipeline/Pipeline::prepareDestination():178}()
#35 C:/Users/LEONARDO/Desktop/wayna/LOS-BESTIES-Wolf-tank-wayna/wayna_mercado/vendor/laravel/framework/src/Illuminate/Foundation/Http/Middleware/ConvertEmptyStringsToNull.php(31): Illuminate/Foundation/Http/Middleware/TransformsRequest->handle()
#36 C:/Users/LEONARDO/Desktop/wayna/LOS-BESTIES-Wolf-tank-wayna/wayna_mercado/vendor/laravel/framework/src/Illuminate/Pipeline/Pipeline.php(219): Illuminate/Foundation/Http/Middleware/ConvertEmptyStringsToNull->handle()
#37 C:/Users/LEONARDO/Desktop/wayna/LOS-BESTIES-Wolf-tank-wayna/wayna_mercado/vendor/laravel/framework/src/Illuminate/Foundation/Http/Middleware/TransformsRequest.php(21): Illuminate/Pipeline/Pipeline->{closure:{closure:Illuminate/Pipeline/Pipeline::carry():194}:195}()
#38 C:/Users/LEONARDO/Desktop/wayna/LOS-BESTIES-Wolf-tank-wayna/wayna_mercado/vendor/laravel/framework/src/Illuminate/Foundation/Http/Middleware/TrimStrings.php(51): Illuminate/Foundation/Http/Middleware/TransformsRequest->handle()
#39 C:/Users/LEONARDO/Desktop/wayna/LOS-BESTIES-Wolf-tank-wayna/wayna_mercado/vendor/laravel/framework/src/Illuminate/Pipeline/Pipeline.php(219): Illuminate/Foundation/Http/Middleware/TrimStrings->handle()
#40 C:/Users/LEONARDO/Desktop/wayna/LOS-BESTIES-Wolf-tank-wayna/wayna_mercado/vendor/laravel/framework/src/Illuminate/Http/Middleware/ValidatePostSize.php(27): Illuminate/Pipeline/Pipeline->{closure:{closure:Illuminate/Pipeline/Pipeline::carry():194}:195}()
#41 C:/Users/LEONARDO/Desktop/wayna/LOS-BESTIES-Wolf-tank-wayna/wayna_mercado/vendor/laravel/framework/src/Illuminate/Pipeline/Pipeline.php(219): Illuminate/Http/Middleware/ValidatePostSize->handle()
#42 C:/Users/LEONARDO/Desktop/wayna/LOS-BESTIES-Wolf-tank-wayna/wayna_mercado/vendor/laravel/framework/src/Illuminate/Foundation/Http/Middleware/PreventRequestsDuringMaintenance.php(109): Illuminate/Pipeline/Pipeline->{closure:{closure:Illuminate/Pipeline/Pipeline::carry():194}:195}()
#43 C:/Users/LEONARDO/Desktop/wayna/LOS-BESTIES-Wolf-tank-wayna/wayna_mercado/vendor/laravel/framework/src/Illuminate/Pipeline/Pipeline.php(219): Illuminate/Foundation/Http/Middleware/PreventRequestsDuringMaintenance->handle()
#44 C:/Users/LEONARDO/Desktop/wayna/LOS-BESTIES-Wolf-tank-wayna/wayna_mercado/vendor/laravel/framework/src/Illuminate/Http/Middleware/HandleCors.php(61): Illuminate/Pipeline/Pipeline->{closure:{closure:Illuminate/Pipeline/Pipeline::carry():194}:195}()
#45 C:/Users/LEONARDO/Desktop/wayna/LOS-BESTIES-Wolf-tank-wayna/wayna_mercado/vendor/laravel/framework/src/Illuminate/Pipeline/Pipeline.php(219): Illuminate/Http/Middleware/HandleCors->handle()
#46 C:/Users/LEONARDO/Desktop/wayna/LOS-BESTIES-Wolf-tank-wayna/wayna_mercado/vendor/laravel/framework/src/Illuminate/Http/Middleware/TrustProxies.php(58): Illuminate/Pipeline/Pipeline->{closure:{closure:Illuminate/Pipeline/Pipeline::carry():194}:195}()
#47 C:/Users/LEONARDO/Desktop/wayna/LOS-BESTIES-Wolf-tank-wayna/wayna_mercado/vendor/laravel/framework/src/Illuminate/Pipeline/Pipeline.php(219): Illuminate/Http/Middleware/TrustProxies->handle()
#48 C:/Users/LEONARDO/Desktop/wayna/LOS-BESTIES-Wolf-tank-wayna/wayna_mercado/vendor/laravel/framework/src/Illuminate/Foundation/Http/Middleware/InvokeDeferredCallbacks.php(22): Illuminate/Pipeline/Pipeline->{closure:{closure:Illuminate/Pipeline/Pipeline::carry():194}:195}()
#49 C:/Users/LEONARDO/Desktop/wayna/LOS-BESTIES-Wolf-tank-wayna/wayna_mercado/vendor/laravel/framework/src/Illuminate/Pipeline/Pipeline.php(219): Illuminate/Foundation/Http/Middleware/InvokeDeferredCallbacks->handle()
#50 C:/Users/LEONARDO/Desktop/wayna/LOS-BESTIES-Wolf-tank-wayna/wayna_mercado/vendor/laravel/framework/src/Illuminate/Http/Middleware/ValidatePathEncoding.php(28): Illuminate/Pipeline/Pipeline->{closure:{closure:Illuminate/Pipeline/Pipeline::carry():194}:195}()
#51 C:/Users/LEONARDO/Desktop/wayna/LOS-BESTIES-Wolf-tank-wayna/wayna_mercado/vendor/laravel/framework/src/Illuminate/Pipeline/Pipeline.php(219): Illuminate/Http/Middleware/ValidatePathEncoding->handle()
#52 C:/Users/LEONARDO/Desktop/wayna/LOS-BESTIES-Wolf-tank-wayna/wayna_mercado/vendor/laravel/framework/src/Illuminate/Pipeline/Pipeline.php(137): Illuminate/Pipeline/Pipeline->{closure:{closure:Illuminate/Pipeline/Pipeline::carry():194}:195}()
#53 C:/Users/LEONARDO/Desktop/wayna/LOS-BESTIES-Wolf-tank-wayna/wayna_mercado/vendor/laravel/framework/src/Illuminate/Foundation/Http/Kernel.php(175): Illuminate/Pipeline/Pipeline->then()
#54 C:/Users/LEONARDO/Desktop/wayna/LOS-BESTIES-Wolf-tank-wayna/wayna_mercado/vendor/laravel/framework/src/Illuminate/Foundation/Http/Kernel.php(144): Illuminate/Foundation/Http/Kernel->sendRequestThroughRouter()
#55 C:/Users/LEONARDO/Desktop/wayna/LOS-BESTIES-Wolf-tank-wayna/wayna_mercado/vendor/laravel/framework/src/Illuminate/Foundation/Application.php(1220): Illuminate/Foundation/Http/Kernel->handle()
#56 C:/Users/LEONARDO/Desktop/wayna/LOS-BESTIES-Wolf-tank-wayna/wayna_mercado/public/index.php(20): Illuminate/Foundation/Application->handleRequest()
#57 C:/Users/LEONARDO/Desktop/wayna/LOS-BESTIES-Wolf-tank-wayna/wayna_mercado/vendor/laravel/framework/src/Illuminate/Foundation/resources/server.php(23): require_once('...')
#58 {main}
"} 
[2026-05-16 13:30:40] local.ERROR: syntax error, unexpected token "\" (View: C:\Users\LEONARDO\Desktop\wayna\LOS-BESTIES-Wolf-tank-wayna\wayna_mercado\resources\views\productos\index.blade.php) {"userId":4,"exception":"[object] (Illuminate\\View\\ViewException(code: 0): syntax error, unexpected token \"\\\" (View: C:\\Users\\LEONARDO\\Desktop\\wayna\\LOS-BESTIES-Wolf-tank-wayna\\wayna_mercado\\resources\\views\\productos\\index.blade.php) at C:/Users/LEONARDO/Desktop/wayna/LOS-BESTIES-Wolf-tank-wayna/wayna_mercado/storage/framework/views/090979d99af39c6a353b88b606858128.php:39)
[stacktrace]
#0 C:/Users/LEONARDO/Desktop/wayna/LOS-BESTIES-Wolf-tank-wayna/wayna_mercado/vendor/laravel/framework/src/Illuminate/View/Engines/PhpEngine.php(59): Illuminate/View/Engines/CompilerEngine->handleViewException()
#1 C:/Users/LEONARDO/Desktop/wayna/LOS-BESTIES-Wolf-tank-wayna/wayna_mercado/vendor/laravel/framework/src/Illuminate/View/Engines/CompilerEngine.php(76): Illuminate/View/Engines/PhpEngine->evaluatePath()
#2 C:/Users/LEONARDO/Desktop/wayna/LOS-BESTIES-Wolf-tank-wayna/wayna_mercado/vendor/laravel/framework/src/Illuminate/View/View.php(208): Illuminate/View/Engines/CompilerEngine->get()
#3 C:/Users/LEONARDO/Desktop/wayna/LOS-BESTIES-Wolf-tank-wayna/wayna_mercado/vendor/laravel/framework/src/Illuminate/View/View.php(191): Illuminate/View/View->getContents()
#4 C:/Users/LEONARDO/Desktop/wayna/LOS-BESTIES-Wolf-tank-wayna/wayna_mercado/vendor/laravel/framework/src/Illuminate/View/View.php(160): Illuminate/View/View->renderContents()
#5 C:/Users/LEONARDO/Desktop/wayna/LOS-BESTIES-Wolf-tank-wayna/wayna_mercado/vendor/laravel/framework/src/Illuminate/Http/Response.php(78): Illuminate/View/View->render()
#6 C:/Users/LEONARDO/Desktop/wayna/LOS-BESTIES-Wolf-tank-wayna/wayna_mercado/vendor/laravel/framework/src/Illuminate/Http/Response.php(34): Illuminate/Http/Response->setContent()
#7 C:/Users/LEONARDO/Desktop/wayna/LOS-BESTIES-Wolf-tank-wayna/wayna_mercado/vendor/laravel/framework/src/Illuminate/Routing/Router.php(939): Illuminate/Http/Response->__construct()
#8 C:/Users/LEONARDO/Desktop/wayna/LOS-BESTIES-Wolf-tank-wayna/wayna_mercado/vendor/laravel/framework/src/Illuminate/Routing/Router.php(906): Illuminate/Routing/Router::toResponse()
#9 C:/Users/LEONARDO/Desktop/wayna/LOS-BESTIES-Wolf-tank-wayna/wayna_mercado/vendor/laravel/framework/src/Illuminate/Routing/Router.php(821): Illuminate/Routing/Router->prepareResponse()
#10 C:/Users/LEONARDO/Desktop/wayna/LOS-BESTIES-Wolf-tank-wayna/wayna_mercado/vendor/laravel/framework/src/Illuminate/Pipeline/Pipeline.php(180): Illuminate/Routing/Router->{closure:Illuminate/Routing/Router::runRouteWithinStack():821}()
#11 C:/Users/LEONARDO/Desktop/wayna/LOS-BESTIES-Wolf-tank-wayna/wayna_mercado/vendor/laravel/boost/src/Middleware/InjectBoost.php(22): Illuminate/Pipeline/Pipeline->{closure:Illuminate/Pipeline/Pipeline::prepareDestination():178}()
#12 C:/Users/LEONARDO/Desktop/wayna/LOS-BESTIES-Wolf-tank-wayna/wayna_mercado/vendor/laravel/framework/src/Illuminate/Pipeline/Pipeline.php(219): Laravel/Boost/Middleware/InjectBoost->handle()
#13 C:/Users/LEONARDO/Desktop/wayna/LOS-BESTIES-Wolf-tank-wayna/wayna_mercado/vendor/laravel/framework/src/Illuminate/Routing/Middleware/SubstituteBindings.php(52): Illuminate/Pipeline/Pipeline->{closure:{closure:Illuminate/Pipeline/Pipeline::carry():194}:195}()
#14 C:/Users/LEONARDO/Desktop/wayna/LOS-BESTIES-Wolf-tank-wayna/wayna_mercado/vendor/laravel/framework/src/Illuminate/Pipeline/Pipeline.php(219): Illuminate/Routing/Middleware/SubstituteBindings->handle()
#15 C:/Users/LEONARDO/Desktop/wayna/LOS-BESTIES-Wolf-tank-wayna/wayna_mercado/vendor/laravel/framework/src/Illuminate/Foundation/Http/Middleware/PreventRequestForgery.php(104): Illuminate/Pipeline/Pipeline->{closure:{closure:Illuminate/Pipeline/Pipeline::carry():194}:195}()
#16 C:/Users/LEONARDO/Desktop/wayna/LOS-BESTIES-Wolf-tank-wayna/wayna_mercado/vendor/laravel/framework/src/Illuminate/Pipeline/Pipeline.php(219): Illuminate/Foundation/Http/Middleware/PreventRequestForgery->handle()
#17 C:/Users/LEONARDO/Desktop/wayna/LOS-BESTIES-Wolf-tank-wayna/wayna_mercado/vendor/laravel/framework/src/Illuminate/View/Middleware/ShareErrorsFromSession.php(48): Illuminate/Pipeline/Pipeline->{closure:{closure:Illuminate/Pipeline/Pipeline::carry():194}:195}()
#18 C:/Users/LEONARDO/Desktop/wayna/LOS-BESTIES-Wolf-tank-wayna/wayna_mercado/vendor/laravel/framework/src/Illuminate/Pipeline/Pipeline.php(219): Illuminate/View/Middleware/ShareErrorsFromSession->handle()
#19 C:/Users/LEONARDO/Desktop/wayna/LOS-BESTIES-Wolf-tank-wayna/wayna_mercado/vendor/laravel/framework/src/Illuminate/Session/Middleware/StartSession.php(120): Illuminate/Pipeline/Pipeline->{closure:{closure:Illuminate/Pipeline/Pipeline::carry():194}:195}()
#20 C:/Users/LEONARDO/Desktop/wayna/LOS-BESTIES-Wolf-tank-wayna/wayna_mercado/vendor/laravel/framework/src/Illuminate/Session/Middleware/StartSession.php(63): Illuminate/Session/Middleware/StartSession->handleStatefulRequest()
#21 C:/Users/LEONARDO/Desktop/wayna/LOS-BESTIES-Wolf-tank-wayna/wayna_mercado/vendor/laravel/framework/src/Illuminate/Pipeline/Pipeline.php(219): Illuminate/Session/Middleware/StartSession->handle()
#22 C:/Users/LEONARDO/Desktop/wayna/LOS-BESTIES-Wolf-tank-wayna/wayna_mercado/vendor/laravel/framework/src/Illuminate/Cookie/Middleware/AddQueuedCookiesToResponse.php(36): Illuminate/Pipeline/Pipeline->{closure:{closure:Illuminate/Pipeline/Pipeline::carry():194}:195}()
#23 C:/Users/LEONARDO/Desktop/wayna/LOS-BESTIES-Wolf-tank-wayna/wayna_mercado/vendor/laravel/framework/src/Illuminate/Pipeline/Pipeline.php(219): Illuminate/Cookie/Middleware/AddQueuedCookiesToResponse->handle()
#24 C:/Users/LEONARDO/Desktop/wayna/LOS-BESTIES-Wolf-tank-wayna/wayna_mercado/vendor/laravel/framework/src/Illuminate/Cookie/Middleware/EncryptCookies.php(74): Illuminate/Pipeline/Pipeline->{closure:{closure:Illuminate/Pipeline/Pipeline::carry():194}:195}()
#25 C:/Users/LEONARDO/Desktop/wayna/LOS-BESTIES-Wolf-tank-wayna/wayna_mercado/vendor/laravel/framework/src/Illuminate/Pipeline/Pipeline.php(219): Illuminate/Cookie/Middleware/EncryptCookies->handle()
#26 C:/Users/LEONARDO/Desktop/wayna/LOS-BESTIES-Wolf-tank-wayna/wayna_mercado/vendor/laravel/framework/src/Illuminate/Pipeline/Pipeline.php(137): Illuminate/Pipeline/Pipeline->{closure:{closure:Illuminate/Pipeline/Pipeline::carry():194}:195}()
#27 C:/Users/LEONARDO/Desktop/wayna/LOS-BESTIES-Wolf-tank-wayna/wayna_mercado/vendor/laravel/framework/src/Illuminate/Routing/Router.php(821): Illuminate/Pipeline/Pipeline->then()
#28 C:/Users/LEONARDO/Desktop/wayna/LOS-BESTIES-Wolf-tank-wayna/wayna_mercado/vendor/laravel/framework/src/Illuminate/Routing/Router.php(800): Illuminate/Routing/Router->runRouteWithinStack()
#29 C:/Users/LEONARDO/Desktop/wayna/LOS-BESTIES-Wolf-tank-wayna/wayna_mercado/vendor/laravel/framework/src/Illuminate/Routing/Router.php(764): Illuminate/Routing/Router->runRoute()
#30 C:/Users/LEONARDO/Desktop/wayna/LOS-BESTIES-Wolf-tank-wayna/wayna_mercado/vendor/laravel/framework/src/Illuminate/Routing/Router.php(753): Illuminate/Routing/Router->dispatchToRoute()
#31 C:/Users/LEONARDO/Desktop/wayna/LOS-BESTIES-Wolf-tank-wayna/wayna_mercado/vendor/laravel/framework/src/Illuminate/Foundation/Http/Kernel.php(200): Illuminate/Routing/Router->dispatch()
#32 C:/Users/LEONARDO/Desktop/wayna/LOS-BESTIES-Wolf-tank-wayna/wayna_mercado/vendor/laravel/framework/src/Illuminate/Pipeline/Pipeline.php(180): Illuminate/Foundation/Http/Kernel->{closure:Illuminate/Foundation/Http/Kernel::dispatchToRouter():197}()
#33 C:/Users/LEONARDO/Desktop/wayna/LOS-BESTIES-Wolf-tank-wayna/wayna_mercado/vendor/laravel/framework/src/Illuminate/Foundation/Http/Middleware/TransformsRequest.php(21): Illuminate/Pipeline/Pipeline->{closure:Illuminate/Pipeline/Pipeline::prepareDestination():178}()
#34 C:/Users/LEONARDO/Desktop/wayna/LOS-BESTIES-Wolf-tank-wayna/wayna_mercado/vendor/laravel/framework/src/Illuminate/Foundation/Http/Middleware/ConvertEmptyStringsToNull.php(31): Illuminate/Foundation/Http/Middleware/TransformsRequest->handle()
#35 C:/Users/LEONARDO/Desktop/wayna/LOS-BESTIES-Wolf-tank-wayna/wayna_mercado/vendor/laravel/framework/src/Illuminate/Pipeline/Pipeline.php(219): Illuminate/Foundation/Http/Middleware/ConvertEmptyStringsToNull->handle()
#36 C:/Users/LEONARDO/Desktop/wayna/LOS-BESTIES-Wolf-tank-wayna/wayna_mercado/vendor/laravel/framework/src/Illuminate/Foundation/Http/Middleware/TransformsRequest.php(21): Illuminate/Pipeline/Pipeline->{closure:{closure:Illuminate/Pipeline/Pipeline::carry():194}:195}()
#37 C:/Users/LEONARDO/Desktop/wayna/LOS-BESTIES-Wolf-tank-wayna/wayna_mercado/vendor/laravel/framework/src/Illuminate/Foundation/Http/Middleware/TrimStrings.php(51): Illuminate/Foundation/Http/Middleware/TransformsRequest->handle()
#38 C:/Users/LEONARDO/Desktop/wayna/LOS-BESTIES-Wolf-tank-wayna/wayna_mercado/vendor/laravel/framework/src/Illuminate/Pipeline/Pipeline.php(219): Illuminate/Foundation/Http/Middleware/TrimStrings->handle()
#39 C:/Users/LEONARDO/Desktop/wayna/LOS-BESTIES-Wolf-tank-wayna/wayna_mercado/vendor/laravel/framework/src/Illuminate/Http/Middleware/ValidatePostSize.php(27): Illuminate/Pipeline/Pipeline->{closure:{closure:Illuminate/Pipeline/Pipeline::carry():194}:195}()
#40 C:/Users/LEONARDO/Desktop/wayna/LOS-BESTIES-Wolf-tank-wayna/wayna_mercado/vendor/laravel/framework/src/Illuminate/Pipeline/Pipeline.php(219): Illuminate/Http/Middleware/ValidatePostSize->handle()
#41 C:/Users/LEONARDO/Desktop/wayna/LOS-BESTIES-Wolf-tank-wayna/wayna_mercado/vendor/laravel/framework/src/Illuminate/Foundation/Http/Middleware/PreventRequestsDuringMaintenance.php(109): Illuminate/Pipeline/Pipeline->{closure:{closure:Illuminate/Pipeline/Pipeline::carry():194}:195}()
#42 C:/Users/LEONARDO/Desktop/wayna/LOS-BESTIES-Wolf-tank-wayna/wayna_mercado/vendor/laravel/framework/src/Illuminate/Pipeline/Pipeline.php(219): Illuminate/Foundation/Http/Middleware/PreventRequestsDuringMaintenance->handle()
#43 C:/Users/LEONARDO/Desktop/wayna/LOS-BESTIES-Wolf-tank-wayna/wayna_mercado/vendor/laravel/framework/src/Illuminate/Http/Middleware/HandleCors.php(61): Illuminate/Pipeline/Pipeline->{closure:{closure:Illuminate/Pipeline/Pipeline::carry():194}:195}()
#44 C:/Users/LEONARDO/Desktop/wayna/LOS-BESTIES-Wolf-tank-wayna/wayna_mercado/vendor/laravel/framework/src/Illuminate/Pipeline/Pipeline.php(219): Illuminate/Http/Middleware/HandleCors->handle()
#45 C:/Users/LEONARDO/Desktop/wayna/LOS-BESTIES-Wolf-tank-wayna/wayna_mercado/vendor/laravel/framework/src/Illuminate/Http/Middleware/TrustProxies.php(58): Illuminate/Pipeline/Pipeline->{closure:{closure:Illuminate/Pipeline/Pipeline::carry():194}:195}()
#46 C:/Users/LEONARDO/Desktop/wayna/LOS-BESTIES-Wolf-tank-wayna/wayna_mercado/vendor/laravel/framework/src/Illuminate/Pipeline/Pipeline.php(219): Illuminate/Http/Middleware/TrustProxies->handle()
#47 C:/Users/LEONARDO/Desktop/wayna/LOS-BESTIES-Wolf-tank-wayna/wayna_mercado/vendor/laravel/framework/src/Illuminate/Foundation/Http/Middleware/InvokeDeferredCallbacks.php(22): Illuminate/Pipeline/Pipeline->{closure:{closure:Illuminate/Pipeline/Pipeline::carry():194}:195}()
#48 C:/Users/LEONARDO/Desktop/wayna/LOS-BESTIES-Wolf-tank-wayna/wayna_mercado/vendor/laravel/framework/src/Illuminate/Pipeline/Pipeline.php(219): Illuminate/Foundation/Http/Middleware/InvokeDeferredCallbacks->handle()
#49 C:/Users/LEONARDO/Desktop/wayna/LOS-BESTIES-Wolf-tank-wayna/wayna_mercado/vendor/laravel/framework/src/Illuminate/Http/Middleware/ValidatePathEncoding.php(28): Illuminate/Pipeline/Pipeline->{closure:{closure:Illuminate/Pipeline/Pipeline::carry():194}:195}()
#50 C:/Users/LEONARDO/Desktop/wayna/LOS-BESTIES-Wolf-tank-wayna/wayna_mercado/vendor/laravel/framework/src/Illuminate/Pipeline/Pipeline.php(219): Illuminate/Http/Middleware/ValidatePathEncoding->handle()
#51 C:/Users/LEONARDO/Desktop/wayna/LOS-BESTIES-Wolf-tank-wayna/wayna_mercado/vendor/laravel/framework/src/Illuminate/Pipeline/Pipeline.php(137): Illuminate/Pipeline/Pipeline->{closure:{closure:Illuminate/Pipeline/Pipeline::carry():194}:195}()
#52 C:/Users/LEONARDO/Desktop/wayna/LOS-BESTIES-Wolf-tank-wayna/wayna_mercado/vendor/laravel/framework/src/Illuminate/Foundation/Http/Kernel.php(175): Illuminate/Pipeline/Pipeline->then()
#53 C:/Users/LEONARDO/Desktop/wayna/LOS-BESTIES-Wolf-tank-wayna/wayna_mercado/vendor/laravel/framework/src/Illuminate/Foundation/Http/Kernel.php(144): Illuminate/Foundation/Http/Kernel->sendRequestThroughRouter()
#54 C:/Users/LEONARDO/Desktop/wayna/LOS-BESTIES-Wolf-tank-wayna/wayna_mercado/vendor/laravel/framework/src/Illuminate/Foundation/Application.php(1220): Illuminate/Foundation/Http/Kernel->handle()
#55 C:/Users/LEONARDO/Desktop/wayna/LOS-BESTIES-Wolf-tank-wayna/wayna_mercado/public/index.php(20): Illuminate/Foundation/Application->handleRequest()
#56 C:/Users/LEONARDO/Desktop/wayna/LOS-BESTIES-Wolf-tank-wayna/wayna_mercado/vendor/laravel/framework/src/Illuminate/Foundation/resources/server.php(23): require_once('...')
#57 {main}

[previous exception] [object] (ParseError(code: 0): syntax error, unexpected token \"\\\" at C:/Users/LEONARDO/Desktop/wayna/LOS-BESTIES-Wolf-tank-wayna/wayna_mercado/storage/framework/views/090979d99af39c6a353b88b606858128.php:39)
[stacktrace]
#0 C:/Users/LEONARDO/Desktop/wayna/LOS-BESTIES-Wolf-tank-wayna/wayna_mercado/vendor/laravel/framework/src/Illuminate/Filesystem/Filesystem.php(124): Illuminate/Filesystem/Filesystem::{closure:Illuminate/Filesystem/Filesystem::getRequire():120}()
#1 C:/Users/LEONARDO/Desktop/wayna/LOS-BESTIES-Wolf-tank-wayna/wayna_mercado/vendor/laravel/framework/src/Illuminate/View/Engines/PhpEngine.php(57): Illuminate/Filesystem/Filesystem->getRequire()
#2 C:/Users/LEONARDO/Desktop/wayna/LOS-BESTIES-Wolf-tank-wayna/wayna_mercado/vendor/laravel/framework/src/Illuminate/View/Engines/CompilerEngine.php(76): Illuminate/View/Engines/PhpEngine->evaluatePath()
#3 C:/Users/LEONARDO/Desktop/wayna/LOS-BESTIES-Wolf-tank-wayna/wayna_mercado/vendor/laravel/framework/src/Illuminate/View/View.php(208): Illuminate/View/Engines/CompilerEngine->get()
#4 C:/Users/LEONARDO/Desktop/wayna/LOS-BESTIES-Wolf-tank-wayna/wayna_mercado/vendor/laravel/framework/src/Illuminate/View/View.php(191): Illuminate/View/View->getContents()
#5 C:/Users/LEONARDO/Desktop/wayna/LOS-BESTIES-Wolf-tank-wayna/wayna_mercado/vendor/laravel/framework/src/Illuminate/View/View.php(160): Illuminate/View/View->renderContents()
#6 C:/Users/LEONARDO/Desktop/wayna/LOS-BESTIES-Wolf-tank-wayna/wayna_mercado/vendor/laravel/framework/src/Illuminate/Http/Response.php(78): Illuminate/View/View->render()
#7 C:/Users/LEONARDO/Desktop/wayna/LOS-BESTIES-Wolf-tank-wayna/wayna_mercado/vendor/laravel/framework/src/Illuminate/Http/Response.php(34): Illuminate/Http/Response->setContent()
#8 C:/Users/LEONARDO/Desktop/wayna/LOS-BESTIES-Wolf-tank-wayna/wayna_mercado/vendor/laravel/framework/src/Illuminate/Routing/Router.php(939): Illuminate/Http/Response->__construct()
#9 C:/Users/LEONARDO/Desktop/wayna/LOS-BESTIES-Wolf-tank-wayna/wayna_mercado/vendor/laravel/framework/src/Illuminate/Routing/Router.php(906): Illuminate/Routing/Router::toResponse()
#10 C:/Users/LEONARDO/Desktop/wayna/LOS-BESTIES-Wolf-tank-wayna/wayna_mercado/vendor/laravel/framework/src/Illuminate/Routing/Router.php(821): Illuminate/Routing/Router->prepareResponse()
#11 C:/Users/LEONARDO/Desktop/wayna/LOS-BESTIES-Wolf-tank-wayna/wayna_mercado/vendor/laravel/framework/src/Illuminate/Pipeline/Pipeline.php(180): Illuminate/Routing/Router->{closure:Illuminate/Routing/Router::runRouteWithinStack():821}()
#12 C:/Users/LEONARDO/Desktop/wayna/LOS-BESTIES-Wolf-tank-wayna/wayna_mercado/vendor/laravel/boost/src/Middleware/InjectBoost.php(22): Illuminate/Pipeline/Pipeline->{closure:Illuminate/Pipeline/Pipeline::prepareDestination():178}()
#13 C:/Users/LEONARDO/Desktop/wayna/LOS-BESTIES-Wolf-tank-wayna/wayna_mercado/vendor/laravel/framework/src/Illuminate/Pipeline/Pipeline.php(219): Laravel/Boost/Middleware/InjectBoost->handle()
#14 C:/Users/LEONARDO/Desktop/wayna/LOS-BESTIES-Wolf-tank-wayna/wayna_mercado/vendor/laravel/framework/src/Illuminate/Routing/Middleware/SubstituteBindings.php(52): Illuminate/Pipeline/Pipeline->{closure:{closure:Illuminate/Pipeline/Pipeline::carry():194}:195}()
#15 C:/Users/LEONARDO/Desktop/wayna/LOS-BESTIES-Wolf-tank-wayna/wayna_mercado/vendor/laravel/framework/src/Illuminate/Pipeline/Pipeline.php(219): Illuminate/Routing/Middleware/SubstituteBindings->handle()
#16 C:/Users/LEONARDO/Desktop/wayna/LOS-BESTIES-Wolf-tank-wayna/wayna_mercado/vendor/laravel/framework/src/Illuminate/Foundation/Http/Middleware/PreventRequestForgery.php(104): Illuminate/Pipeline/Pipeline->{closure:{closure:Illuminate/Pipeline/Pipeline::carry():194}:195}()
#17 C:/Users/LEONARDO/Desktop/wayna/LOS-BESTIES-Wolf-tank-wayna/wayna_mercado/vendor/laravel/framework/src/Illuminate/Pipeline/Pipeline.php(219): Illuminate/Foundation/Http/Middleware/PreventRequestForgery->handle()
#18 C:/Users/LEONARDO/Desktop/wayna/LOS-BESTIES-Wolf-tank-wayna/wayna_mercado/vendor/laravel/framework/src/Illuminate/View/Middleware/ShareErrorsFromSession.php(48): Illuminate/Pipeline/Pipeline->{closure:{closure:Illuminate/Pipeline/Pipeline::carry():194}:195}()
#19 C:/Users/LEONARDO/Desktop/wayna/LOS-BESTIES-Wolf-tank-wayna/wayna_mercado/vendor/laravel/framework/src/Illuminate/Pipeline/Pipeline.php(219): Illuminate/View/Middleware/ShareErrorsFromSession->handle()
#20 C:/Users/LEONARDO/Desktop/wayna/LOS-BESTIES-Wolf-tank-wayna/wayna_mercado/vendor/laravel/framework/src/Illuminate/Session/Middleware/StartSession.php(120): Illuminate/Pipeline/Pipeline->{closure:{closure:Illuminate/Pipeline/Pipeline::carry():194}:195}()
#21 C:/Users/LEONARDO/Desktop/wayna/LOS-BESTIES-Wolf-tank-wayna/wayna_mercado/vendor/laravel/framework/src/Illuminate/Session/Middleware/StartSession.php(63): Illuminate/Session/Middleware/StartSession->handleStatefulRequest()
#22 C:/Users/LEONARDO/Desktop/wayna/LOS-BESTIES-Wolf-tank-wayna/wayna_mercado/vendor/laravel/framework/src/Illuminate/Pipeline/Pipeline.php(219): Illuminate/Session/Middleware/StartSession->handle()
#23 C:/Users/LEONARDO/Desktop/wayna/LOS-BESTIES-Wolf-tank-wayna/wayna_mercado/vendor/laravel/framework/src/Illuminate/Cookie/Middleware/AddQueuedCookiesToResponse.php(36): Illuminate/Pipeline/Pipeline->{closure:{closure:Illuminate/Pipeline/Pipeline::carry():194}:195}()
#24 C:/Users/LEONARDO/Desktop/wayna/LOS-BESTIES-Wolf-tank-wayna/wayna_mercado/vendor/laravel/framework/src/Illuminate/Pipeline/Pipeline.php(219): Illuminate/Cookie/Middleware/AddQueuedCookiesToResponse->handle()
#25 C:/Users/LEONARDO/Desktop/wayna/LOS-BESTIES-Wolf-tank-wayna/wayna_mercado/vendor/laravel/framework/src/Illuminate/Cookie/Middleware/EncryptCookies.php(74): Illuminate/Pipeline/Pipeline->{closure:{closure:Illuminate/Pipeline/Pipeline::carry():194}:195}()
#26 C:/Users/LEONARDO/Desktop/wayna/LOS-BESTIES-Wolf-tank-wayna/wayna_mercado/vendor/laravel/framework/src/Illuminate/Pipeline/Pipeline.php(219): Illuminate/Cookie/Middleware/EncryptCookies->handle()
#27 C:/Users/LEONARDO/Desktop/wayna/LOS-BESTIES-Wolf-tank-wayna/wayna_mercado/vendor/laravel/framework/src/Illuminate/Pipeline/Pipeline.php(137): Illuminate/Pipeline/Pipeline->{closure:{closure:Illuminate/Pipeline/Pipeline::carry():194}:195}()
#28 C:/Users/LEONARDO/Desktop/wayna/LOS-BESTIES-Wolf-tank-wayna/wayna_mercado/vendor/laravel/framework/src/Illuminate/Routing/Router.php(821): Illuminate/Pipeline/Pipeline->then()
#29 C:/Users/LEONARDO/Desktop/wayna/LOS-BESTIES-Wolf-tank-wayna/wayna_mercado/vendor/laravel/framework/src/Illuminate/Routing/Router.php(800): Illuminate/Routing/Router->runRouteWithinStack()
#30 C:/Users/LEONARDO/Desktop/wayna/LOS-BESTIES-Wolf-tank-wayna/wayna_mercado/vendor/laravel/framework/src/Illuminate/Routing/Router.php(764): Illuminate/Routing/Router->runRoute()
#31 C:/Users/LEONARDO/Desktop/wayna/LOS-BESTIES-Wolf-tank-wayna/wayna_mercado/vendor/laravel/framework/src/Illuminate/Routing/Router.php(753): Illuminate/Routing/Router->dispatchToRoute()
#32 C:/Users/LEONARDO/Desktop/wayna/LOS-BESTIES-Wolf-tank-wayna/wayna_mercado/vendor/laravel/framework/src/Illuminate/Foundation/Http/Kernel.php(200): Illuminate/Routing/Router->dispatch()
#33 C:/Users/LEONARDO/Desktop/wayna/LOS-BESTIES-Wolf-tank-wayna/wayna_mercado/vendor/laravel/framework/src/Illuminate/Pipeline/Pipeline.php(180): Illuminate/Foundation/Http/Kernel->{closure:Illuminate/Foundation/Http/Kernel::dispatchToRouter():197}()
#34 C:/Users/LEONARDO/Desktop/wayna/LOS-BESTIES-Wolf-tank-wayna/wayna_mercado/vendor/laravel/framework/src/Illuminate/Foundation/Http/Middleware/TransformsRequest.php(21): Illuminate/Pipeline/Pipeline->{closure:Illuminate/Pipeline/Pipeline::prepareDestination():178}()
#35 C:/Users/LEONARDO/Desktop/wayna/LOS-BESTIES-Wolf-tank-wayna/wayna_mercado/vendor/laravel/framework/src/Illuminate/Foundation/Http/Middleware/ConvertEmptyStringsToNull.php(31): Illuminate/Foundation/Http/Middleware/TransformsRequest->handle()
#36 C:/Users/LEONARDO/Desktop/wayna/LOS-BESTIES-Wolf-tank-wayna/wayna_mercado/vendor/laravel/framework/src/Illuminate/Pipeline/Pipeline.php(219): Illuminate/Foundation/Http/Middleware/ConvertEmptyStringsToNull->handle()
#37 C:/Users/LEONARDO/Desktop/wayna/LOS-BESTIES-Wolf-tank-wayna/wayna_mercado/vendor/laravel/framework/src/Illuminate/Foundation/Http/Middleware/TransformsRequest.php(21): Illuminate/Pipeline/Pipeline->{closure:{closure:Illuminate/Pipeline/Pipeline::carry():194}:195}()
#38 C:/Users/LEONARDO/Desktop/wayna/LOS-BESTIES-Wolf-tank-wayna/wayna_mercado/vendor/laravel/framework/src/Illuminate/Foundation/Http/Middleware/TrimStrings.php(51): Illuminate/Foundation/Http/Middleware/TransformsRequest->handle()
#39 C:/Users/LEONARDO/Desktop/wayna/LOS-BESTIES-Wolf-tank-wayna/wayna_mercado/vendor/laravel/framework/src/Illuminate/Pipeline/Pipeline.php(219): Illuminate/Foundation/Http/Middleware/TrimStrings->handle()
#40 C:/Users/LEONARDO/Desktop/wayna/LOS-BESTIES-Wolf-tank-wayna/wayna_mercado/vendor/laravel/framework/src/Illuminate/Http/Middleware/ValidatePostSize.php(27): Illuminate/Pipeline/Pipeline->{closure:{closure:Illuminate/Pipeline/Pipeline::carry():194}:195}()
#41 C:/Users/LEONARDO/Desktop/wayna/LOS-BESTIES-Wolf-tank-wayna/wayna_mercado/vendor/laravel/framework/src/Illuminate/Pipeline/Pipeline.php(219): Illuminate/Http/Middleware/ValidatePostSize->handle()
#42 C:/Users/LEONARDO/Desktop/wayna/LOS-BESTIES-Wolf-tank-wayna/wayna_mercado/vendor/laravel/framework/src/Illuminate/Foundation/Http/Middleware/PreventRequestsDuringMaintenance.php(109): Illuminate/Pipeline/Pipeline->{closure:{closure:Illuminate/Pipeline/Pipeline::carry():194}:195}()
#43 C:/Users/LEONARDO/Desktop/wayna/LOS-BESTIES-Wolf-tank-wayna/wayna_mercado/vendor/laravel/framework/src/Illuminate/Pipeline/Pipeline.php(219): Illuminate/Foundation/Http/Middleware/PreventRequestsDuringMaintenance->handle()
#44 C:/Users/LEONARDO/Desktop/wayna/LOS-BESTIES-Wolf-tank-wayna/wayna_mercado/vendor/laravel/framework/src/Illuminate/Http/Middleware/HandleCors.php(61): Illuminate/Pipeline/Pipeline->{closure:{closure:Illuminate/Pipeline/Pipeline::carry():194}:195}()
#45 C:/Users/LEONARDO/Desktop/wayna/LOS-BESTIES-Wolf-tank-wayna/wayna_mercado/vendor/laravel/framework/src/Illuminate/Pipeline/Pipeline.php(219): Illuminate/Http/Middleware/HandleCors->handle()
#46 C:/Users/LEONARDO/Desktop/wayna/LOS-BESTIES-Wolf-tank-wayna/wayna_mercado/vendor/laravel/framework/src/Illuminate/Http/Middleware/TrustProxies.php(58): Illuminate/Pipeline/Pipeline->{closure:{closure:Illuminate/Pipeline/Pipeline::carry():194}:195}()
#47 C:/Users/LEONARDO/Desktop/wayna/LOS-BESTIES-Wolf-tank-wayna/wayna_mercado/vendor/laravel/framework/src/Illuminate/Pipeline/Pipeline.php(219): Illuminate/Http/Middleware/TrustProxies->handle()
#48 C:/Users/LEONARDO/Desktop/wayna/LOS-BESTIES-Wolf-tank-wayna/wayna_mercado/vendor/laravel/framework/src/Illuminate/Foundation/Http/Middleware/InvokeDeferredCallbacks.php(22): Illuminate/Pipeline/Pipeline->{closure:{closure:Illuminate/Pipeline/Pipeline::carry():194}:195}()
#49 C:/Users/LEONARDO/Desktop/wayna/LOS-BESTIES-Wolf-tank-wayna/wayna_mercado/vendor/laravel/framework/src/Illuminate/Pipeline/Pipeline.php(219): Illuminate/Foundation/Http/Middleware/InvokeDeferredCallbacks->handle()
#50 C:/Users/LEONARDO/Desktop/wayna/LOS-BESTIES-Wolf-tank-wayna/wayna_mercado/vendor/laravel/framework/src/Illuminate/Http/Middleware/ValidatePathEncoding.php(28): Illuminate/Pipeline/Pipeline->{closure:{closure:Illuminate/Pipeline/Pipeline::carry():194}:195}()
#51 C:/Users/LEONARDO/Desktop/wayna/LOS-BESTIES-Wolf-tank-wayna/wayna_mercado/vendor/laravel/framework/src/Illuminate/Pipeline/Pipeline.php(219): Illuminate/Http/Middleware/ValidatePathEncoding->handle()
#52 C:/Users/LEONARDO/Desktop/wayna/LOS-BESTIES-Wolf-tank-wayna/wayna_mercado/vendor/laravel/framework/src/Illuminate/Pipeline/Pipeline.php(137): Illuminate/Pipeline/Pipeline->{closure:{closure:Illuminate/Pipeline/Pipeline::carry():194}:195}()
#53 C:/Users/LEONARDO/Desktop/wayna/LOS-BESTIES-Wolf-tank-wayna/wayna_mercado/vendor/laravel/framework/src/Illuminate/Foundation/Http/Kernel.php(175): Illuminate/Pipeline/Pipeline->then()
#54 C:/Users/LEONARDO/Desktop/wayna/LOS-BESTIES-Wolf-tank-wayna/wayna_mercado/vendor/laravel/framework/src/Illuminate/Foundation/Http/Kernel.php(144): Illuminate/Foundation/Http/Kernel->sendRequestThroughRouter()
#55 C:/Users/LEONARDO/Desktop/wayna/LOS-BESTIES-Wolf-tank-wayna/wayna_mercado/vendor/laravel/framework/src/Illuminate/Foundation/Application.php(1220): Illuminate/Foundation/Http/Kernel->handle()
#56 C:/Users/LEONARDO/Desktop/wayna/LOS-BESTIES-Wolf-tank-wayna/wayna_mercado/public/index.php(20): Illuminate/Foundation/Application->handleRequest()
#57 C:/Users/LEONARDO/Desktop/wayna/LOS-BESTIES-Wolf-tank-wayna/wayna_mercado/vendor/laravel/framework/src/Illuminate/Foundation/resources/server.php(23): require_once('...')
#58 {main}
"} 
[2026-05-16 13:48:44] local.ERROR: syntax error, unexpected token "\" (View: C:\Users\LEONARDO\Desktop\wayna\LOS-BESTIES-Wolf-tank-wayna\wayna_mercado\resources\views\productos\index.blade.php) {"exception":"[object] (Illuminate\\View\\ViewException(code: 0): syntax error, unexpected token \"\\\" (View: C:\\Users\\LEONARDO\\Desktop\\wayna\\LOS-BESTIES-Wolf-tank-wayna\\wayna_mercado\\resources\\views\\productos\\index.blade.php) at C:/Users/LEONARDO/Desktop/wayna/LOS-BESTIES-Wolf-tank-wayna/wayna_mercado/storage/framework/views/090979d99af39c6a353b88b606858128.php:39)
[stacktrace]
#0 C:/Users/LEONARDO/Desktop/wayna/LOS-BESTIES-Wolf-tank-wayna/wayna_mercado/vendor/laravel/framework/src/Illuminate/View/Engines/PhpEngine.php(59): Illuminate/View/Engines/CompilerEngine->handleViewException()
#1 C:/Users/LEONARDO/Desktop/wayna/LOS-BESTIES-Wolf-tank-wayna/wayna_mercado/vendor/laravel/framework/src/Illuminate/View/Engines/CompilerEngine.php(76): Illuminate/View/Engines/PhpEngine->evaluatePath()
#2 C:/Users/LEONARDO/Desktop/wayna/LOS-BESTIES-Wolf-tank-wayna/wayna_mercado/vendor/laravel/framework/src/Illuminate/View/View.php(208): Illuminate/View/Engines/CompilerEngine->get()
#3 C:/Users/LEONARDO/Desktop/wayna/LOS-BESTIES-Wolf-tank-wayna/wayna_mercado/vendor/laravel/framework/src/Illuminate/View/View.php(191): Illuminate/View/View->getContents()
#4 C:/Users/LEONARDO/Desktop/wayna/LOS-BESTIES-Wolf-tank-wayna/wayna_mercado/vendor/laravel/framework/src/Illuminate/View/View.php(160): Illuminate/View/View->renderContents()
#5 C:/Users/LEONARDO/Desktop/wayna/LOS-BESTIES-Wolf-tank-wayna/wayna_mercado/vendor/laravel/framework/src/Illuminate/Http/Response.php(78): Illuminate/View/View->render()
#6 C:/Users/LEONARDO/Desktop/wayna/LOS-BESTIES-Wolf-tank-wayna/wayna_mercado/vendor/laravel/framework/src/Illuminate/Http/Response.php(34): Illuminate/Http/Response->setContent()
#7 C:/Users/LEONARDO/Desktop/wayna/LOS-BESTIES-Wolf-tank-wayna/wayna_mercado/vendor/laravel/framework/src/Illuminate/Routing/Router.php(939): Illuminate/Http/Response->__construct()
#8 C:/Users/LEONARDO/Desktop/wayna/LOS-BESTIES-Wolf-tank-wayna/wayna_mercado/vendor/laravel/framework/src/Illuminate/Routing/Router.php(906): Illuminate/Routing/Router::toResponse()
#9 C:/Users/LEONARDO/Desktop/wayna/LOS-BESTIES-Wolf-tank-wayna/wayna_mercado/vendor/laravel/framework/src/Illuminate/Routing/Router.php(821): Illuminate/Routing/Router->prepareResponse()
#10 C:/Users/LEONARDO/Desktop/wayna/LOS-BESTIES-Wolf-tank-wayna/wayna_mercado/vendor/laravel/framework/src/Illuminate/Pipeline/Pipeline.php(180): Illuminate/Routing/Router->{closure:Illuminate/Routing/Router::runRouteWithinStack():821}()
#11 C:/Users/LEONARDO/Desktop/wayna/LOS-BESTIES-Wolf-tank-wayna/wayna_mercado/vendor/laravel/boost/src/Middleware/InjectBoost.php(22): Illuminate/Pipeline/Pipeline->{closure:Illuminate/Pipeline/Pipeline::prepareDestination():178}()
#12 C:/Users/LEONARDO/Desktop/wayna/LOS-BESTIES-Wolf-tank-wayna/wayna_mercado/vendor/laravel/framework/src/Illuminate/Pipeline/Pipeline.php(219): Laravel/Boost/Middleware/InjectBoost->handle()
#13 C:/Users/LEONARDO/Desktop/wayna/LOS-BESTIES-Wolf-tank-wayna/wayna_mercado/vendor/laravel/framework/src/Illuminate/Routing/Middleware/SubstituteBindings.php(52): Illuminate/Pipeline/Pipeline->{closure:{closure:Illuminate/Pipeline/Pipeline::carry():194}:195}()
#14 C:/Users/LEONARDO/Desktop/wayna/LOS-BESTIES-Wolf-tank-wayna/wayna_mercado/vendor/laravel/framework/src/Illuminate/Pipeline/Pipeline.php(219): Illuminate/Routing/Middleware/SubstituteBindings->handle()
#15 C:/Users/LEONARDO/Desktop/wayna/LOS-BESTIES-Wolf-tank-wayna/wayna_mercado/vendor/laravel/framework/src/Illuminate/Foundation/Http/Middleware/PreventRequestForgery.php(104): Illuminate/Pipeline/Pipeline->{closure:{closure:Illuminate/Pipeline/Pipeline::carry():194}:195}()
#16 C:/Users/LEONARDO/Desktop/wayna/LOS-BESTIES-Wolf-tank-wayna/wayna_mercado/vendor/laravel/framework/src/Illuminate/Pipeline/Pipeline.php(219): Illuminate/Foundation/Http/Middleware/PreventRequestForgery->handle()
#17 C:/Users/LEONARDO/Desktop/wayna/LOS-BESTIES-Wolf-tank-wayna/wayna_mercado/vendor/laravel/framework/src/Illuminate/View/Middleware/ShareErrorsFromSession.php(48): Illuminate/Pipeline/Pipeline->{closure:{closure:Illuminate/Pipeline/Pipeline::carry():194}:195}()
#18 C:/Users/LEONARDO/Desktop/wayna/LOS-BESTIES-Wolf-tank-wayna/wayna_mercado/vendor/laravel/framework/src/Illuminate/Pipeline/Pipeline.php(219): Illuminate/View/Middleware/ShareErrorsFromSession->handle()
#19 C:/Users/LEONARDO/Desktop/wayna/LOS-BESTIES-Wolf-tank-wayna/wayna_mercado/vendor/laravel/framework/src/Illuminate/Session/Middleware/StartSession.php(120): Illuminate/Pipeline/Pipeline->{closure:{closure:Illuminate/Pipeline/Pipeline::carry():194}:195}()
#20 C:/Users/LEONARDO/Desktop/wayna/LOS-BESTIES-Wolf-tank-wayna/wayna_mercado/vendor/laravel/framework/src/Illuminate/Session/Middleware/StartSession.php(63): Illuminate/Session/Middleware/StartSession->handleStatefulRequest()
#21 C:/Users/LEONARDO/Desktop/wayna/LOS-BESTIES-Wolf-tank-wayna/wayna_mercado/vendor/laravel/framework/src/Illuminate/Pipeline/Pipeline.php(219): Illuminate/Session/Middleware/StartSession->handle()
#22 C:/Users/LEONARDO/Desktop/wayna/LOS-BESTIES-Wolf-tank-wayna/wayna_mercado/vendor/laravel/framework/src/Illuminate/Cookie/Middleware/AddQueuedCookiesToResponse.php(36): Illuminate/Pipeline/Pipeline->{closure:{closure:Illuminate/Pipeline/Pipeline::carry():194}:195}()
#23 C:/Users/LEONARDO/Desktop/wayna/LOS-BESTIES-Wolf-tank-wayna/wayna_mercado/vendor/laravel/framework/src/Illuminate/Pipeline/Pipeline.php(219): Illuminate/Cookie/Middleware/AddQueuedCookiesToResponse->handle()
#24 C:/Users/LEONARDO/Desktop/wayna/LOS-BESTIES-Wolf-tank-wayna/wayna_mercado/vendor/laravel/framework/src/Illuminate/Cookie/Middleware/EncryptCookies.php(74): Illuminate/Pipeline/Pipeline->{closure:{closure:Illuminate/Pipeline/Pipeline::carry():194}:195}()
#25 C:/Users/LEONARDO/Desktop/wayna/LOS-BESTIES-Wolf-tank-wayna/wayna_mercado/vendor/laravel/framework/src/Illuminate/Pipeline/Pipeline.php(219): Illuminate/Cookie/Middleware/EncryptCookies->handle()
#26 C:/Users/LEONARDO/Desktop/wayna/LOS-BESTIES-Wolf-tank-wayna/wayna_mercado/vendor/laravel/framework/src/Illuminate/Pipeline/Pipeline.php(137): Illuminate/Pipeline/Pipeline->{closure:{closure:Illuminate/Pipeline/Pipeline::carry():194}:195}()
#27 C:/Users/LEONARDO/Desktop/wayna/LOS-BESTIES-Wolf-tank-wayna/wayna_mercado/vendor/laravel/framework/src/Illuminate/Routing/Router.php(821): Illuminate/Pipeline/Pipeline->then()
#28 C:/Users/LEONARDO/Desktop/wayna/LOS-BESTIES-Wolf-tank-wayna/wayna_mercado/vendor/laravel/framework/src/Illuminate/Routing/Router.php(800): Illuminate/Routing/Router->runRouteWithinStack()
#29 C:/Users/LEONARDO/Desktop/wayna/LOS-BESTIES-Wolf-tank-wayna/wayna_mercado/vendor/laravel/framework/src/Illuminate/Routing/Router.php(764): Illuminate/Routing/Router->runRoute()
#30 C:/Users/LEONARDO/Desktop/wayna/LOS-BESTIES-Wolf-tank-wayna/wayna_mercado/vendor/laravel/framework/src/Illuminate/Routing/Router.php(753): Illuminate/Routing/Router->dispatchToRoute()
#31 C:/Users/LEONARDO/Desktop/wayna/LOS-BESTIES-Wolf-tank-wayna/wayna_mercado/vendor/laravel/framework/src/Illuminate/Foundation/Http/Kernel.php(200): Illuminate/Routing/Router->dispatch()
#32 C:/Users/LEONARDO/Desktop/wayna/LOS-BESTIES-Wolf-tank-wayna/wayna_mercado/vendor/laravel/framework/src/Illuminate/Pipeline/Pipeline.php(180): Illuminate/Foundation/Http/Kernel->{closure:Illuminate/Foundation/Http/Kernel::dispatchToRouter():197}()
#33 C:/Users/LEONARDO/Desktop/wayna/LOS-BESTIES-Wolf-tank-wayna/wayna_mercado/vendor/laravel/framework/src/Illuminate/Foundation/Http/Middleware/TransformsRequest.php(21): Illuminate/Pipeline/Pipeline->{closure:Illuminate/Pipeline/Pipeline::prepareDestination():178}()
#34 C:/Users/LEONARDO/Desktop/wayna/LOS-BESTIES-Wolf-tank-wayna/wayna_mercado/vendor/laravel/framework/src/Illuminate/Foundation/Http/Middleware/ConvertEmptyStringsToNull.php(31): Illuminate/Foundation/Http/Middleware/TransformsRequest->handle()
#35 C:/Users/LEONARDO/Desktop/wayna/LOS-BESTIES-Wolf-tank-wayna/wayna_mercado/vendor/laravel/framework/src/Illuminate/Pipeline/Pipeline.php(219): Illuminate/Foundation/Http/Middleware/ConvertEmptyStringsToNull->handle()
#36 C:/Users/LEONARDO/Desktop/wayna/LOS-BESTIES-Wolf-tank-wayna/wayna_mercado/vendor/laravel/framework/src/Illuminate/Foundation/Http/Middleware/TransformsRequest.php(21): Illuminate/Pipeline/Pipeline->{closure:{closure:Illuminate/Pipeline/Pipeline::carry():194}:195}()
#37 C:/Users/LEONARDO/Desktop/wayna/LOS-BESTIES-Wolf-tank-wayna/wayna_mercado/vendor/laravel/framework/src/Illuminate/Foundation/Http/Middleware/TrimStrings.php(51): Illuminate/Foundation/Http/Middleware/TransformsRequest->handle()
#38 C:/Users/LEONARDO/Desktop/wayna/LOS-BESTIES-Wolf-tank-wayna/wayna_mercado/vendor/laravel/framework/src/Illuminate/Pipeline/Pipeline.php(219): Illuminate/Foundation/Http/Middleware/TrimStrings->handle()
#39 C:/Users/LEONARDO/Desktop/wayna/LOS-BESTIES-Wolf-tank-wayna/wayna_mercado/vendor/laravel/framework/src/Illuminate/Http/Middleware/ValidatePostSize.php(27): Illuminate/Pipeline/Pipeline->{closure:{closure:Illuminate/Pipeline/Pipeline::carry():194}:195}()
#40 C:/Users/LEONARDO/Desktop/wayna/LOS-BESTIES-Wolf-tank-wayna/wayna_mercado/vendor/laravel/framework/src/Illuminate/Pipeline/Pipeline.php(219): Illuminate/Http/Middleware/ValidatePostSize->handle()
#41 C:/Users/LEONARDO/Desktop/wayna/LOS-BESTIES-Wolf-tank-wayna/wayna_mercado/vendor/laravel/framework/src/Illuminate/Foundation/Http/Middleware/PreventRequestsDuringMaintenance.php(109): Illuminate/Pipeline/Pipeline->{closure:{closure:Illuminate/Pipeline/Pipeline::carry():194}:195}()
#42 C:/Users/LEONARDO/Desktop/wayna/LOS-BESTIES-Wolf-tank-wayna/wayna_mercado/vendor/laravel/framework/src/Illuminate/Pipeline/Pipeline.php(219): Illuminate/Foundation/Http/Middleware/PreventRequestsDuringMaintenance->handle()
#43 C:/Users/LEONARDO/Desktop/wayna/LOS-BESTIES-Wolf-tank-wayna/wayna_mercado/vendor/laravel/framework/src/Illuminate/Http/Middleware/HandleCors.php(61): Illuminate/Pipeline/Pipeline->{closure:{closure:Illuminate/Pipeline/Pipeline::carry():194}:195}()
#44 C:/Users/LEONARDO/Desktop/wayna/LOS-BESTIES-Wolf-tank-wayna/wayna_mercado/vendor/laravel/framework/src/Illuminate/Pipeline/Pipeline.php(219): Illuminate/Http/Middleware/HandleCors->handle()
#45 C:/Users/LEONARDO/Desktop/wayna/LOS-BESTIES-Wolf-tank-wayna/wayna_mercado/vendor/laravel/framework/src/Illuminate/Http/Middleware/TrustProxies.php(58): Illuminate/Pipeline/Pipeline->{closure:{closure:Illuminate/Pipeline/Pipeline::carry():194}:195}()
#46 C:/Users/LEONARDO/Desktop/wayna/LOS-BESTIES-Wolf-tank-wayna/wayna_mercado/vendor/laravel/framework/src/Illuminate/Pipeline/Pipeline.php(219): Illuminate/Http/Middleware/TrustProxies->handle()
#47 C:/Users/LEONARDO/Desktop/wayna/LOS-BESTIES-Wolf-tank-wayna/wayna_mercado/vendor/laravel/framework/src/Illuminate/Foundation/Http/Middleware/InvokeDeferredCallbacks.php(22): Illuminate/Pipeline/Pipeline->{closure:{closure:Illuminate/Pipeline/Pipeline::carry():194}:195}()
#48 C:/Users/LEONARDO/Desktop/wayna/LOS-BESTIES-Wolf-tank-wayna/wayna_mercado/vendor/laravel/framework/src/Illuminate/Pipeline/Pipeline.php(219): Illuminate/Foundation/Http/Middleware/InvokeDeferredCallbacks->handle()
#49 C:/Users/LEONARDO/Desktop/wayna/LOS-BESTIES-Wolf-tank-wayna/wayna_mercado/vendor/laravel/framework/src/Illuminate/Http/Middleware/ValidatePathEncoding.php(28): Illuminate/Pipeline/Pipeline->{closure:{closure:Illuminate/Pipeline/Pipeline::carry():194}:195}()
#50 C:/Users/LEONARDO/Desktop/wayna/LOS-BESTIES-Wolf-tank-wayna/wayna_mercado/vendor/laravel/framework/src/Illuminate/Pipeline/Pipeline.php(219): Illuminate/Http/Middleware/ValidatePathEncoding->handle()
#51 C:/Users/LEONARDO/Desktop/wayna/LOS-BESTIES-Wolf-tank-wayna/wayna_mercado/vendor/laravel/framework/src/Illuminate/Pipeline/Pipeline.php(137): Illuminate/Pipeline/Pipeline->{closure:{closure:Illuminate/Pipeline/Pipeline::carry():194}:195}()
#52 C:/Users/LEONARDO/Desktop/wayna/LOS-BESTIES-Wolf-tank-wayna/wayna_mercado/vendor/laravel/framework/src/Illuminate/Foundation/Http/Kernel.php(175): Illuminate/Pipeline/Pipeline->then()
#53 C:/Users/LEONARDO/Desktop/wayna/LOS-BESTIES-Wolf-tank-wayna/wayna_mercado/vendor/laravel/framework/src/Illuminate/Foundation/Http/Kernel.php(144): Illuminate/Foundation/Http/Kernel->sendRequestThroughRouter()
#54 C:/Users/LEONARDO/Desktop/wayna/LOS-BESTIES-Wolf-tank-wayna/wayna_mercado/vendor/laravel/framework/src/Illuminate/Foundation/Application.php(1220): Illuminate/Foundation/Http/Kernel->handle()
#55 C:/Users/LEONARDO/Desktop/wayna/LOS-BESTIES-Wolf-tank-wayna/wayna_mercado/public/index.php(20): Illuminate/Foundation/Application->handleRequest()
#56 C:/Users/LEONARDO/Desktop/wayna/LOS-BESTIES-Wolf-tank-wayna/wayna_mercado/vendor/laravel/framework/src/Illuminate/Foundation/resources/server.php(23): require_once('...')
#57 {main}

[previous exception] [object] (ParseError(code: 0): syntax error, unexpected token \"\\\" at C:/Users/LEONARDO/Desktop/wayna/LOS-BESTIES-Wolf-tank-wayna/wayna_mercado/storage/framework/views/090979d99af39c6a353b88b606858128.php:39)
[stacktrace]
#0 C:/Users/LEONARDO/Desktop/wayna/LOS-BESTIES-Wolf-tank-wayna/wayna_mercado/vendor/laravel/framework/src/Illuminate/Filesystem/Filesystem.php(124): Illuminate/Filesystem/Filesystem::{closure:Illuminate/Filesystem/Filesystem::getRequire():120}()
#1 C:/Users/LEONARDO/Desktop/wayna/LOS-BESTIES-Wolf-tank-wayna/wayna_mercado/vendor/laravel/framework/src/Illuminate/View/Engines/PhpEngine.php(57): Illuminate/Filesystem/Filesystem->getRequire()
#2 C:/Users/LEONARDO/Desktop/wayna/LOS-BESTIES-Wolf-tank-wayna/wayna_mercado/vendor/laravel/framework/src/Illuminate/View/Engines/CompilerEngine.php(76): Illuminate/View/Engines/PhpEngine->evaluatePath()
#3 C:/Users/LEONARDO/Desktop/wayna/LOS-BESTIES-Wolf-tank-wayna/wayna_mercado/vendor/laravel/framework/src/Illuminate/View/View.php(208): Illuminate/View/Engines/CompilerEngine->get()
#4 C:/Users/LEONARDO/Desktop/wayna/LOS-BESTIES-Wolf-tank-wayna/wayna_mercado/vendor/laravel/framework/src/Illuminate/View/View.php(191): Illuminate/View/View->getContents()
#5 C:/Users/LEONARDO/Desktop/wayna/LOS-BESTIES-Wolf-tank-wayna/wayna_mercado/vendor/laravel/framework/src/Illuminate/View/View.php(160): Illuminate/View/View->renderContents()
#6 C:/Users/LEONARDO/Desktop/wayna/LOS-BESTIES-Wolf-tank-wayna/wayna_mercado/vendor/laravel/framework/src/Illuminate/Http/Response.php(78): Illuminate/View/View->render()
#7 C:/Users/LEONARDO/Desktop/wayna/LOS-BESTIES-Wolf-tank-wayna/wayna_mercado/vendor/laravel/framework/src/Illuminate/Http/Response.php(34): Illuminate/Http/Response->setContent()
#8 C:/Users/LEONARDO/Desktop/wayna/LOS-BESTIES-Wolf-tank-wayna/wayna_mercado/vendor/laravel/framework/src/Illuminate/Routing/Router.php(939): Illuminate/Http/Response->__construct()
#9 C:/Users/LEONARDO/Desktop/wayna/LOS-BESTIES-Wolf-tank-wayna/wayna_mercado/vendor/laravel/framework/src/Illuminate/Routing/Router.php(906): Illuminate/Routing/Router::toResponse()
#10 C:/Users/LEONARDO/Desktop/wayna/LOS-BESTIES-Wolf-tank-wayna/wayna_mercado/vendor/laravel/framework/src/Illuminate/Routing/Router.php(821): Illuminate/Routing/Router->prepareResponse()
#11 C:/Users/LEONARDO/Desktop/wayna/LOS-BESTIES-Wolf-tank-wayna/wayna_mercado/vendor/laravel/framework/src/Illuminate/Pipeline/Pipeline.php(180): Illuminate/Routing/Router->{closure:Illuminate/Routing/Router::runRouteWithinStack():821}()
#12 C:/Users/LEONARDO/Desktop/wayna/LOS-BESTIES-Wolf-tank-wayna/wayna_mercado/vendor/laravel/boost/src/Middleware/InjectBoost.php(22): Illuminate/Pipeline/Pipeline->{closure:Illuminate/Pipeline/Pipeline::prepareDestination():178}()
#13 C:/Users/LEONARDO/Desktop/wayna/LOS-BESTIES-Wolf-tank-wayna/wayna_mercado/vendor/laravel/framework/src/Illuminate/Pipeline/Pipeline.php(219): Laravel/Boost/Middleware/InjectBoost->handle()
#14 C:/Users/LEONARDO/Desktop/wayna/LOS-BESTIES-Wolf-tank-wayna/wayna_mercado/vendor/laravel/framework/src/Illuminate/Routing/Middleware/SubstituteBindings.php(52): Illuminate/Pipeline/Pipeline->{closure:{closure:Illuminate/Pipeline/Pipeline::carry():194}:195}()
#15 C:/Users/LEONARDO/Desktop/wayna/LOS-BESTIES-Wolf-tank-wayna/wayna_mercado/vendor/laravel/framework/src/Illuminate/Pipeline/Pipeline.php(219): Illuminate/Routing/Middleware/SubstituteBindings->handle()
#16 C:/Users/LEONARDO/Desktop/wayna/LOS-BESTIES-Wolf-tank-wayna/wayna_mercado/vendor/laravel/framework/src/Illuminate/Foundation/Http/Middleware/PreventRequestForgery.php(104): Illuminate/Pipeline/Pipeline->{closure:{closure:Illuminate/Pipeline/Pipeline::carry():194}:195}()
#17 C:/Users/LEONARDO/Desktop/wayna/LOS-BESTIES-Wolf-tank-wayna/wayna_mercado/vendor/laravel/framework/src/Illuminate/Pipeline/Pipeline.php(219): Illuminate/Foundation/Http/Middleware/PreventRequestForgery->handle()
#18 C:/Users/LEONARDO/Desktop/wayna/LOS-BESTIES-Wolf-tank-wayna/wayna_mercado/vendor/laravel/framework/src/Illuminate/View/Middleware/ShareErrorsFromSession.php(48): Illuminate/Pipeline/Pipeline->{closure:{closure:Illuminate/Pipeline/Pipeline::carry():194}:195}()
#19 C:/Users/LEONARDO/Desktop/wayna/LOS-BESTIES-Wolf-tank-wayna/wayna_mercado/vendor/laravel/framework/src/Illuminate/Pipeline/Pipeline.php(219): Illuminate/View/Middleware/ShareErrorsFromSession->handle()
#20 C:/Users/LEONARDO/Desktop/wayna/LOS-BESTIES-Wolf-tank-wayna/wayna_mercado/vendor/laravel/framework/src/Illuminate/Session/Middleware/StartSession.php(120): Illuminate/Pipeline/Pipeline->{closure:{closure:Illuminate/Pipeline/Pipeline::carry():194}:195}()
#21 C:/Users/LEONARDO/Desktop/wayna/LOS-BESTIES-Wolf-tank-wayna/wayna_mercado/vendor/laravel/framework/src/Illuminate/Session/Middleware/StartSession.php(63): Illuminate/Session/Middleware/StartSession->handleStatefulRequest()
#22 C:/Users/LEONARDO/Desktop/wayna/LOS-BESTIES-Wolf-tank-wayna/wayna_mercado/vendor/laravel/framework/src/Illuminate/Pipeline/Pipeline.php(219): Illuminate/Session/Middleware/StartSession->handle()
#23 C:/Users/LEONARDO/Desktop/wayna/LOS-BESTIES-Wolf-tank-wayna/wayna_mercado/vendor/laravel/framework/src/Illuminate/Cookie/Middleware/AddQueuedCookiesToResponse.php(36): Illuminate/Pipeline/Pipeline->{closure:{closure:Illuminate/Pipeline/Pipeline::carry():194}:195}()
#24 C:/Users/LEONARDO/Desktop/wayna/LOS-BESTIES-Wolf-tank-wayna/wayna_mercado/vendor/laravel/framework/src/Illuminate/Pipeline/Pipeline.php(219): Illuminate/Cookie/Middleware/AddQueuedCookiesToResponse->handle()
#25 C:/Users/LEONARDO/Desktop/wayna/LOS-BESTIES-Wolf-tank-wayna/wayna_mercado/vendor/laravel/framework/src/Illuminate/Cookie/Middleware/EncryptCookies.php(74): Illuminate/Pipeline/Pipeline->{closure:{closure:Illuminate/Pipeline/Pipeline::carry():194}:195}()
#26 C:/Users/LEONARDO/Desktop/wayna/LOS-BESTIES-Wolf-tank-wayna/wayna_mercado/vendor/laravel/framework/src/Illuminate/Pipeline/Pipeline.php(219): Illuminate/Cookie/Middleware/EncryptCookies->handle()
#27 C:/Users/LEONARDO/Desktop/wayna/LOS-BESTIES-Wolf-tank-wayna/wayna_mercado/vendor/laravel/framework/src/Illuminate/Pipeline/Pipeline.php(137): Illuminate/Pipeline/Pipeline->{closure:{closure:Illuminate/Pipeline/Pipeline::carry():194}:195}()
#28 C:/Users/LEONARDO/Desktop/wayna/LOS-BESTIES-Wolf-tank-wayna/wayna_mercado/vendor/laravel/framework/src/Illuminate/Routing/Router.php(821): Illuminate/Pipeline/Pipeline->then()
#29 C:/Users/LEONARDO/Desktop/wayna/LOS-BESTIES-Wolf-tank-wayna/wayna_mercado/vendor/laravel/framework/src/Illuminate/Routing/Router.php(800): Illuminate/Routing/Router->runRouteWithinStack()
#30 C:/Users/LEONARDO/Desktop/wayna/LOS-BESTIES-Wolf-tank-wayna/wayna_mercado/vendor/laravel/framework/src/Illuminate/Routing/Router.php(764): Illuminate/Routing/Router->runRoute()
#31 C:/Users/LEONARDO/Desktop/wayna/LOS-BESTIES-Wolf-tank-wayna/wayna_mercado/vendor/laravel/framework/src/Illuminate/Routing/Router.php(753): Illuminate/Routing/Router->dispatchToRoute()
#32 C:/Users/LEONARDO/Desktop/wayna/LOS-BESTIES-Wolf-tank-wayna/wayna_mercado/vendor/laravel/framework/src/Illuminate/Foundation/Http/Kernel.php(200): Illuminate/Routing/Router->dispatch()
#33 C:/Users/LEONARDO/Desktop/wayna/LOS-BESTIES-Wolf-tank-wayna/wayna_mercado/vendor/laravel/framework/src/Illuminate/Pipeline/Pipeline.php(180): Illuminate/Foundation/Http/Kernel->{closure:Illuminate/Foundation/Http/Kernel::dispatchToRouter():197}()
#34 C:/Users/LEONARDO/Desktop/wayna/LOS-BESTIES-Wolf-tank-wayna/wayna_mercado/vendor/laravel/framework/src/Illuminate/Foundation/Http/Middleware/TransformsRequest.php(21): Illuminate/Pipeline/Pipeline->{closure:Illuminate/Pipeline/Pipeline::prepareDestination():178}()
#35 C:/Users/LEONARDO/Desktop/wayna/LOS-BESTIES-Wolf-tank-wayna/wayna_mercado/vendor/laravel/framework/src/Illuminate/Foundation/Http/Middleware/ConvertEmptyStringsToNull.php(31): Illuminate/Foundation/Http/Middleware/TransformsRequest->handle()
#36 C:/Users/LEONARDO/Desktop/wayna/LOS-BESTIES-Wolf-tank-wayna/wayna_mercado/vendor/laravel/framework/src/Illuminate/Pipeline/Pipeline.php(219): Illuminate/Foundation/Http/Middleware/ConvertEmptyStringsToNull->handle()
#37 C:/Users/LEONARDO/Desktop/wayna/LOS-BESTIES-Wolf-tank-wayna/wayna_mercado/vendor/laravel/framework/src/Illuminate/Foundation/Http/Middleware/TransformsRequest.php(21): Illuminate/Pipeline/Pipeline->{closure:{closure:Illuminate/Pipeline/Pipeline::carry():194}:195}()
#38 C:/Users/LEONARDO/Desktop/wayna/LOS-BESTIES-Wolf-tank-wayna/wayna_mercado/vendor/laravel/framework/src/Illuminate/Foundation/Http/Middleware/TrimStrings.php(51): Illuminate/Foundation/Http/Middleware/TransformsRequest->handle()
#39 C:/Users/LEONARDO/Desktop/wayna/LOS-BESTIES-Wolf-tank-wayna/wayna_mercado/vendor/laravel/framework/src/Illuminate/Pipeline/Pipeline.php(219): Illuminate/Foundation/Http/Middleware/TrimStrings->handle()
#40 C:/Users/LEONARDO/Desktop/wayna/LOS-BESTIES-Wolf-tank-wayna/wayna_mercado/vendor/laravel/framework/src/Illuminate/Http/Middleware/ValidatePostSize.php(27): Illuminate/Pipeline/Pipeline->{closure:{closure:Illuminate/Pipeline/Pipeline::carry():194}:195}()
#41 C:/Users/LEONARDO/Desktop/wayna/LOS-BESTIES-Wolf-tank-wayna/wayna_mercado/vendor/laravel/framework/src/Illuminate/Pipeline/Pipeline.php(219): Illuminate/Http/Middleware/ValidatePostSize->handle()
#42 C:/Users/LEONARDO/Desktop/wayna/LOS-BESTIES-Wolf-tank-wayna/wayna_mercado/vendor/laravel/framework/src/Illuminate/Foundation/Http/Middleware/PreventRequestsDuringMaintenance.php(109): Illuminate/Pipeline/Pipeline->{closure:{closure:Illuminate/Pipeline/Pipeline::carry():194}:195}()
#43 C:/Users/LEONARDO/Desktop/wayna/LOS-BESTIES-Wolf-tank-wayna/wayna_mercado/vendor/laravel/framework/src/Illuminate/Pipeline/Pipeline.php(219): Illuminate/Foundation/Http/Middleware/PreventRequestsDuringMaintenance->handle()
#44 C:/Users/LEONARDO/Desktop/wayna/LOS-BESTIES-Wolf-tank-wayna/wayna_mercado/vendor/laravel/framework/src/Illuminate/Http/Middleware/HandleCors.php(61): Illuminate/Pipeline/Pipeline->{closure:{closure:Illuminate/Pipeline/Pipeline::carry():194}:195}()
#45 C:/Users/LEONARDO/Desktop/wayna/LOS-BESTIES-Wolf-tank-wayna/wayna_mercado/vendor/laravel/framework/src/Illuminate/Pipeline/Pipeline.php(219): Illuminate/Http/Middleware/HandleCors->handle()
#46 C:/Users/LEONARDO/Desktop/wayna/LOS-BESTIES-Wolf-tank-wayna/wayna_mercado/vendor/laravel/framework/src/Illuminate/Http/Middleware/TrustProxies.php(58): Illuminate/Pipeline/Pipeline->{closure:{closure:Illuminate/Pipeline/Pipeline::carry():194}:195}()
#47 C:/Users/LEONARDO/Desktop/wayna/LOS-BESTIES-Wolf-tank-wayna/wayna_mercado/vendor/laravel/framework/src/Illuminate/Pipeline/Pipeline.php(219): Illuminate/Http/Middleware/TrustProxies->handle()
#48 C:/Users/LEONARDO/Desktop/wayna/LOS-BESTIES-Wolf-tank-wayna/wayna_mercado/vendor/laravel/framework/src/Illuminate/Foundation/Http/Middleware/InvokeDeferredCallbacks.php(22): Illuminate/Pipeline/Pipeline->{closure:{closure:Illuminate/Pipeline/Pipeline::carry():194}:195}()
#49 C:/Users/LEONARDO/Desktop/wayna/LOS-BESTIES-Wolf-tank-wayna/wayna_mercado/vendor/laravel/framework/src/Illuminate/Pipeline/Pipeline.php(219): Illuminate/Foundation/Http/Middleware/InvokeDeferredCallbacks->handle()
#50 C:/Users/LEONARDO/Desktop/wayna/LOS-BESTIES-Wolf-tank-wayna/wayna_mercado/vendor/laravel/framework/src/Illuminate/Http/Middleware/ValidatePathEncoding.php(28): Illuminate/Pipeline/Pipeline->{closure:{closure:Illuminate/Pipeline/Pipeline::carry():194}:195}()
#51 C:/Users/LEONARDO/Desktop/wayna/LOS-BESTIES-Wolf-tank-wayna/wayna_mercado/vendor/laravel/framework/src/Illuminate/Pipeline/Pipeline.php(219): Illuminate/Http/Middleware/ValidatePathEncoding->handle()
#52 C:/Users/LEONARDO/Desktop/wayna/LOS-BESTIES-Wolf-tank-wayna/wayna_mercado/vendor/laravel/framework/src/Illuminate/Pipeline/Pipeline.php(137): Illuminate/Pipeline/Pipeline->{closure:{closure:Illuminate/Pipeline/Pipeline::carry():194}:195}()
#53 C:/Users/LEONARDO/Desktop/wayna/LOS-BESTIES-Wolf-tank-wayna/wayna_mercado/vendor/laravel/framework/src/Illuminate/Foundation/Http/Kernel.php(175): Illuminate/Pipeline/Pipeline->then()
#54 C:/Users/LEONARDO/Desktop/wayna/LOS-BESTIES-Wolf-tank-wayna/wayna_mercado/vendor/laravel/framework/src/Illuminate/Foundation/Http/Kernel.php(144): Illuminate/Foundation/Http/Kernel->sendRequestThroughRouter()
#55 C:/Users/LEONARDO/Desktop/wayna/LOS-BESTIES-Wolf-tank-wayna/wayna_mercado/vendor/laravel/framework/src/Illuminate/Foundation/Application.php(1220): Illuminate/Foundation/Http/Kernel->handle()
#56 C:/Users/LEONARDO/Desktop/wayna/LOS-BESTIES-Wolf-tank-wayna/wayna_mercado/public/index.php(20): Illuminate/Foundation/Application->handleRequest()
#57 C:/Users/LEONARDO/Desktop/wayna/LOS-BESTIES-Wolf-tank-wayna/wayna_mercado/vendor/laravel/framework/src/Illuminate/Foundation/resources/server.php(23): require_once('...')
#58 {main}
"} 
[2026-05-16 13:58:28] local.ERROR: SQLSTATE[42S01]: Base table or view already exists: 1050 Table 'users' already exists (Connection: mysql, Host: 127.0.0.1, Port: 3306, Database: wayna_mercado, SQL: create table `users` (`id` bigint unsigned not null auto_increment primary key, `name` varchar(255) not null, `email` varchar(255) not null, `email_verified_at` timestamp null, `password` varchar(255) not null, `remember_token` varchar(100) null, `created_at` timestamp null, `updated_at` timestamp null) default character set utf8mb4 collate 'utf8mb4_unicode_ci') {"exception":"[object] (Illuminate\\Database\\QueryException(code: 42S01): SQLSTATE[42S01]: Base table or view already exists: 1050 Table 'users' already exists (Connection: mysql, Host: 127.0.0.1, Port: 3306, Database: wayna_mercado, SQL: create table `users` (`id` bigint unsigned not null auto_increment primary key, `name` varchar(255) not null, `email` varchar(255) not null, `email_verified_at` timestamp null, `password` varchar(255) not null, `remember_token` varchar(100) null, `created_at` timestamp null, `updated_at` timestamp null) default character set utf8mb4 collate 'utf8mb4_unicode_ci') at C:/Users/LEONARDO/Desktop/wayna/LOS-BESTIES-Wolf-tank-wayna/wayna_mercado/vendor/laravel/framework/src/Illuminate/Database/Connection.php:841)
[stacktrace]
#0 C:/Users/LEONARDO/Desktop/wayna/LOS-BESTIES-Wolf-tank-wayna/wayna_mercado/vendor/laravel/framework/src/Illuminate/Database/Connection.php(797): Illuminate/Database/Connection->runQueryCallback()
#1 C:/Users/LEONARDO/Desktop/wayna/LOS-BESTIES-Wolf-tank-wayna/wayna_mercado/vendor/laravel/framework/src/Illuminate/Database/Connection.php(576): Illuminate/Database/Connection->run()
#2 C:/Users/LEONARDO/Desktop/wayna/LOS-BESTIES-Wolf-tank-wayna/wayna_mercado/vendor/laravel/framework/src/Illuminate/Database/Schema/Blueprint.php(121): Illuminate/Database/Connection->statement()
#3 C:/Users/LEONARDO/Desktop/wayna/LOS-BESTIES-Wolf-tank-wayna/wayna_mercado/vendor/laravel/framework/src/Illuminate/Database/Schema/Builder.php(690): Illuminate/Database/Schema/Blueprint->build()
#4 C:/Users/LEONARDO/Desktop/wayna/LOS-BESTIES-Wolf-tank-wayna/wayna_mercado/vendor/laravel/framework/src/Illuminate/Database/Schema/Builder.php(508): Illuminate/Database/Schema/Builder->build()
#5 C:/Users/LEONARDO/Desktop/wayna/LOS-BESTIES-Wolf-tank-wayna/wayna_mercado/vendor/laravel/framework/src/Illuminate/Support/Facades/Facade.php(363): Illuminate/Database/Schema/Builder->create()
#6 C:/Users/LEONARDO/Desktop/wayna/LOS-BESTIES-Wolf-tank-wayna/wayna_mercado/database/migrations/0001_01_01_000000_create_users_table.php(14): Illuminate/Support/Facades/Facade::__callStatic()
#7 C:/Users/LEONARDO/Desktop/wayna/LOS-BESTIES-Wolf-tank-wayna/wayna_mercado/vendor/laravel/framework/src/Illuminate/Database/Migrations/Migrator.php(517): Illuminate/Database/Migrations/Migration@anonymous->up()
#8 C:/Users/LEONARDO/Desktop/wayna/LOS-BESTIES-Wolf-tank-wayna/wayna_mercado/vendor/laravel/framework/src/Illuminate/Database/Migrations/Migrator.php(442): Illuminate/Database/Migrations/Migrator->runMethod()
#9 C:/Users/LEONARDO/Desktop/wayna/LOS-BESTIES-Wolf-tank-wayna/wayna_mercado/vendor/laravel/framework/src/Illuminate/Database/Migrations/Migrator.php(451): Illuminate/Database/Migrations/Migrator->{closure:Illuminate/Database/Migrations/Migrator::runMigration():438}()
#10 C:/Users/LEONARDO/Desktop/wayna/LOS-BESTIES-Wolf-tank-wayna/wayna_mercado/vendor/laravel/framework/src/Illuminate/Database/Migrations/Migrator.php(253): Illuminate/Database/Migrations/Migrator->runMigration()
#11 C:/Users/LEONARDO/Desktop/wayna/LOS-BESTIES-Wolf-tank-wayna/wayna_mercado/vendor/laravel/framework/src/Illuminate/Console/View/Components/Task.php(43): Illuminate/Database/Migrations/Migrator->{closure:Illuminate/Database/Migrations/Migrator::runUp():253}()
#12 C:/Users/LEONARDO/Desktop/wayna/LOS-BESTIES-Wolf-tank-wayna/wayna_mercado/vendor/laravel/framework/src/Illuminate/Database/Migrations/Migrator.php(814): Illuminate/Console/View/Components/Task->render()
#13 C:/Users/LEONARDO/Desktop/wayna/LOS-BESTIES-Wolf-tank-wayna/wayna_mercado/vendor/laravel/framework/src/Illuminate/Database/Migrations/Migrator.php(253): Illuminate/Database/Migrations/Migrator->write()
#14 C:/Users/LEONARDO/Desktop/wayna/LOS-BESTIES-Wolf-tank-wayna/wayna_mercado/vendor/laravel/framework/src/Illuminate/Database/Migrations/Migrator.php(211): Illuminate/Database/Migrations/Migrator->runUp()
#15 C:/Users/LEONARDO/Desktop/wayna/LOS-BESTIES-Wolf-tank-wayna/wayna_mercado/vendor/laravel/framework/src/Illuminate/Database/Migrations/Migrator.php(138): Illuminate/Database/Migrations/Migrator->runPending()
#16 C:/Users/LEONARDO/Desktop/wayna/LOS-BESTIES-Wolf-tank-wayna/wayna_mercado/vendor/laravel/framework/src/Illuminate/Database/Console/Migrations/MigrateCommand.php(118): Illuminate/Database/Migrations/Migrator->run()
#17 C:/Users/LEONARDO/Desktop/wayna/LOS-BESTIES-Wolf-tank-wayna/wayna_mercado/vendor/laravel/framework/src/Illuminate/Database/Migrations/Migrator.php(671): Illuminate/Database/Console/Migrations/MigrateCommand->{closure:Illuminate/Database/Console/Migrations/MigrateCommand::runMigrations():111}()
#18 C:/Users/LEONARDO/Desktop/wayna/LOS-BESTIES-Wolf-tank-wayna/wayna_mercado/vendor/laravel/framework/src/Illuminate/Database/Console/Migrations/MigrateCommand.php(111): Illuminate/Database/Migrations/Migrator->usingConnection()
#19 C:/Users/LEONARDO/Desktop/wayna/LOS-BESTIES-Wolf-tank-wayna/wayna_mercado/vendor/laravel/framework/src/Illuminate/Database/Console/Migrations/MigrateCommand.php(90): Illuminate/Database/Console/Migrations/MigrateCommand->runMigrations()
#20 C:/Users/LEONARDO/Desktop/wayna/LOS-BESTIES-Wolf-tank-wayna/wayna_mercado/vendor/laravel/framework/src/Illuminate/Container/BoundMethod.php(36): Illuminate/Database/Console/Migrations/MigrateCommand->handle()
#21 C:/Users/LEONARDO/Desktop/wayna/LOS-BESTIES-Wolf-tank-wayna/wayna_mercado/vendor/laravel/framework/src/Illuminate/Container/Util.php(43): Illuminate/Container/BoundMethod::{closure:Illuminate/Container/BoundMethod::call():35}()
#22 C:/Users/LEONARDO/Desktop/wayna/LOS-BESTIES-Wolf-tank-wayna/wayna_mercado/vendor/laravel/framework/src/Illuminate/Container/BoundMethod.php(96): Illuminate/Container/Util::unwrapIfClosure()
#23 C:/Users/LEONARDO/Desktop/wayna/LOS-BESTIES-Wolf-tank-wayna/wayna_mercado/vendor/laravel/framework/src/Illuminate/Container/BoundMethod.php(35): Illuminate/Container/BoundMethod::callBoundMethod()
#24 C:/Users/LEONARDO/Desktop/wayna/LOS-BESTIES-Wolf-tank-wayna/wayna_mercado/vendor/laravel/framework/src/Illuminate/Container/Container.php(799): Illuminate/Container/BoundMethod::call()
#25 C:/Users/LEONARDO/Desktop/wayna/LOS-BESTIES-Wolf-tank-wayna/wayna_mercado/vendor/laravel/framework/src/Illuminate/Console/Command.php(280): Illuminate/Container/Container->call()
#26 C:/Users/LEONARDO/Desktop/wayna/LOS-BESTIES-Wolf-tank-wayna/wayna_mercado/vendor/symfony/console/Command/Command.php(291): Illuminate/Console/Command->execute()
#27 C:/Users/LEONARDO/Desktop/wayna/LOS-BESTIES-Wolf-tank-wayna/wayna_mercado/vendor/laravel/framework/src/Illuminate/Console/Command.php(249): Symfony/Component/Console/Command/Command->run()
#28 C:/Users/LEONARDO/Desktop/wayna/LOS-BESTIES-Wolf-tank-wayna/wayna_mercado/vendor/symfony/console/Application.php(1107): Illuminate/Console/Command->run()
#29 C:/Users/LEONARDO/Desktop/wayna/LOS-BESTIES-Wolf-tank-wayna/wayna_mercado/vendor/symfony/console/Application.php(356): Symfony/Component/Console/Application->doRunCommand()
#30 C:/Users/LEONARDO/Desktop/wayna/LOS-BESTIES-Wolf-tank-wayna/wayna_mercado/vendor/symfony/console/Application.php(195): Symfony/Component/Console/Application->doRun()
#31 C:/Users/LEONARDO/Desktop/wayna/LOS-BESTIES-Wolf-tank-wayna/wayna_mercado/vendor/laravel/framework/src/Illuminate/Foundation/Console/Kernel.php(198): Symfony/Component/Console/Application->run()
#32 C:/Users/LEONARDO/Desktop/wayna/LOS-BESTIES-Wolf-tank-wayna/wayna_mercado/vendor/laravel/framework/src/Illuminate/Foundation/Application.php(1235): Illuminate/Foundation/Console/Kernel->handle()
#33 C:/Users/LEONARDO/Desktop/wayna/LOS-BESTIES-Wolf-tank-wayna/wayna_mercado/artisan(16): Illuminate/Foundation/Application->handleCommand()
#34 {main}

[previous exception] [object] (PDOException(code: 42S01): SQLSTATE[42S01]: Base table or view already exists: 1050 Table 'users' already exists at C:/Users/LEONARDO/Desktop/wayna/LOS-BESTIES-Wolf-tank-wayna/wayna_mercado/vendor/laravel/framework/src/Illuminate/Database/Connection.php:587)
[stacktrace]
#0 C:/Users/LEONARDO/Desktop/wayna/LOS-BESTIES-Wolf-tank-wayna/wayna_mercado/vendor/laravel/framework/src/Illuminate/Database/Connection.php(587): PDOStatement->execute()
#1 C:/Users/LEONARDO/Desktop/wayna/LOS-BESTIES-Wolf-tank-wayna/wayna_mercado/vendor/laravel/framework/src/Illuminate/Database/Connection.php(830): Illuminate/Database/Connection->{closure:Illuminate/Database/Connection::statement():576}()
#2 C:/Users/LEONARDO/Desktop/wayna/LOS-BESTIES-Wolf-tank-wayna/wayna_mercado/vendor/laravel/framework/src/Illuminate/Database/Connection.php(797): Illuminate/Database/Connection->runQueryCallback()
#3 C:/Users/LEONARDO/Desktop/wayna/LOS-BESTIES-Wolf-tank-wayna/wayna_mercado/vendor/laravel/framework/src/Illuminate/Database/Connection.php(576): Illuminate/Database/Connection->run()
#4 C:/Users/LEONARDO/Desktop/wayna/LOS-BESTIES-Wolf-tank-wayna/wayna_mercado/vendor/laravel/framework/src/Illuminate/Database/Schema/Blueprint.php(121): Illuminate/Database/Connection->statement()
#5 C:/Users/LEONARDO/Desktop/wayna/LOS-BESTIES-Wolf-tank-wayna/wayna_mercado/vendor/laravel/framework/src/Illuminate/Database/Schema/Builder.php(690): Illuminate/Database/Schema/Blueprint->build()
#6 C:/Users/LEONARDO/Desktop/wayna/LOS-BESTIES-Wolf-tank-wayna/wayna_mercado/vendor/laravel/framework/src/Illuminate/Database/Schema/Builder.php(508): Illuminate/Database/Schema/Builder->build()
#7 C:/Users/LEONARDO/Desktop/wayna/LOS-BESTIES-Wolf-tank-wayna/wayna_mercado/vendor/laravel/framework/src/Illuminate/Support/Facades/Facade.php(363): Illuminate/Database/Schema/Builder->create()
#8 C:/Users/LEONARDO/Desktop/wayna/LOS-BESTIES-Wolf-tank-wayna/wayna_mercado/database/migrations/0001_01_01_000000_create_users_table.php(14): Illuminate/Support/Facades/Facade::__callStatic()
#9 C:/Users/LEONARDO/Desktop/wayna/LOS-BESTIES-Wolf-tank-wayna/wayna_mercado/vendor/laravel/framework/src/Illuminate/Database/Migrations/Migrator.php(517): Illuminate/Database/Migrations/Migration@anonymous->up()
#10 C:/Users/LEONARDO/Desktop/wayna/LOS-BESTIES-Wolf-tank-wayna/wayna_mercado/vendor/laravel/framework/src/Illuminate/Database/Migrations/Migrator.php(442): Illuminate/Database/Migrations/Migrator->runMethod()
#11 C:/Users/LEONARDO/Desktop/wayna/LOS-BESTIES-Wolf-tank-wayna/wayna_mercado/vendor/laravel/framework/src/Illuminate/Database/Migrations/Migrator.php(451): Illuminate/Database/Migrations/Migrator->{closure:Illuminate/Database/Migrations/Migrator::runMigration():438}()
#12 C:/Users/LEONARDO/Desktop/wayna/LOS-BESTIES-Wolf-tank-wayna/wayna_mercado/vendor/laravel/framework/src/Illuminate/Database/Migrations/Migrator.php(253): Illuminate/Database/Migrations/Migrator->runMigration()
#13 C:/Users/LEONARDO/Desktop/wayna/LOS-BESTIES-Wolf-tank-wayna/wayna_mercado/vendor/laravel/framework/src/Illuminate/Console/View/Components/Task.php(43): Illuminate/Database/Migrations/Migrator->{closure:Illuminate/Database/Migrations/Migrator::runUp():253}()
#14 C:/Users/LEONARDO/Desktop/wayna/LOS-BESTIES-Wolf-tank-wayna/wayna_mercado/vendor/laravel/framework/src/Illuminate/Database/Migrations/Migrator.php(814): Illuminate/Console/View/Components/Task->render()
#15 C:/Users/LEONARDO/Desktop/wayna/LOS-BESTIES-Wolf-tank-wayna/wayna_mercado/vendor/laravel/framework/src/Illuminate/Database/Migrations/Migrator.php(253): Illuminate/Database/Migrations/Migrator->write()
#16 C:/Users/LEONARDO/Desktop/wayna/LOS-BESTIES-Wolf-tank-wayna/wayna_mercado/vendor/laravel/framework/src/Illuminate/Database/Migrations/Migrator.php(211): Illuminate/Database/Migrations/Migrator->runUp()
#17 C:/Users/LEONARDO/Desktop/wayna/LOS-BESTIES-Wolf-tank-wayna/wayna_mercado/vendor/laravel/framework/src/Illuminate/Database/Migrations/Migrator.php(138): Illuminate/Database/Migrations/Migrator->runPending()
#18 C:/Users/LEONARDO/Desktop/wayna/LOS-BESTIES-Wolf-tank-wayna/wayna_mercado/vendor/laravel/framework/src/Illuminate/Database/Console/Migrations/MigrateCommand.php(118): Illuminate/Database/Migrations/Migrator->run()
#19 C:/Users/LEONARDO/Desktop/wayna/LOS-BESTIES-Wolf-tank-wayna/wayna_mercado/vendor/laravel/framework/src/Illuminate/Database/Migrations/Migrator.php(671): Illuminate/Database/Console/Migrations/MigrateCommand->{closure:Illuminate/Database/Console/Migrations/MigrateCommand::runMigrations():111}()
#20 C:/Users/LEONARDO/Desktop/wayna/LOS-BESTIES-Wolf-tank-wayna/wayna_mercado/vendor/laravel/framework/src/Illuminate/Database/Console/Migrations/MigrateCommand.php(111): Illuminate/Database/Migrations/Migrator->usingConnection()
#21 C:/Users/LEONARDO/Desktop/wayna/LOS-BESTIES-Wolf-tank-wayna/wayna_mercado/vendor/laravel/framework/src/Illuminate/Database/Console/Migrations/MigrateCommand.php(90): Illuminate/Database/Console/Migrations/MigrateCommand->runMigrations()
#22 C:/Users/LEONARDO/Desktop/wayna/LOS-BESTIES-Wolf-tank-wayna/wayna_mercado/vendor/laravel/framework/src/Illuminate/Container/BoundMethod.php(36): Illuminate/Database/Console/Migrations/MigrateCommand->handle()
#23 C:/Users/LEONARDO/Desktop/wayna/LOS-BESTIES-Wolf-tank-wayna/wayna_mercado/vendor/laravel/framework/src/Illuminate/Container/Util.php(43): Illuminate/Container/BoundMethod::{closure:Illuminate/Container/BoundMethod::call():35}()
#24 C:/Users/LEONARDO/Desktop/wayna/LOS-BESTIES-Wolf-tank-wayna/wayna_mercado/vendor/laravel/framework/src/Illuminate/Container/BoundMethod.php(96): Illuminate/Container/Util::unwrapIfClosure()
#25 C:/Users/LEONARDO/Desktop/wayna/LOS-BESTIES-Wolf-tank-wayna/wayna_mercado/vendor/laravel/framework/src/Illuminate/Container/BoundMethod.php(35): Illuminate/Container/BoundMethod::callBoundMethod()
#26 C:/Users/LEONARDO/Desktop/wayna/LOS-BESTIES-Wolf-tank-wayna/wayna_mercado/vendor/laravel/framework/src/Illuminate/Container/Container.php(799): Illuminate/Container/BoundMethod::call()
#27 C:/Users/LEONARDO/Desktop/wayna/LOS-BESTIES-Wolf-tank-wayna/wayna_mercado/vendor/laravel/framework/src/Illuminate/Console/Command.php(280): Illuminate/Container/Container->call()
#28 C:/Users/LEONARDO/Desktop/wayna/LOS-BESTIES-Wolf-tank-wayna/wayna_mercado/vendor/symfony/console/Command/Command.php(291): Illuminate/Console/Command->execute()
#29 C:/Users/LEONARDO/Desktop/wayna/LOS-BESTIES-Wolf-tank-wayna/wayna_mercado/vendor/laravel/framework/src/Illuminate/Console/Command.php(249): Symfony/Component/Console/Command/Command->run()
#30 C:/Users/LEONARDO/Desktop/wayna/LOS-BESTIES-Wolf-tank-wayna/wayna_mercado/vendor/symfony/console/Application.php(1107): Illuminate/Console/Command->run()
#31 C:/Users/LEONARDO/Desktop/wayna/LOS-BESTIES-Wolf-tank-wayna/wayna_mercado/vendor/symfony/console/Application.php(356): Symfony/Component/Console/Application->doRunCommand()
#32 C:/Users/LEONARDO/Desktop/wayna/LOS-BESTIES-Wolf-tank-wayna/wayna_mercado/vendor/symfony/console/Application.php(195): Symfony/Component/Console/Application->doRun()
#33 C:/Users/LEONARDO/Desktop/wayna/LOS-BESTIES-Wolf-tank-wayna/wayna_mercado/vendor/laravel/framework/src/Illuminate/Foundation/Console/Kernel.php(198): Symfony/Component/Console/Application->run()
#34 C:/Users/LEONARDO/Desktop/wayna/LOS-BESTIES-Wolf-tank-wayna/wayna_mercado/vendor/laravel/framework/src/Illuminate/Foundation/Application.php(1235): Illuminate/Foundation/Console/Kernel->handle()
#35 C:/Users/LEONARDO/Desktop/wayna/LOS-BESTIES-Wolf-tank-wayna/wayna_mercado/artisan(16): Illuminate/Foundation/Application->handleCommand()
#36 {main}
"} 
[2026-05-16 14:01:02] local.ERROR: syntax error, unexpected token "\" (View: C:\Users\LEONARDO\Desktop\wayna\LOS-BESTIES-Wolf-tank-wayna\wayna_mercado\resources\views\productos\index.blade.php) {"userId":4,"exception":"[object] (Illuminate\\View\\ViewException(code: 0): syntax error, unexpected token \"\\\" (View: C:\\Users\\LEONARDO\\Desktop\\wayna\\LOS-BESTIES-Wolf-tank-wayna\\wayna_mercado\\resources\\views\\productos\\index.blade.php) at C:/Users/LEONARDO/Desktop/wayna/LOS-BESTIES-Wolf-tank-wayna/wayna_mercado/storage/framework/views/090979d99af39c6a353b88b606858128.php:39)
[stacktrace]
#0 C:/Users/LEONARDO/Desktop/wayna/LOS-BESTIES-Wolf-tank-wayna/wayna_mercado/vendor/laravel/framework/src/Illuminate/View/Engines/PhpEngine.php(59): Illuminate/View/Engines/CompilerEngine->handleViewException()
#1 C:/Users/LEONARDO/Desktop/wayna/LOS-BESTIES-Wolf-tank-wayna/wayna_mercado/vendor/laravel/framework/src/Illuminate/View/Engines/CompilerEngine.php(76): Illuminate/View/Engines/PhpEngine->evaluatePath()
#2 C:/Users/LEONARDO/Desktop/wayna/LOS-BESTIES-Wolf-tank-wayna/wayna_mercado/vendor/laravel/framework/src/Illuminate/View/View.php(208): Illuminate/View/Engines/CompilerEngine->get()
#3 C:/Users/LEONARDO/Desktop/wayna/LOS-BESTIES-Wolf-tank-wayna/wayna_mercado/vendor/laravel/framework/src/Illuminate/View/View.php(191): Illuminate/View/View->getContents()
#4 C:/Users/LEONARDO/Desktop/wayna/LOS-BESTIES-Wolf-tank-wayna/wayna_mercado/vendor/laravel/framework/src/Illuminate/View/View.php(160): Illuminate/View/View->renderContents()
#5 C:/Users/LEONARDO/Desktop/wayna/LOS-BESTIES-Wolf-tank-wayna/wayna_mercado/vendor/laravel/framework/src/Illuminate/Http/Response.php(78): Illuminate/View/View->render()
#6 C:/Users/LEONARDO/Desktop/wayna/LOS-BESTIES-Wolf-tank-wayna/wayna_mercado/vendor/laravel/framework/src/Illuminate/Http/Response.php(34): Illuminate/Http/Response->setContent()
#7 C:/Users/LEONARDO/Desktop/wayna/LOS-BESTIES-Wolf-tank-wayna/wayna_mercado/vendor/laravel/framework/src/Illuminate/Routing/Router.php(939): Illuminate/Http/Response->__construct()
#8 C:/Users/LEONARDO/Desktop/wayna/LOS-BESTIES-Wolf-tank-wayna/wayna_mercado/vendor/laravel/framework/src/Illuminate/Routing/Router.php(906): Illuminate/Routing/Router::toResponse()
#9 C:/Users/LEONARDO/Desktop/wayna/LOS-BESTIES-Wolf-tank-wayna/wayna_mercado/vendor/laravel/framework/src/Illuminate/Routing/Router.php(821): Illuminate/Routing/Router->prepareResponse()
#10 C:/Users/LEONARDO/Desktop/wayna/LOS-BESTIES-Wolf-tank-wayna/wayna_mercado/vendor/laravel/framework/src/Illuminate/Pipeline/Pipeline.php(180): Illuminate/Routing/Router->{closure:Illuminate/Routing/Router::runRouteWithinStack():821}()
#11 C:/Users/LEONARDO/Desktop/wayna/LOS-BESTIES-Wolf-tank-wayna/wayna_mercado/vendor/laravel/boost/src/Middleware/InjectBoost.php(22): Illuminate/Pipeline/Pipeline->{closure:Illuminate/Pipeline/Pipeline::prepareDestination():178}()
#12 C:/Users/LEONARDO/Desktop/wayna/LOS-BESTIES-Wolf-tank-wayna/wayna_mercado/vendor/laravel/framework/src/Illuminate/Pipeline/Pipeline.php(219): Laravel/Boost/Middleware/InjectBoost->handle()
#13 C:/Users/LEONARDO/Desktop/wayna/LOS-BESTIES-Wolf-tank-wayna/wayna_mercado/vendor/laravel/framework/src/Illuminate/Routing/Middleware/SubstituteBindings.php(52): Illuminate/Pipeline/Pipeline->{closure:{closure:Illuminate/Pipeline/Pipeline::carry():194}:195}()
#14 C:/Users/LEONARDO/Desktop/wayna/LOS-BESTIES-Wolf-tank-wayna/wayna_mercado/vendor/laravel/framework/src/Illuminate/Pipeline/Pipeline.php(219): Illuminate/Routing/Middleware/SubstituteBindings->handle()
#15 C:/Users/LEONARDO/Desktop/wayna/LOS-BESTIES-Wolf-tank-wayna/wayna_mercado/vendor/laravel/framework/src/Illuminate/Foundation/Http/Middleware/PreventRequestForgery.php(104): Illuminate/Pipeline/Pipeline->{closure:{closure:Illuminate/Pipeline/Pipeline::carry():194}:195}()
#16 C:/Users/LEONARDO/Desktop/wayna/LOS-BESTIES-Wolf-tank-wayna/wayna_mercado/vendor/laravel/framework/src/Illuminate/Pipeline/Pipeline.php(219): Illuminate/Foundation/Http/Middleware/PreventRequestForgery->handle()
#17 C:/Users/LEONARDO/Desktop/wayna/LOS-BESTIES-Wolf-tank-wayna/wayna_mercado/vendor/laravel/framework/src/Illuminate/View/Middleware/ShareErrorsFromSession.php(48): Illuminate/Pipeline/Pipeline->{closure:{closure:Illuminate/Pipeline/Pipeline::carry():194}:195}()
#18 C:/Users/LEONARDO/Desktop/wayna/LOS-BESTIES-Wolf-tank-wayna/wayna_mercado/vendor/laravel/framework/src/Illuminate/Pipeline/Pipeline.php(219): Illuminate/View/Middleware/ShareErrorsFromSession->handle()
#19 C:/Users/LEONARDO/Desktop/wayna/LOS-BESTIES-Wolf-tank-wayna/wayna_mercado/vendor/laravel/framework/src/Illuminate/Session/Middleware/StartSession.php(120): Illuminate/Pipeline/Pipeline->{closure:{closure:Illuminate/Pipeline/Pipeline::carry():194}:195}()
#20 C:/Users/LEONARDO/Desktop/wayna/LOS-BESTIES-Wolf-tank-wayna/wayna_mercado/vendor/laravel/framework/src/Illuminate/Session/Middleware/StartSession.php(63): Illuminate/Session/Middleware/StartSession->handleStatefulRequest()
#21 C:/Users/LEONARDO/Desktop/wayna/LOS-BESTIES-Wolf-tank-wayna/wayna_mercado/vendor/laravel/framework/src/Illuminate/Pipeline/Pipeline.php(219): Illuminate/Session/Middleware/StartSession->handle()
#22 C:/Users/LEONARDO/Desktop/wayna/LOS-BESTIES-Wolf-tank-wayna/wayna_mercado/vendor/laravel/framework/src/Illuminate/Cookie/Middleware/AddQueuedCookiesToResponse.php(36): Illuminate/Pipeline/Pipeline->{closure:{closure:Illuminate/Pipeline/Pipeline::carry():194}:195}()
#23 C:/Users/LEONARDO/Desktop/wayna/LOS-BESTIES-Wolf-tank-wayna/wayna_mercado/vendor/laravel/framework/src/Illuminate/Pipeline/Pipeline.php(219): Illuminate/Cookie/Middleware/AddQueuedCookiesToResponse->handle()
#24 C:/Users/LEONARDO/Desktop/wayna/LOS-BESTIES-Wolf-tank-wayna/wayna_mercado/vendor/laravel/framework/src/Illuminate/Cookie/Middleware/EncryptCookies.php(74): Illuminate/Pipeline/Pipeline->{closure:{closure:Illuminate/Pipeline/Pipeline::carry():194}:195}()
#25 C:/Users/LEONARDO/Desktop/wayna/LOS-BESTIES-Wolf-tank-wayna/wayna_mercado/vendor/laravel/framework/src/Illuminate/Pipeline/Pipeline.php(219): Illuminate/Cookie/Middleware/EncryptCookies->handle()
#26 C:/Users/LEONARDO/Desktop/wayna/LOS-BESTIES-Wolf-tank-wayna/wayna_mercado/vendor/laravel/framework/src/Illuminate/Pipeline/Pipeline.php(137): Illuminate/Pipeline/Pipeline->{closure:{closure:Illuminate/Pipeline/Pipeline::carry():194}:195}()
#27 C:/Users/LEONARDO/Desktop/wayna/LOS-BESTIES-Wolf-tank-wayna/wayna_mercado/vendor/laravel/framework/src/Illuminate/Routing/Router.php(821): Illuminate/Pipeline/Pipeline->then()
#28 C:/Users/LEONARDO/Desktop/wayna/LOS-BESTIES-Wolf-tank-wayna/wayna_mercado/vendor/laravel/framework/src/Illuminate/Routing/Router.php(800): Illuminate/Routing/Router->runRouteWithinStack()
#29 C:/Users/LEONARDO/Desktop/wayna/LOS-BESTIES-Wolf-tank-wayna/wayna_mercado/vendor/laravel/framework/src/Illuminate/Routing/Router.php(764): Illuminate/Routing/Router->runRoute()
#30 C:/Users/LEONARDO/Desktop/wayna/LOS-BESTIES-Wolf-tank-wayna/wayna_mercado/vendor/laravel/framework/src/Illuminate/Routing/Router.php(753): Illuminate/Routing/Router->dispatchToRoute()
#31 C:/Users/LEONARDO/Desktop/wayna/LOS-BESTIES-Wolf-tank-wayna/wayna_mercado/vendor/laravel/framework/src/Illuminate/Foundation/Http/Kernel.php(200): Illuminate/Routing/Router->dispatch()
#32 C:/Users/LEONARDO/Desktop/wayna/LOS-BESTIES-Wolf-tank-wayna/wayna_mercado/vendor/laravel/framework/src/Illuminate/Pipeline/Pipeline.php(180): Illuminate/Foundation/Http/Kernel->{closure:Illuminate/Foundation/Http/Kernel::dispatchToRouter():197}()
#33 C:/Users/LEONARDO/Desktop/wayna/LOS-BESTIES-Wolf-tank-wayna/wayna_mercado/vendor/laravel/framework/src/Illuminate/Foundation/Http/Middleware/TransformsRequest.php(21): Illuminate/Pipeline/Pipeline->{closure:Illuminate/Pipeline/Pipeline::prepareDestination():178}()
#34 C:/Users/LEONARDO/Desktop/wayna/LOS-BESTIES-Wolf-tank-wayna/wayna_mercado/vendor/laravel/framework/src/Illuminate/Foundation/Http/Middleware/ConvertEmptyStringsToNull.php(31): Illuminate/Foundation/Http/Middleware/TransformsRequest->handle()
#35 C:/Users/LEONARDO/Desktop/wayna/LOS-BESTIES-Wolf-tank-wayna/wayna_mercado/vendor/laravel/framework/src/Illuminate/Pipeline/Pipeline.php(219): Illuminate/Foundation/Http/Middleware/ConvertEmptyStringsToNull->handle()
#36 C:/Users/LEONARDO/Desktop/wayna/LOS-BESTIES-Wolf-tank-wayna/wayna_mercado/vendor/laravel/framework/src/Illuminate/Foundation/Http/Middleware/TransformsRequest.php(21): Illuminate/Pipeline/Pipeline->{closure:{closure:Illuminate/Pipeline/Pipeline::carry():194}:195}()
#37 C:/Users/LEONARDO/Desktop/wayna/LOS-BESTIES-Wolf-tank-wayna/wayna_mercado/vendor/laravel/framework/src/Illuminate/Foundation/Http/Middleware/TrimStrings.php(51): Illuminate/Foundation/Http/Middleware/TransformsRequest->handle()
#38 C:/Users/LEONARDO/Desktop/wayna/LOS-BESTIES-Wolf-tank-wayna/wayna_mercado/vendor/laravel/framework/src/Illuminate/Pipeline/Pipeline.php(219): Illuminate/Foundation/Http/Middleware/TrimStrings->handle()
#39 C:/Users/LEONARDO/Desktop/wayna/LOS-BESTIES-Wolf-tank-wayna/wayna_mercado/vendor/laravel/framework/src/Illuminate/Http/Middleware/ValidatePostSize.php(27): Illuminate/Pipeline/Pipeline->{closure:{closure:Illuminate/Pipeline/Pipeline::carry():194}:195}()
#40 C:/Users/LEONARDO/Desktop/wayna/LOS-BESTIES-Wolf-tank-wayna/wayna_mercado/vendor/laravel/framework/src/Illuminate/Pipeline/Pipeline.php(219): Illuminate/Http/Middleware/ValidatePostSize->handle()
#41 C:/Users/LEONARDO/Desktop/wayna/LOS-BESTIES-Wolf-tank-wayna/wayna_mercado/vendor/laravel/framework/src/Illuminate/Foundation/Http/Middleware/PreventRequestsDuringMaintenance.php(109): Illuminate/Pipeline/Pipeline->{closure:{closure:Illuminate/Pipeline/Pipeline::carry():194}:195}()
#42 C:/Users/LEONARDO/Desktop/wayna/LOS-BESTIES-Wolf-tank-wayna/wayna_mercado/vendor/laravel/framework/src/Illuminate/Pipeline/Pipeline.php(219): Illuminate/Foundation/Http/Middleware/PreventRequestsDuringMaintenance->handle()
#43 C:/Users/LEONARDO/Desktop/wayna/LOS-BESTIES-Wolf-tank-wayna/wayna_mercado/vendor/laravel/framework/src/Illuminate/Http/Middleware/HandleCors.php(61): Illuminate/Pipeline/Pipeline->{closure:{closure:Illuminate/Pipeline/Pipeline::carry():194}:195}()
#44 C:/Users/LEONARDO/Desktop/wayna/LOS-BESTIES-Wolf-tank-wayna/wayna_mercado/vendor/laravel/framework/src/Illuminate/Pipeline/Pipeline.php(219): Illuminate/Http/Middleware/HandleCors->handle()
#45 C:/Users/LEONARDO/Desktop/wayna/LOS-BESTIES-Wolf-tank-wayna/wayna_mercado/vendor/laravel/framework/src/Illuminate/Http/Middleware/TrustProxies.php(58): Illuminate/Pipeline/Pipeline->{closure:{closure:Illuminate/Pipeline/Pipeline::carry():194}:195}()
#46 C:/Users/LEONARDO/Desktop/wayna/LOS-BESTIES-Wolf-tank-wayna/wayna_mercado/vendor/laravel/framework/src/Illuminate/Pipeline/Pipeline.php(219): Illuminate/Http/Middleware/TrustProxies->handle()
#47 C:/Users/LEONARDO/Desktop/wayna/LOS-BESTIES-Wolf-tank-wayna/wayna_mercado/vendor/laravel/framework/src/Illuminate/Foundation/Http/Middleware/InvokeDeferredCallbacks.php(22): Illuminate/Pipeline/Pipeline->{closure:{closure:Illuminate/Pipeline/Pipeline::carry():194}:195}()
#48 C:/Users/LEONARDO/Desktop/wayna/LOS-BESTIES-Wolf-tank-wayna/wayna_mercado/vendor/laravel/framework/src/Illuminate/Pipeline/Pipeline.php(219): Illuminate/Foundation/Http/Middleware/InvokeDeferredCallbacks->handle()
#49 C:/Users/LEONARDO/Desktop/wayna/LOS-BESTIES-Wolf-tank-wayna/wayna_mercado/vendor/laravel/framework/src/Illuminate/Http/Middleware/ValidatePathEncoding.php(28): Illuminate/Pipeline/Pipeline->{closure:{closure:Illuminate/Pipeline/Pipeline::carry():194}:195}()
#50 C:/Users/LEONARDO/Desktop/wayna/LOS-BESTIES-Wolf-tank-wayna/wayna_mercado/vendor/laravel/framework/src/Illuminate/Pipeline/Pipeline.php(219): Illuminate/Http/Middleware/ValidatePathEncoding->handle()
#51 C:/Users/LEONARDO/Desktop/wayna/LOS-BESTIES-Wolf-tank-wayna/wayna_mercado/vendor/laravel/framework/src/Illuminate/Pipeline/Pipeline.php(137): Illuminate/Pipeline/Pipeline->{closure:{closure:Illuminate/Pipeline/Pipeline::carry():194}:195}()
#52 C:/Users/LEONARDO/Desktop/wayna/LOS-BESTIES-Wolf-tank-wayna/wayna_mercado/vendor/laravel/framework/src/Illuminate/Foundation/Http/Kernel.php(175): Illuminate/Pipeline/Pipeline->then()
#53 C:/Users/LEONARDO/Desktop/wayna/LOS-BESTIES-Wolf-tank-wayna/wayna_mercado/vendor/laravel/framework/src/Illuminate/Foundation/Http/Kernel.php(144): Illuminate/Foundation/Http/Kernel->sendRequestThroughRouter()
#54 C:/Users/LEONARDO/Desktop/wayna/LOS-BESTIES-Wolf-tank-wayna/wayna_mercado/vendor/laravel/framework/src/Illuminate/Foundation/Application.php(1220): Illuminate/Foundation/Http/Kernel->handle()
#55 C:/Users/LEONARDO/Desktop/wayna/LOS-BESTIES-Wolf-tank-wayna/wayna_mercado/public/index.php(20): Illuminate/Foundation/Application->handleRequest()
#56 C:/Users/LEONARDO/Desktop/wayna/LOS-BESTIES-Wolf-tank-wayna/wayna_mercado/vendor/laravel/framework/src/Illuminate/Foundation/resources/server.php(23): require_once('...')
#57 {main}

[previous exception] [object] (ParseError(code: 0): syntax error, unexpected token \"\\\" at C:/Users/LEONARDO/Desktop/wayna/LOS-BESTIES-Wolf-tank-wayna/wayna_mercado/storage/framework/views/090979d99af39c6a353b88b606858128.php:39)
[stacktrace]
#0 C:/Users/LEONARDO/Desktop/wayna/LOS-BESTIES-Wolf-tank-wayna/wayna_mercado/vendor/laravel/framework/src/Illuminate/Filesystem/Filesystem.php(124): Illuminate/Filesystem/Filesystem::{closure:Illuminate/Filesystem/Filesystem::getRequire():120}()
#1 C:/Users/LEONARDO/Desktop/wayna/LOS-BESTIES-Wolf-tank-wayna/wayna_mercado/vendor/laravel/framework/src/Illuminate/View/Engines/PhpEngine.php(57): Illuminate/Filesystem/Filesystem->getRequire()
#2 C:/Users/LEONARDO/Desktop/wayna/LOS-BESTIES-Wolf-tank-wayna/wayna_mercado/vendor/laravel/framework/src/Illuminate/View/Engines/CompilerEngine.php(76): Illuminate/View/Engines/PhpEngine->evaluatePath()
#3 C:/Users/LEONARDO/Desktop/wayna/LOS-BESTIES-Wolf-tank-wayna/wayna_mercado/vendor/laravel/framework/src/Illuminate/View/View.php(208): Illuminate/View/Engines/CompilerEngine->get()
#4 C:/Users/LEONARDO/Desktop/wayna/LOS-BESTIES-Wolf-tank-wayna/wayna_mercado/vendor/laravel/framework/src/Illuminate/View/View.php(191): Illuminate/View/View->getContents()
#5 C:/Users/LEONARDO/Desktop/wayna/LOS-BESTIES-Wolf-tank-wayna/wayna_mercado/vendor/laravel/framework/src/Illuminate/View/View.php(160): Illuminate/View/View->renderContents()
#6 C:/Users/LEONARDO/Desktop/wayna/LOS-BESTIES-Wolf-tank-wayna/wayna_mercado/vendor/laravel/framework/src/Illuminate/Http/Response.php(78): Illuminate/View/View->render()
#7 C:/Users/LEONARDO/Desktop/wayna/LOS-BESTIES-Wolf-tank-wayna/wayna_mercado/vendor/laravel/framework/src/Illuminate/Http/Response.php(34): Illuminate/Http/Response->setContent()
#8 C:/Users/LEONARDO/Desktop/wayna/LOS-BESTIES-Wolf-tank-wayna/wayna_mercado/vendor/laravel/framework/src/Illuminate/Routing/Router.php(939): Illuminate/Http/Response->__construct()
#9 C:/Users/LEONARDO/Desktop/wayna/LOS-BESTIES-Wolf-tank-wayna/wayna_mercado/vendor/laravel/framework/src/Illuminate/Routing/Router.php(906): Illuminate/Routing/Router::toResponse()
#10 C:/Users/LEONARDO/Desktop/wayna/LOS-BESTIES-Wolf-tank-wayna/wayna_mercado/vendor/laravel/framework/src/Illuminate/Routing/Router.php(821): Illuminate/Routing/Router->prepareResponse()
#11 C:/Users/LEONARDO/Desktop/wayna/LOS-BESTIES-Wolf-tank-wayna/wayna_mercado/vendor/laravel/framework/src/Illuminate/Pipeline/Pipeline.php(180): Illuminate/Routing/Router->{closure:Illuminate/Routing/Router::runRouteWithinStack():821}()
#12 C:/Users/LEONARDO/Desktop/wayna/LOS-BESTIES-Wolf-tank-wayna/wayna_mercado/vendor/laravel/boost/src/Middleware/InjectBoost.php(22): Illuminate/Pipeline/Pipeline->{closure:Illuminate/Pipeline/Pipeline::prepareDestination():178}()
#13 C:/Users/LEONARDO/Desktop/wayna/LOS-BESTIES-Wolf-tank-wayna/wayna_mercado/vendor/laravel/framework/src/Illuminate/Pipeline/Pipeline.php(219): Laravel/Boost/Middleware/InjectBoost->handle()
#14 C:/Users/LEONARDO/Desktop/wayna/LOS-BESTIES-Wolf-tank-wayna/wayna_mercado/vendor/laravel/framework/src/Illuminate/Routing/Middleware/SubstituteBindings.php(52): Illuminate/Pipeline/Pipeline->{closure:{closure:Illuminate/Pipeline/Pipeline::carry():194}:195}()
#15 C:/Users/LEONARDO/Desktop/wayna/LOS-BESTIES-Wolf-tank-wayna/wayna_mercado/vendor/laravel/framework/src/Illuminate/Pipeline/Pipeline.php(219): Illuminate/Routing/Middleware/SubstituteBindings->handle()
#16 C:/Users/LEONARDO/Desktop/wayna/LOS-BESTIES-Wolf-tank-wayna/wayna_mercado/vendor/laravel/framework/src/Illuminate/Foundation/Http/Middleware/PreventRequestForgery.php(104): Illuminate/Pipeline/Pipeline->{closure:{closure:Illuminate/Pipeline/Pipeline::carry():194}:195}()
#17 C:/Users/LEONARDO/Desktop/wayna/LOS-BESTIES-Wolf-tank-wayna/wayna_mercado/vendor/laravel/framework/src/Illuminate/Pipeline/Pipeline.php(219): Illuminate/Foundation/Http/Middleware/PreventRequestForgery->handle()
#18 C:/Users/LEONARDO/Desktop/wayna/LOS-BESTIES-Wolf-tank-wayna/wayna_mercado/vendor/laravel/framework/src/Illuminate/View/Middleware/ShareErrorsFromSession.php(48): Illuminate/Pipeline/Pipeline->{closure:{closure:Illuminate/Pipeline/Pipeline::carry():194}:195}()
#19 C:/Users/LEONARDO/Desktop/wayna/LOS-BESTIES-Wolf-tank-wayna/wayna_mercado/vendor/laravel/framework/src/Illuminate/Pipeline/Pipeline.php(219): Illuminate/View/Middleware/ShareErrorsFromSession->handle()
#20 C:/Users/LEONARDO/Desktop/wayna/LOS-BESTIES-Wolf-tank-wayna/wayna_mercado/vendor/laravel/framework/src/Illuminate/Session/Middleware/StartSession.php(120): Illuminate/Pipeline/Pipeline->{closure:{closure:Illuminate/Pipeline/Pipeline::carry():194}:195}()
#21 C:/Users/LEONARDO/Desktop/wayna/LOS-BESTIES-Wolf-tank-wayna/wayna_mercado/vendor/laravel/framework/src/Illuminate/Session/Middleware/StartSession.php(63): Illuminate/Session/Middleware/StartSession->handleStatefulRequest()
#22 C:/Users/LEONARDO/Desktop/wayna/LOS-BESTIES-Wolf-tank-wayna/wayna_mercado/vendor/laravel/framework/src/Illuminate/Pipeline/Pipeline.php(219): Illuminate/Session/Middleware/StartSession->handle()
#23 C:/Users/LEONARDO/Desktop/wayna/LOS-BESTIES-Wolf-tank-wayna/wayna_mercado/vendor/laravel/framework/src/Illuminate/Cookie/Middleware/AddQueuedCookiesToResponse.php(36): Illuminate/Pipeline/Pipeline->{closure:{closure:Illuminate/Pipeline/Pipeline::carry():194}:195}()
#24 C:/Users/LEONARDO/Desktop/wayna/LOS-BESTIES-Wolf-tank-wayna/wayna_mercado/vendor/laravel/framework/src/Illuminate/Pipeline/Pipeline.php(219): Illuminate/Cookie/Middleware/AddQueuedCookiesToResponse->handle()
#25 C:/Users/LEONARDO/Desktop/wayna/LOS-BESTIES-Wolf-tank-wayna/wayna_mercado/vendor/laravel/framework/src/Illuminate/Cookie/Middleware/EncryptCookies.php(74): Illuminate/Pipeline/Pipeline->{closure:{closure:Illuminate/Pipeline/Pipeline::carry():194}:195}()
#26 C:/Users/LEONARDO/Desktop/wayna/LOS-BESTIES-Wolf-tank-wayna/wayna_mercado/vendor/laravel/framework/src/Illuminate/Pipeline/Pipeline.php(219): Illuminate/Cookie/Middleware/EncryptCookies->handle()
#27 C:/Users/LEONARDO/Desktop/wayna/LOS-BESTIES-Wolf-tank-wayna/wayna_mercado/vendor/laravel/framework/src/Illuminate/Pipeline/Pipeline.php(137): Illuminate/Pipeline/Pipeline->{closure:{closure:Illuminate/Pipeline/Pipeline::carry():194}:195}()
#28 C:/Users/LEONARDO/Desktop/wayna/LOS-BESTIES-Wolf-tank-wayna/wayna_mercado/vendor/laravel/framework/src/Illuminate/Routing/Router.php(821): Illuminate/Pipeline/Pipeline->then()
#29 C:/Users/LEONARDO/Desktop/wayna/LOS-BESTIES-Wolf-tank-wayna/wayna_mercado/vendor/laravel/framework/src/Illuminate/Routing/Router.php(800): Illuminate/Routing/Router->runRouteWithinStack()
#30 C:/Users/LEONARDO/Desktop/wayna/LOS-BESTIES-Wolf-tank-wayna/wayna_mercado/vendor/laravel/framework/src/Illuminate/Routing/Router.php(764): Illuminate/Routing/Router->runRoute()
#31 C:/Users/LEONARDO/Desktop/wayna/LOS-BESTIES-Wolf-tank-wayna/wayna_mercado/vendor/laravel/framework/src/Illuminate/Routing/Router.php(753): Illuminate/Routing/Router->dispatchToRoute()
#32 C:/Users/LEONARDO/Desktop/wayna/LOS-BESTIES-Wolf-tank-wayna/wayna_mercado/vendor/laravel/framework/src/Illuminate/Foundation/Http/Kernel.php(200): Illuminate/Routing/Router->dispatch()
#33 C:/Users/LEONARDO/Desktop/wayna/LOS-BESTIES-Wolf-tank-wayna/wayna_mercado/vendor/laravel/framework/src/Illuminate/Pipeline/Pipeline.php(180): Illuminate/Foundation/Http/Kernel->{closure:Illuminate/Foundation/Http/Kernel::dispatchToRouter():197}()
#34 C:/Users/LEONARDO/Desktop/wayna/LOS-BESTIES-Wolf-tank-wayna/wayna_mercado/vendor/laravel/framework/src/Illuminate/Foundation/Http/Middleware/TransformsRequest.php(21): Illuminate/Pipeline/Pipeline->{closure:Illuminate/Pipeline/Pipeline::prepareDestination():178}()
#35 C:/Users/LEONARDO/Desktop/wayna/LOS-BESTIES-Wolf-tank-wayna/wayna_mercado/vendor/laravel/framework/src/Illuminate/Foundation/Http/Middleware/ConvertEmptyStringsToNull.php(31): Illuminate/Foundation/Http/Middleware/TransformsRequest->handle()
#36 C:/Users/LEONARDO/Desktop/wayna/LOS-BESTIES-Wolf-tank-wayna/wayna_mercado/vendor/laravel/framework/src/Illuminate/Pipeline/Pipeline.php(219): Illuminate/Foundation/Http/Middleware/ConvertEmptyStringsToNull->handle()
#37 C:/Users/LEONARDO/Desktop/wayna/LOS-BESTIES-Wolf-tank-wayna/wayna_mercado/vendor/laravel/framework/src/Illuminate/Foundation/Http/Middleware/TransformsRequest.php(21): Illuminate/Pipeline/Pipeline->{closure:{closure:Illuminate/Pipeline/Pipeline::carry():194}:195}()
#38 C:/Users/LEONARDO/Desktop/wayna/LOS-BESTIES-Wolf-tank-wayna/wayna_mercado/vendor/laravel/framework/src/Illuminate/Foundation/Http/Middleware/TrimStrings.php(51): Illuminate/Foundation/Http/Middleware/TransformsRequest->handle()
#39 C:/Users/LEONARDO/Desktop/wayna/LOS-BESTIES-Wolf-tank-wayna/wayna_mercado/vendor/laravel/framework/src/Illuminate/Pipeline/Pipeline.php(219): Illuminate/Foundation/Http/Middleware/TrimStrings->handle()
#40 C:/Users/LEONARDO/Desktop/wayna/LOS-BESTIES-Wolf-tank-wayna/wayna_mercado/vendor/laravel/framework/src/Illuminate/Http/Middleware/ValidatePostSize.php(27): Illuminate/Pipeline/Pipeline->{closure:{closure:Illuminate/Pipeline/Pipeline::carry():194}:195}()
#41 C:/Users/LEONARDO/Desktop/wayna/LOS-BESTIES-Wolf-tank-wayna/wayna_mercado/vendor/laravel/framework/src/Illuminate/Pipeline/Pipeline.php(219): Illuminate/Http/Middleware/ValidatePostSize->handle()
#42 C:/Users/LEONARDO/Desktop/wayna/LOS-BESTIES-Wolf-tank-wayna/wayna_mercado/vendor/laravel/framework/src/Illuminate/Foundation/Http/Middleware/PreventRequestsDuringMaintenance.php(109): Illuminate/Pipeline/Pipeline->{closure:{closure:Illuminate/Pipeline/Pipeline::carry():194}:195}()
#43 C:/Users/LEONARDO/Desktop/wayna/LOS-BESTIES-Wolf-tank-wayna/wayna_mercado/vendor/laravel/framework/src/Illuminate/Pipeline/Pipeline.php(219): Illuminate/Foundation/Http/Middleware/PreventRequestsDuringMaintenance->handle()
#44 C:/Users/LEONARDO/Desktop/wayna/LOS-BESTIES-Wolf-tank-wayna/wayna_mercado/vendor/laravel/framework/src/Illuminate/Http/Middleware/HandleCors.php(61): Illuminate/Pipeline/Pipeline->{closure:{closure:Illuminate/Pipeline/Pipeline::carry():194}:195}()
#45 C:/Users/LEONARDO/Desktop/wayna/LOS-BESTIES-Wolf-tank-wayna/wayna_mercado/vendor/laravel/framework/src/Illuminate/Pipeline/Pipeline.php(219): Illuminate/Http/Middleware/HandleCors->handle()
#46 C:/Users/LEONARDO/Desktop/wayna/LOS-BESTIES-Wolf-tank-wayna/wayna_mercado/vendor/laravel/framework/src/Illuminate/Http/Middleware/TrustProxies.php(58): Illuminate/Pipeline/Pipeline->{closure:{closure:Illuminate/Pipeline/Pipeline::carry():194}:195}()
#47 C:/Users/LEONARDO/Desktop/wayna/LOS-BESTIES-Wolf-tank-wayna/wayna_mercado/vendor/laravel/framework/src/Illuminate/Pipeline/Pipeline.php(219): Illuminate/Http/Middleware/TrustProxies->handle()
#48 C:/Users/LEONARDO/Desktop/wayna/LOS-BESTIES-Wolf-tank-wayna/wayna_mercado/vendor/laravel/framework/src/Illuminate/Foundation/Http/Middleware/InvokeDeferredCallbacks.php(22): Illuminate/Pipeline/Pipeline->{closure:{closure:Illuminate/Pipeline/Pipeline::carry():194}:195}()
#49 C:/Users/LEONARDO/Desktop/wayna/LOS-BESTIES-Wolf-tank-wayna/wayna_mercado/vendor/laravel/framework/src/Illuminate/Pipeline/Pipeline.php(219): Illuminate/Foundation/Http/Middleware/InvokeDeferredCallbacks->handle()
#50 C:/Users/LEONARDO/Desktop/wayna/LOS-BESTIES-Wolf-tank-wayna/wayna_mercado/vendor/laravel/framework/src/Illuminate/Http/Middleware/ValidatePathEncoding.php(28): Illuminate/Pipeline/Pipeline->{closure:{closure:Illuminate/Pipeline/Pipeline::carry():194}:195}()
#51 C:/Users/LEONARDO/Desktop/wayna/LOS-BESTIES-Wolf-tank-wayna/wayna_mercado/vendor/laravel/framework/src/Illuminate/Pipeline/Pipeline.php(219): Illuminate/Http/Middleware/ValidatePathEncoding->handle()
#52 C:/Users/LEONARDO/Desktop/wayna/LOS-BESTIES-Wolf-tank-wayna/wayna_mercado/vendor/laravel/framework/src/Illuminate/Pipeline/Pipeline.php(137): Illuminate/Pipeline/Pipeline->{closure:{closure:Illuminate/Pipeline/Pipeline::carry():194}:195}()
#53 C:/Users/LEONARDO/Desktop/wayna/LOS-BESTIES-Wolf-tank-wayna/wayna_mercado/vendor/laravel/framework/src/Illuminate/Foundation/Http/Kernel.php(175): Illuminate/Pipeline/Pipeline->then()
#54 C:/Users/LEONARDO/Desktop/wayna/LOS-BESTIES-Wolf-tank-wayna/wayna_mercado/vendor/laravel/framework/src/Illuminate/Foundation/Http/Kernel.php(144): Illuminate/Foundation/Http/Kernel->sendRequestThroughRouter()
#55 C:/Users/LEONARDO/Desktop/wayna/LOS-BESTIES-Wolf-tank-wayna/wayna_mercado/vendor/laravel/framework/src/Illuminate/Foundation/Application.php(1220): Illuminate/Foundation/Http/Kernel->handle()
#56 C:/Users/LEONARDO/Desktop/wayna/LOS-BESTIES-Wolf-tank-wayna/wayna_mercado/public/index.php(20): Illuminate/Foundation/Application->handleRequest()
#57 C:/Users/LEONARDO/Desktop/wayna/LOS-BESTIES-Wolf-tank-wayna/wayna_mercado/vendor/laravel/framework/src/Illuminate/Foundation/resources/server.php(23): require_once('...')
#58 {main}
"} 
[2026-05-16 14:01:26] local.ERROR: Attempt to read property "nombre" on null (View: C:\Users\LEONARDO\Desktop\wayna\LOS-BESTIES-Wolf-tank-wayna\wayna_mercado\resources\views\emprendedor\index.blade.php) {"userId":4,"exception":"[object] (Illuminate\\View\\ViewException(code: 0): Attempt to read property \"nombre\" on null (View: C:\\Users\\LEONARDO\\Desktop\\wayna\\LOS-BESTIES-Wolf-tank-wayna\\wayna_mercado\\resources\\views\\emprendedor\\index.blade.php) at C:/Users/LEONARDO/Desktop/wayna/LOS-BESTIES-Wolf-tank-wayna/wayna_mercado/storage/framework/views/e29bbe32d22658ea4844f9615459782a.php:51)
[stacktrace]
#0 C:/Users/LEONARDO/Desktop/wayna/LOS-BESTIES-Wolf-tank-wayna/wayna_mercado/vendor/laravel/framework/src/Illuminate/View/Engines/PhpEngine.php(59): Illuminate/View/Engines/CompilerEngine->handleViewException()
#1 C:/Users/LEONARDO/Desktop/wayna/LOS-BESTIES-Wolf-tank-wayna/wayna_mercado/vendor/laravel/framework/src/Illuminate/View/Engines/CompilerEngine.php(76): Illuminate/View/Engines/PhpEngine->evaluatePath()
#2 C:/Users/LEONARDO/Desktop/wayna/LOS-BESTIES-Wolf-tank-wayna/wayna_mercado/vendor/laravel/framework/src/Illuminate/View/View.php(208): Illuminate/View/Engines/CompilerEngine->get()
#3 C:/Users/LEONARDO/Desktop/wayna/LOS-BESTIES-Wolf-tank-wayna/wayna_mercado/vendor/laravel/framework/src/Illuminate/View/View.php(191): Illuminate/View/View->getContents()
#4 C:/Users/LEONARDO/Desktop/wayna/LOS-BESTIES-Wolf-tank-wayna/wayna_mercado/vendor/laravel/framework/src/Illuminate/View/View.php(160): Illuminate/View/View->renderContents()
#5 C:/Users/LEONARDO/Desktop/wayna/LOS-BESTIES-Wolf-tank-wayna/wayna_mercado/vendor/laravel/framework/src/Illuminate/Http/Response.php(78): Illuminate/View/View->render()
#6 C:/Users/LEONARDO/Desktop/wayna/LOS-BESTIES-Wolf-tank-wayna/wayna_mercado/vendor/laravel/framework/src/Illuminate/Http/Response.php(34): Illuminate/Http/Response->setContent()
#7 C:/Users/LEONARDO/Desktop/wayna/LOS-BESTIES-Wolf-tank-wayna/wayna_mercado/vendor/laravel/framework/src/Illuminate/Routing/Router.php(939): Illuminate/Http/Response->__construct()
#8 C:/Users/LEONARDO/Desktop/wayna/LOS-BESTIES-Wolf-tank-wayna/wayna_mercado/vendor/laravel/framework/src/Illuminate/Routing/Router.php(906): Illuminate/Routing/Router::toResponse()
#9 C:/Users/LEONARDO/Desktop/wayna/LOS-BESTIES-Wolf-tank-wayna/wayna_mercado/vendor/laravel/framework/src/Illuminate/Routing/Router.php(821): Illuminate/Routing/Router->prepareResponse()
#10 C:/Users/LEONARDO/Desktop/wayna/LOS-BESTIES-Wolf-tank-wayna/wayna_mercado/vendor/laravel/framework/src/Illuminate/Pipeline/Pipeline.php(180): Illuminate/Routing/Router->{closure:Illuminate/Routing/Router::runRouteWithinStack():821}()
#11 C:/Users/LEONARDO/Desktop/wayna/LOS-BESTIES-Wolf-tank-wayna/wayna_mercado/vendor/laravel/boost/src/Middleware/InjectBoost.php(22): Illuminate/Pipeline/Pipeline->{closure:Illuminate/Pipeline/Pipeline::prepareDestination():178}()
#12 C:/Users/LEONARDO/Desktop/wayna/LOS-BESTIES-Wolf-tank-wayna/wayna_mercado/vendor/laravel/framework/src/Illuminate/Pipeline/Pipeline.php(219): Laravel/Boost/Middleware/InjectBoost->handle()
#13 C:/Users/LEONARDO/Desktop/wayna/LOS-BESTIES-Wolf-tank-wayna/wayna_mercado/vendor/laravel/framework/src/Illuminate/Routing/Middleware/SubstituteBindings.php(52): Illuminate/Pipeline/Pipeline->{closure:{closure:Illuminate/Pipeline/Pipeline::carry():194}:195}()
#14 C:/Users/LEONARDO/Desktop/wayna/LOS-BESTIES-Wolf-tank-wayna/wayna_mercado/vendor/laravel/framework/src/Illuminate/Pipeline/Pipeline.php(219): Illuminate/Routing/Middleware/SubstituteBindings->handle()
#15 C:/Users/LEONARDO/Desktop/wayna/LOS-BESTIES-Wolf-tank-wayna/wayna_mercado/vendor/laravel/framework/src/Illuminate/Foundation/Http/Middleware/PreventRequestForgery.php(104): Illuminate/Pipeline/Pipeline->{closure:{closure:Illuminate/Pipeline/Pipeline::carry():194}:195}()
#16 C:/Users/LEONARDO/Desktop/wayna/LOS-BESTIES-Wolf-tank-wayna/wayna_mercado/vendor/laravel/framework/src/Illuminate/Pipeline/Pipeline.php(219): Illuminate/Foundation/Http/Middleware/PreventRequestForgery->handle()
#17 C:/Users/LEONARDO/Desktop/wayna/LOS-BESTIES-Wolf-tank-wayna/wayna_mercado/vendor/laravel/framework/src/Illuminate/View/Middleware/ShareErrorsFromSession.php(48): Illuminate/Pipeline/Pipeline->{closure:{closure:Illuminate/Pipeline/Pipeline::carry():194}:195}()
#18 C:/Users/LEONARDO/Desktop/wayna/LOS-BESTIES-Wolf-tank-wayna/wayna_mercado/vendor/laravel/framework/src/Illuminate/Pipeline/Pipeline.php(219): Illuminate/View/Middleware/ShareErrorsFromSession->handle()
#19 C:/Users/LEONARDO/Desktop/wayna/LOS-BESTIES-Wolf-tank-wayna/wayna_mercado/vendor/laravel/framework/src/Illuminate/Session/Middleware/StartSession.php(120): Illuminate/Pipeline/Pipeline->{closure:{closure:Illuminate/Pipeline/Pipeline::carry():194}:195}()
#20 C:/Users/LEONARDO/Desktop/wayna/LOS-BESTIES-Wolf-tank-wayna/wayna_mercado/vendor/laravel/framework/src/Illuminate/Session/Middleware/StartSession.php(63): Illuminate/Session/Middleware/StartSession->handleStatefulRequest()
#21 C:/Users/LEONARDO/Desktop/wayna/LOS-BESTIES-Wolf-tank-wayna/wayna_mercado/vendor/laravel/framework/src/Illuminate/Pipeline/Pipeline.php(219): Illuminate/Session/Middleware/StartSession->handle()
#22 C:/Users/LEONARDO/Desktop/wayna/LOS-BESTIES-Wolf-tank-wayna/wayna_mercado/vendor/laravel/framework/src/Illuminate/Cookie/Middleware/AddQueuedCookiesToResponse.php(36): Illuminate/Pipeline/Pipeline->{closure:{closure:Illuminate/Pipeline/Pipeline::carry():194}:195}()
#23 C:/Users/LEONARDO/Desktop/wayna/LOS-BESTIES-Wolf-tank-wayna/wayna_mercado/vendor/laravel/framework/src/Illuminate/Pipeline/Pipeline.php(219): Illuminate/Cookie/Middleware/AddQueuedCookiesToResponse->handle()
#24 C:/Users/LEONARDO/Desktop/wayna/LOS-BESTIES-Wolf-tank-wayna/wayna_mercado/vendor/laravel/framework/src/Illuminate/Cookie/Middleware/EncryptCookies.php(74): Illuminate/Pipeline/Pipeline->{closure:{closure:Illuminate/Pipeline/Pipeline::carry():194}:195}()
#25 C:/Users/LEONARDO/Desktop/wayna/LOS-BESTIES-Wolf-tank-wayna/wayna_mercado/vendor/laravel/framework/src/Illuminate/Pipeline/Pipeline.php(219): Illuminate/Cookie/Middleware/EncryptCookies->handle()
#26 C:/Users/LEONARDO/Desktop/wayna/LOS-BESTIES-Wolf-tank-wayna/wayna_mercado/vendor/laravel/framework/src/Illuminate/Pipeline/Pipeline.php(137): Illuminate/Pipeline/Pipeline->{closure:{closure:Illuminate/Pipeline/Pipeline::carry():194}:195}()
#27 C:/Users/LEONARDO/Desktop/wayna/LOS-BESTIES-Wolf-tank-wayna/wayna_mercado/vendor/laravel/framework/src/Illuminate/Routing/Router.php(821): Illuminate/Pipeline/Pipeline->then()
#28 C:/Users/LEONARDO/Desktop/wayna/LOS-BESTIES-Wolf-tank-wayna/wayna_mercado/vendor/laravel/framework/src/Illuminate/Routing/Router.php(800): Illuminate/Routing/Router->runRouteWithinStack()
#29 C:/Users/LEONARDO/Desktop/wayna/LOS-BESTIES-Wolf-tank-wayna/wayna_mercado/vendor/laravel/framework/src/Illuminate/Routing/Router.php(764): Illuminate/Routing/Router->runRoute()
#30 C:/Users/LEONARDO/Desktop/wayna/LOS-BESTIES-Wolf-tank-wayna/wayna_mercado/vendor/laravel/framework/src/Illuminate/Routing/Router.php(753): Illuminate/Routing/Router->dispatchToRoute()
#31 C:/Users/LEONARDO/Desktop/wayna/LOS-BESTIES-Wolf-tank-wayna/wayna_mercado/vendor/laravel/framework/src/Illuminate/Foundation/Http/Kernel.php(200): Illuminate/Routing/Router->dispatch()
#32 C:/Users/LEONARDO/Desktop/wayna/LOS-BESTIES-Wolf-tank-wayna/wayna_mercado/vendor/laravel/framework/src/Illuminate/Pipeline/Pipeline.php(180): Illuminate/Foundation/Http/Kernel->{closure:Illuminate/Foundation/Http/Kernel::dispatchToRouter():197}()
#33 C:/Users/LEONARDO/Desktop/wayna/LOS-BESTIES-Wolf-tank-wayna/wayna_mercado/vendor/laravel/framework/src/Illuminate/Foundation/Http/Middleware/TransformsRequest.php(21): Illuminate/Pipeline/Pipeline->{closure:Illuminate/Pipeline/Pipeline::prepareDestination():178}()
#34 C:/Users/LEONARDO/Desktop/wayna/LOS-BESTIES-Wolf-tank-wayna/wayna_mercado/vendor/laravel/framework/src/Illuminate/Foundation/Http/Middleware/ConvertEmptyStringsToNull.php(31): Illuminate/Foundation/Http/Middleware/TransformsRequest->handle()
#35 C:/Users/LEONARDO/Desktop/wayna/LOS-BESTIES-Wolf-tank-wayna/wayna_mercado/vendor/laravel/framework/src/Illuminate/Pipeline/Pipeline.php(219): Illuminate/Foundation/Http/Middleware/ConvertEmptyStringsToNull->handle()
#36 C:/Users/LEONARDO/Desktop/wayna/LOS-BESTIES-Wolf-tank-wayna/wayna_mercado/vendor/laravel/framework/src/Illuminate/Foundation/Http/Middleware/TransformsRequest.php(21): Illuminate/Pipeline/Pipeline->{closure:{closure:Illuminate/Pipeline/Pipeline::carry():194}:195}()
#37 C:/Users/LEONARDO/Desktop/wayna/LOS-BESTIES-Wolf-tank-wayna/wayna_mercado/vendor/laravel/framework/src/Illuminate/Foundation/Http/Middleware/TrimStrings.php(51): Illuminate/Foundation/Http/Middleware/TransformsRequest->handle()
#38 C:/Users/LEONARDO/Desktop/wayna/LOS-BESTIES-Wolf-tank-wayna/wayna_mercado/vendor/laravel/framework/src/Illuminate/Pipeline/Pipeline.php(219): Illuminate/Foundation/Http/Middleware/TrimStrings->handle()
#39 C:/Users/LEONARDO/Desktop/wayna/LOS-BESTIES-Wolf-tank-wayna/wayna_mercado/vendor/laravel/framework/src/Illuminate/Http/Middleware/ValidatePostSize.php(27): Illuminate/Pipeline/Pipeline->{closure:{closure:Illuminate/Pipeline/Pipeline::carry():194}:195}()
#40 C:/Users/LEONARDO/Desktop/wayna/LOS-BESTIES-Wolf-tank-wayna/wayna_mercado/vendor/laravel/framework/src/Illuminate/Pipeline/Pipeline.php(219): Illuminate/Http/Middleware/ValidatePostSize->handle()
#41 C:/Users/LEONARDO/Desktop/wayna/LOS-BESTIES-Wolf-tank-wayna/wayna_mercado/vendor/laravel/framework/src/Illuminate/Foundation/Http/Middleware/PreventRequestsDuringMaintenance.php(109): Illuminate/Pipeline/Pipeline->{closure:{closure:Illuminate/Pipeline/Pipeline::carry():194}:195}()
#42 C:/Users/LEONARDO/Desktop/wayna/LOS-BESTIES-Wolf-tank-wayna/wayna_mercado/vendor/laravel/framework/src/Illuminate/Pipeline/Pipeline.php(219): Illuminate/Foundation/Http/Middleware/PreventRequestsDuringMaintenance->handle()
#43 C:/Users/LEONARDO/Desktop/wayna/LOS-BESTIES-Wolf-tank-wayna/wayna_mercado/vendor/laravel/framework/src/Illuminate/Http/Middleware/HandleCors.php(61): Illuminate/Pipeline/Pipeline->{closure:{closure:Illuminate/Pipeline/Pipeline::carry():194}:195}()
#44 C:/Users/LEONARDO/Desktop/wayna/LOS-BESTIES-Wolf-tank-wayna/wayna_mercado/vendor/laravel/framework/src/Illuminate/Pipeline/Pipeline.php(219): Illuminate/Http/Middleware/HandleCors->handle()
#45 C:/Users/LEONARDO/Desktop/wayna/LOS-BESTIES-Wolf-tank-wayna/wayna_mercado/vendor/laravel/framework/src/Illuminate/Http/Middleware/TrustProxies.php(58): Illuminate/Pipeline/Pipeline->{closure:{closure:Illuminate/Pipeline/Pipeline::carry():194}:195}()
#46 C:/Users/LEONARDO/Desktop/wayna/LOS-BESTIES-Wolf-tank-wayna/wayna_mercado/vendor/laravel/framework/src/Illuminate/Pipeline/Pipeline.php(219): Illuminate/Http/Middleware/TrustProxies->handle()
#47 C:/Users/LEONARDO/Desktop/wayna/LOS-BESTIES-Wolf-tank-wayna/wayna_mercado/vendor/laravel/framework/src/Illuminate/Foundation/Http/Middleware/InvokeDeferredCallbacks.php(22): Illuminate/Pipeline/Pipeline->{closure:{closure:Illuminate/Pipeline/Pipeline::carry():194}:195}()
#48 C:/Users/LEONARDO/Desktop/wayna/LOS-BESTIES-Wolf-tank-wayna/wayna_mercado/vendor/laravel/framework/src/Illuminate/Pipeline/Pipeline.php(219): Illuminate/Foundation/Http/Middleware/InvokeDeferredCallbacks->handle()
#49 C:/Users/LEONARDO/Desktop/wayna/LOS-BESTIES-Wolf-tank-wayna/wayna_mercado/vendor/laravel/framework/src/Illuminate/Http/Middleware/ValidatePathEncoding.php(28): Illuminate/Pipeline/Pipeline->{closure:{closure:Illuminate/Pipeline/Pipeline::carry():194}:195}()
#50 C:/Users/LEONARDO/Desktop/wayna/LOS-BESTIES-Wolf-tank-wayna/wayna_mercado/vendor/laravel/framework/src/Illuminate/Pipeline/Pipeline.php(219): Illuminate/Http/Middleware/ValidatePathEncoding->handle()
#51 C:/Users/LEONARDO/Desktop/wayna/LOS-BESTIES-Wolf-tank-wayna/wayna_mercado/vendor/laravel/framework/src/Illuminate/Pipeline/Pipeline.php(137): Illuminate/Pipeline/Pipeline->{closure:{closure:Illuminate/Pipeline/Pipeline::carry():194}:195}()
#52 C:/Users/LEONARDO/Desktop/wayna/LOS-BESTIES-Wolf-tank-wayna/wayna_mercado/vendor/laravel/framework/src/Illuminate/Foundation/Http/Kernel.php(175): Illuminate/Pipeline/Pipeline->then()
#53 C:/Users/LEONARDO/Desktop/wayna/LOS-BESTIES-Wolf-tank-wayna/wayna_mercado/vendor/laravel/framework/src/Illuminate/Foundation/Http/Kernel.php(144): Illuminate/Foundation/Http/Kernel->sendRequestThroughRouter()
#54 C:/Users/LEONARDO/Desktop/wayna/LOS-BESTIES-Wolf-tank-wayna/wayna_mercado/vendor/laravel/framework/src/Illuminate/Foundation/Application.php(1220): Illuminate/Foundation/Http/Kernel->handle()
#55 C:/Users/LEONARDO/Desktop/wayna/LOS-BESTIES-Wolf-tank-wayna/wayna_mercado/public/index.php(20): Illuminate/Foundation/Application->handleRequest()
#56 C:/Users/LEONARDO/Desktop/wayna/LOS-BESTIES-Wolf-tank-wayna/wayna_mercado/vendor/laravel/framework/src/Illuminate/Foundation/resources/server.php(23): require_once('...')
#57 {main}

[previous exception] [object] (ErrorException(code: 0): Attempt to read property \"nombre\" on null at C:/Users/LEONARDO/Desktop/wayna/LOS-BESTIES-Wolf-tank-wayna/wayna_mercado/storage/framework/views/e29bbe32d22658ea4844f9615459782a.php:51)
[stacktrace]
#0 C:/Users/LEONARDO/Desktop/wayna/LOS-BESTIES-Wolf-tank-wayna/wayna_mercado/vendor/laravel/framework/src/Illuminate/Foundation/Bootstrap/HandleExceptions.php(258): Illuminate/Foundation/Bootstrap/HandleExceptions->handleError()
#1 C:/Users/LEONARDO/Desktop/wayna/LOS-BESTIES-Wolf-tank-wayna/wayna_mercado/storage/framework/views/e29bbe32d22658ea4844f9615459782a.php(51): Illuminate/Foundation/Bootstrap/HandleExceptions->{closure:Illuminate/Foundation/Bootstrap/HandleExceptions::forwardsTo():257}()
#2 C:/Users/LEONARDO/Desktop/wayna/LOS-BESTIES-Wolf-tank-wayna/wayna_mercado/vendor/laravel/framework/src/Illuminate/Filesystem/Filesystem.php(123): require('...')
#3 C:/Users/LEONARDO/Desktop/wayna/LOS-BESTIES-Wolf-tank-wayna/wayna_mercado/vendor/laravel/framework/src/Illuminate/Filesystem/Filesystem.php(124): Illuminate/Filesystem/Filesystem::{closure:Illuminate/Filesystem/Filesystem::getRequire():120}()
#4 C:/Users/LEONARDO/Desktop/wayna/LOS-BESTIES-Wolf-tank-wayna/wayna_mercado/vendor/laravel/framework/src/Illuminate/View/Engines/PhpEngine.php(57): Illuminate/Filesystem/Filesystem->getRequire()
#5 C:/Users/LEONARDO/Desktop/wayna/LOS-BESTIES-Wolf-tank-wayna/wayna_mercado/vendor/laravel/framework/src/Illuminate/View/Engines/CompilerEngine.php(76): Illuminate/View/Engines/PhpEngine->evaluatePath()
#6 C:/Users/LEONARDO/Desktop/wayna/LOS-BESTIES-Wolf-tank-wayna/wayna_mercado/vendor/laravel/framework/src/Illuminate/View/View.php(208): Illuminate/View/Engines/CompilerEngine->get()
#7 C:/Users/LEONARDO/Desktop/wayna/LOS-BESTIES-Wolf-tank-wayna/wayna_mercado/vendor/laravel/framework/src/Illuminate/View/View.php(191): Illuminate/View/View->getContents()
#8 C:/Users/LEONARDO/Desktop/wayna/LOS-BESTIES-Wolf-tank-wayna/wayna_mercado/vendor/laravel/framework/src/Illuminate/View/View.php(160): Illuminate/View/View->renderContents()
#9 C:/Users/LEONARDO/Desktop/wayna/LOS-BESTIES-Wolf-tank-wayna/wayna_mercado/vendor/laravel/framework/src/Illuminate/Http/Response.php(78): Illuminate/View/View->render()
#10 C:/Users/LEONARDO/Desktop/wayna/LOS-BESTIES-Wolf-tank-wayna/wayna_mercado/vendor/laravel/framework/src/Illuminate/Http/Response.php(34): Illuminate/Http/Response->setContent()
#11 C:/Users/LEONARDO/Desktop/wayna/LOS-BESTIES-Wolf-tank-wayna/wayna_mercado/vendor/laravel/framework/src/Illuminate/Routing/Router.php(939): Illuminate/Http/Response->__construct()
#12 C:/Users/LEONARDO/Desktop/wayna/LOS-BESTIES-Wolf-tank-wayna/wayna_mercado/vendor/laravel/framework/src/Illuminate/Routing/Router.php(906): Illuminate/Routing/Router::toResponse()
#13 C:/Users/LEONARDO/Desktop/wayna/LOS-BESTIES-Wolf-tank-wayna/wayna_mercado/vendor/laravel/framework/src/Illuminate/Routing/Router.php(821): Illuminate/Routing/Router->prepareResponse()
#14 C:/Users/LEONARDO/Desktop/wayna/LOS-BESTIES-Wolf-tank-wayna/wayna_mercado/vendor/laravel/framework/src/Illuminate/Pipeline/Pipeline.php(180): Illuminate/Routing/Router->{closure:Illuminate/Routing/Router::runRouteWithinStack():821}()
#15 C:/Users/LEONARDO/Desktop/wayna/LOS-BESTIES-Wolf-tank-wayna/wayna_mercado/vendor/laravel/boost/src/Middleware/InjectBoost.php(22): Illuminate/Pipeline/Pipeline->{closure:Illuminate/Pipeline/Pipeline::prepareDestination():178}()
#16 C:/Users/LEONARDO/Desktop/wayna/LOS-BESTIES-Wolf-tank-wayna/wayna_mercado/vendor/laravel/framework/src/Illuminate/Pipeline/Pipeline.php(219): Laravel/Boost/Middleware/InjectBoost->handle()
#17 C:/Users/LEONARDO/Desktop/wayna/LOS-BESTIES-Wolf-tank-wayna/wayna_mercado/vendor/laravel/framework/src/Illuminate/Routing/Middleware/SubstituteBindings.php(52): Illuminate/Pipeline/Pipeline->{closure:{closure:Illuminate/Pipeline/Pipeline::carry():194}:195}()
#18 C:/Users/LEONARDO/Desktop/wayna/LOS-BESTIES-Wolf-tank-wayna/wayna_mercado/vendor/laravel/framework/src/Illuminate/Pipeline/Pipeline.php(219): Illuminate/Routing/Middleware/SubstituteBindings->handle()
#19 C:/Users/LEONARDO/Desktop/wayna/LOS-BESTIES-Wolf-tank-wayna/wayna_mercado/vendor/laravel/framework/src/Illuminate/Foundation/Http/Middleware/PreventRequestForgery.php(104): Illuminate/Pipeline/Pipeline->{closure:{closure:Illuminate/Pipeline/Pipeline::carry():194}:195}()
#20 C:/Users/LEONARDO/Desktop/wayna/LOS-BESTIES-Wolf-tank-wayna/wayna_mercado/vendor/laravel/framework/src/Illuminate/Pipeline/Pipeline.php(219): Illuminate/Foundation/Http/Middleware/PreventRequestForgery->handle()
#21 C:/Users/LEONARDO/Desktop/wayna/LOS-BESTIES-Wolf-tank-wayna/wayna_mercado/vendor/laravel/framework/src/Illuminate/View/Middleware/ShareErrorsFromSession.php(48): Illuminate/Pipeline/Pipeline->{closure:{closure:Illuminate/Pipeline/Pipeline::carry():194}:195}()
#22 C:/Users/LEONARDO/Desktop/wayna/LOS-BESTIES-Wolf-tank-wayna/wayna_mercado/vendor/laravel/framework/src/Illuminate/Pipeline/Pipeline.php(219): Illuminate/View/Middleware/ShareErrorsFromSession->handle()
#23 C:/Users/LEONARDO/Desktop/wayna/LOS-BESTIES-Wolf-tank-wayna/wayna_mercado/vendor/laravel/framework/src/Illuminate/Session/Middleware/StartSession.php(120): Illuminate/Pipeline/Pipeline->{closure:{closure:Illuminate/Pipeline/Pipeline::carry():194}:195}()
#24 C:/Users/LEONARDO/Desktop/wayna/LOS-BESTIES-Wolf-tank-wayna/wayna_mercado/vendor/laravel/framework/src/Illuminate/Session/Middleware/StartSession.php(63): Illuminate/Session/Middleware/StartSession->handleStatefulRequest()
#25 C:/Users/LEONARDO/Desktop/wayna/LOS-BESTIES-Wolf-tank-wayna/wayna_mercado/vendor/laravel/framework/src/Illuminate/Pipeline/Pipeline.php(219): Illuminate/Session/Middleware/StartSession->handle()
#26 C:/Users/LEONARDO/Desktop/wayna/LOS-BESTIES-Wolf-tank-wayna/wayna_mercado/vendor/laravel/framework/src/Illuminate/Cookie/Middleware/AddQueuedCookiesToResponse.php(36): Illuminate/Pipeline/Pipeline->{closure:{closure:Illuminate/Pipeline/Pipeline::carry():194}:195}()
#27 C:/Users/LEONARDO/Desktop/wayna/LOS-BESTIES-Wolf-tank-wayna/wayna_mercado/vendor/laravel/framework/src/Illuminate/Pipeline/Pipeline.php(219): Illuminate/Cookie/Middleware/AddQueuedCookiesToResponse->handle()
#28 C:/Users/LEONARDO/Desktop/wayna/LOS-BESTIES-Wolf-tank-wayna/wayna_mercado/vendor/laravel/framework/src/Illuminate/Cookie/Middleware/EncryptCookies.php(74): Illuminate/Pipeline/Pipeline->{closure:{closure:Illuminate/Pipeline/Pipeline::carry():194}:195}()
#29 C:/Users/LEONARDO/Desktop/wayna/LOS-BESTIES-Wolf-tank-wayna/wayna_mercado/vendor/laravel/framework/src/Illuminate/Pipeline/Pipeline.php(219): Illuminate/Cookie/Middleware/EncryptCookies->handle()
#30 C:/Users/LEONARDO/Desktop/wayna/LOS-BESTIES-Wolf-tank-wayna/wayna_mercado/vendor/laravel/framework/src/Illuminate/Pipeline/Pipeline.php(137): Illuminate/Pipeline/Pipeline->{closure:{closure:Illuminate/Pipeline/Pipeline::carry():194}:195}()
#31 C:/Users/LEONARDO/Desktop/wayna/LOS-BESTIES-Wolf-tank-wayna/wayna_mercado/vendor/laravel/framework/src/Illuminate/Routing/Router.php(821): Illuminate/Pipeline/Pipeline->then()
#32 C:/Users/LEONARDO/Desktop/wayna/LOS-BESTIES-Wolf-tank-wayna/wayna_mercado/vendor/laravel/framework/src/Illuminate/Routing/Router.php(800): Illuminate/Routing/Router->runRouteWithinStack()
#33 C:/Users/LEONARDO/Desktop/wayna/LOS-BESTIES-Wolf-tank-wayna/wayna_mercado/vendor/laravel/framework/src/Illuminate/Routing/Router.php(764): Illuminate/Routing/Router->runRoute()
#34 C:/Users/LEONARDO/Desktop/wayna/LOS-BESTIES-Wolf-tank-wayna/wayna_mercado/vendor/laravel/framework/src/Illuminate/Routing/Router.php(753): Illuminate/Routing/Router->dispatchToRoute()
#35 C:/Users/LEONARDO/Desktop/wayna/LOS-BESTIES-Wolf-tank-wayna/wayna_mercado/vendor/laravel/framework/src/Illuminate/Foundation/Http/Kernel.php(200): Illuminate/Routing/Router->dispatch()
#36 C:/Users/LEONARDO/Desktop/wayna/LOS-BESTIES-Wolf-tank-wayna/wayna_mercado/vendor/laravel/framework/src/Illuminate/Pipeline/Pipeline.php(180): Illuminate/Foundation/Http/Kernel->{closure:Illuminate/Foundation/Http/Kernel::dispatchToRouter():197}()
#37 C:/Users/LEONARDO/Desktop/wayna/LOS-BESTIES-Wolf-tank-wayna/wayna_mercado/vendor/laravel/framework/src/Illuminate/Foundation/Http/Middleware/TransformsRequest.php(21): Illuminate/Pipeline/Pipeline->{closure:Illuminate/Pipeline/Pipeline::prepareDestination():178}()
#38 C:/Users/LEONARDO/Desktop/wayna/LOS-BESTIES-Wolf-tank-wayna/wayna_mercado/vendor/laravel/framework/src/Illuminate/Foundation/Http/Middleware/ConvertEmptyStringsToNull.php(31): Illuminate/Foundation/Http/Middleware/TransformsRequest->handle()
#39 C:/Users/LEONARDO/Desktop/wayna/LOS-BESTIES-Wolf-tank-wayna/wayna_mercado/vendor/laravel/framework/src/Illuminate/Pipeline/Pipeline.php(219): Illuminate/Foundation/Http/Middleware/ConvertEmptyStringsToNull->handle()
#40 C:/Users/LEONARDO/Desktop/wayna/LOS-BESTIES-Wolf-tank-wayna/wayna_mercado/vendor/laravel/framework/src/Illuminate/Foundation/Http/Middleware/TransformsRequest.php(21): Illuminate/Pipeline/Pipeline->{closure:{closure:Illuminate/Pipeline/Pipeline::carry():194}:195}()
#41 C:/Users/LEONARDO/Desktop/wayna/LOS-BESTIES-Wolf-tank-wayna/wayna_mercado/vendor/laravel/framework/src/Illuminate/Foundation/Http/Middleware/TrimStrings.php(51): Illuminate/Foundation/Http/Middleware/TransformsRequest->handle()
#42 C:/Users/LEONARDO/Desktop/wayna/LOS-BESTIES-Wolf-tank-wayna/wayna_mercado/vendor/laravel/framework/src/Illuminate/Pipeline/Pipeline.php(219): Illuminate/Foundation/Http/Middleware/TrimStrings->handle()
#43 C:/Users/LEONARDO/Desktop/wayna/LOS-BESTIES-Wolf-tank-wayna/wayna_mercado/vendor/laravel/framework/src/Illuminate/Http/Middleware/ValidatePostSize.php(27): Illuminate/Pipeline/Pipeline->{closure:{closure:Illuminate/Pipeline/Pipeline::carry():194}:195}()
#44 C:/Users/LEONARDO/Desktop/wayna/LOS-BESTIES-Wolf-tank-wayna/wayna_mercado/vendor/laravel/framework/src/Illuminate/Pipeline/Pipeline.php(219): Illuminate/Http/Middleware/ValidatePostSize->handle()
#45 C:/Users/LEONARDO/Desktop/wayna/LOS-BESTIES-Wolf-tank-wayna/wayna_mercado/vendor/laravel/framework/src/Illuminate/Foundation/Http/Middleware/PreventRequestsDuringMaintenance.php(109): Illuminate/Pipeline/Pipeline->{closure:{closure:Illuminate/Pipeline/Pipeline::carry():194}:195}()
#46 C:/Users/LEONARDO/Desktop/wayna/LOS-BESTIES-Wolf-tank-wayna/wayna_mercado/vendor/laravel/framework/src/Illuminate/Pipeline/Pipeline.php(219): Illuminate/Foundation/Http/Middleware/PreventRequestsDuringMaintenance->handle()
#47 C:/Users/LEONARDO/Desktop/wayna/LOS-BESTIES-Wolf-tank-wayna/wayna_mercado/vendor/laravel/framework/src/Illuminate/Http/Middleware/HandleCors.php(61): Illuminate/Pipeline/Pipeline->{closure:{closure:Illuminate/Pipeline/Pipeline::carry():194}:195}()
#48 C:/Users/LEONARDO/Desktop/wayna/LOS-BESTIES-Wolf-tank-wayna/wayna_mercado/vendor/laravel/framework/src/Illuminate/Pipeline/Pipeline.php(219): Illuminate/Http/Middleware/HandleCors->handle()
#49 C:/Users/LEONARDO/Desktop/wayna/LOS-BESTIES-Wolf-tank-wayna/wayna_mercado/vendor/laravel/framework/src/Illuminate/Http/Middleware/TrustProxies.php(58): Illuminate/Pipeline/Pipeline->{closure:{closure:Illuminate/Pipeline/Pipeline::carry():194}:195}()
#50 C:/Users/LEONARDO/Desktop/wayna/LOS-BESTIES-Wolf-tank-wayna/wayna_mercado/vendor/laravel/framework/src/Illuminate/Pipeline/Pipeline.php(219): Illuminate/Http/Middleware/TrustProxies->handle()
#51 C:/Users/LEONARDO/Desktop/wayna/LOS-BESTIES-Wolf-tank-wayna/wayna_mercado/vendor/laravel/framework/src/Illuminate/Foundation/Http/Middleware/InvokeDeferredCallbacks.php(22): Illuminate/Pipeline/Pipeline->{closure:{closure:Illuminate/Pipeline/Pipeline::carry():194}:195}()
#52 C:/Users/LEONARDO/Desktop/wayna/LOS-BESTIES-Wolf-tank-wayna/wayna_mercado/vendor/laravel/framework/src/Illuminate/Pipeline/Pipeline.php(219): Illuminate/Foundation/Http/Middleware/InvokeDeferredCallbacks->handle()
#53 C:/Users/LEONARDO/Desktop/wayna/LOS-BESTIES-Wolf-tank-wayna/wayna_mercado/vendor/laravel/framework/src/Illuminate/Http/Middleware/ValidatePathEncoding.php(28): Illuminate/Pipeline/Pipeline->{closure:{closure:Illuminate/Pipeline/Pipeline::carry():194}:195}()
#54 C:/Users/LEONARDO/Desktop/wayna/LOS-BESTIES-Wolf-tank-wayna/wayna_mercado/vendor/laravel/framework/src/Illuminate/Pipeline/Pipeline.php(219): Illuminate/Http/Middleware/ValidatePathEncoding->handle()
#55 C:/Users/LEONARDO/Desktop/wayna/LOS-BESTIES-Wolf-tank-wayna/wayna_mercado/vendor/laravel/framework/src/Illuminate/Pipeline/Pipeline.php(137): Illuminate/Pipeline/Pipeline->{closure:{closure:Illuminate/Pipeline/Pipeline::carry():194}:195}()
#56 C:/Users/LEONARDO/Desktop/wayna/LOS-BESTIES-Wolf-tank-wayna/wayna_mercado/vendor/laravel/framework/src/Illuminate/Foundation/Http/Kernel.php(175): Illuminate/Pipeline/Pipeline->then()
#57 C:/Users/LEONARDO/Desktop/wayna/LOS-BESTIES-Wolf-tank-wayna/wayna_mercado/vendor/laravel/framework/src/Illuminate/Foundation/Http/Kernel.php(144): Illuminate/Foundation/Http/Kernel->sendRequestThroughRouter()
#58 C:/Users/LEONARDO/Desktop/wayna/LOS-BESTIES-Wolf-tank-wayna/wayna_mercado/vendor/laravel/framework/src/Illuminate/Foundation/Application.php(1220): Illuminate/Foundation/Http/Kernel->handle()
#59 C:/Users/LEONARDO/Desktop/wayna/LOS-BESTIES-Wolf-tank-wayna/wayna_mercado/public/index.php(20): Illuminate/Foundation/Application->handleRequest()
#60 C:/Users/LEONARDO/Desktop/wayna/LOS-BESTIES-Wolf-tank-wayna/wayna_mercado/vendor/laravel/framework/src/Illuminate/Foundation/resources/server.php(23): require_once('...')
#61 {main}
"} 
[2026-05-16 14:04:14] local.ERROR: syntax error, unexpected token "\" (View: C:\Users\LEONARDO\Desktop\wayna\LOS-BESTIES-Wolf-tank-wayna\wayna_mercado\resources\views\productos\index.blade.php) {"userId":4,"exception":"[object] (Illuminate\\View\\ViewException(code: 0): syntax error, unexpected token \"\\\" (View: C:\\Users\\LEONARDO\\Desktop\\wayna\\LOS-BESTIES-Wolf-tank-wayna\\wayna_mercado\\resources\\views\\productos\\index.blade.php) at C:/Users/LEONARDO/Desktop/wayna/LOS-BESTIES-Wolf-tank-wayna/wayna_mercado/storage/framework/views/090979d99af39c6a353b88b606858128.php:39)
[stacktrace]
#0 C:/Users/LEONARDO/Desktop/wayna/LOS-BESTIES-Wolf-tank-wayna/wayna_mercado/vendor/laravel/framework/src/Illuminate/View/Engines/PhpEngine.php(59): Illuminate/View/Engines/CompilerEngine->handleViewException()
#1 C:/Users/LEONARDO/Desktop/wayna/LOS-BESTIES-Wolf-tank-wayna/wayna_mercado/vendor/laravel/framework/src/Illuminate/View/Engines/CompilerEngine.php(76): Illuminate/View/Engines/PhpEngine->evaluatePath()
#2 C:/Users/LEONARDO/Desktop/wayna/LOS-BESTIES-Wolf-tank-wayna/wayna_mercado/vendor/laravel/framework/src/Illuminate/View/View.php(208): Illuminate/View/Engines/CompilerEngine->get()
#3 C:/Users/LEONARDO/Desktop/wayna/LOS-BESTIES-Wolf-tank-wayna/wayna_mercado/vendor/laravel/framework/src/Illuminate/View/View.php(191): Illuminate/View/View->getContents()
#4 C:/Users/LEONARDO/Desktop/wayna/LOS-BESTIES-Wolf-tank-wayna/wayna_mercado/vendor/laravel/framework/src/Illuminate/View/View.php(160): Illuminate/View/View->renderContents()
#5 C:/Users/LEONARDO/Desktop/wayna/LOS-BESTIES-Wolf-tank-wayna/wayna_mercado/vendor/laravel/framework/src/Illuminate/Http/Response.php(78): Illuminate/View/View->render()
#6 C:/Users/LEONARDO/Desktop/wayna/LOS-BESTIES-Wolf-tank-wayna/wayna_mercado/vendor/laravel/framework/src/Illuminate/Http/Response.php(34): Illuminate/Http/Response->setContent()
#7 C:/Users/LEONARDO/Desktop/wayna/LOS-BESTIES-Wolf-tank-wayna/wayna_mercado/vendor/laravel/framework/src/Illuminate/Routing/Router.php(939): Illuminate/Http/Response->__construct()
#8 C:/Users/LEONARDO/Desktop/wayna/LOS-BESTIES-Wolf-tank-wayna/wayna_mercado/vendor/laravel/framework/src/Illuminate/Routing/Router.php(906): Illuminate/Routing/Router::toResponse()
#9 C:/Users/LEONARDO/Desktop/wayna/LOS-BESTIES-Wolf-tank-wayna/wayna_mercado/vendor/laravel/framework/src/Illuminate/Routing/Router.php(821): Illuminate/Routing/Router->prepareResponse()
#10 C:/Users/LEONARDO/Desktop/wayna/LOS-BESTIES-Wolf-tank-wayna/wayna_mercado/vendor/laravel/framework/src/Illuminate/Pipeline/Pipeline.php(180): Illuminate/Routing/Router->{closure:Illuminate/Routing/Router::runRouteWithinStack():821}()
#11 C:/Users/LEONARDO/Desktop/wayna/LOS-BESTIES-Wolf-tank-wayna/wayna_mercado/vendor/laravel/boost/src/Middleware/InjectBoost.php(22): Illuminate/Pipeline/Pipeline->{closure:Illuminate/Pipeline/Pipeline::prepareDestination():178}()
#12 C:/Users/LEONARDO/Desktop/wayna/LOS-BESTIES-Wolf-tank-wayna/wayna_mercado/vendor/laravel/framework/src/Illuminate/Pipeline/Pipeline.php(219): Laravel/Boost/Middleware/InjectBoost->handle()
#13 C:/Users/LEONARDO/Desktop/wayna/LOS-BESTIES-Wolf-tank-wayna/wayna_mercado/vendor/laravel/framework/src/Illuminate/Routing/Middleware/SubstituteBindings.php(52): Illuminate/Pipeline/Pipeline->{closure:{closure:Illuminate/Pipeline/Pipeline::carry():194}:195}()
#14 C:/Users/LEONARDO/Desktop/wayna/LOS-BESTIES-Wolf-tank-wayna/wayna_mercado/vendor/laravel/framework/src/Illuminate/Pipeline/Pipeline.php(219): Illuminate/Routing/Middleware/SubstituteBindings->handle()
#15 C:/Users/LEONARDO/Desktop/wayna/LOS-BESTIES-Wolf-tank-wayna/wayna_mercado/vendor/laravel/framework/src/Illuminate/Foundation/Http/Middleware/PreventRequestForgery.php(104): Illuminate/Pipeline/Pipeline->{closure:{closure:Illuminate/Pipeline/Pipeline::carry():194}:195}()
#16 C:/Users/LEONARDO/Desktop/wayna/LOS-BESTIES-Wolf-tank-wayna/wayna_mercado/vendor/laravel/framework/src/Illuminate/Pipeline/Pipeline.php(219): Illuminate/Foundation/Http/Middleware/PreventRequestForgery->handle()
#17 C:/Users/LEONARDO/Desktop/wayna/LOS-BESTIES-Wolf-tank-wayna/wayna_mercado/vendor/laravel/framework/src/Illuminate/View/Middleware/ShareErrorsFromSession.php(48): Illuminate/Pipeline/Pipeline->{closure:{closure:Illuminate/Pipeline/Pipeline::carry():194}:195}()
#18 C:/Users/LEONARDO/Desktop/wayna/LOS-BESTIES-Wolf-tank-wayna/wayna_mercado/vendor/laravel/framework/src/Illuminate/Pipeline/Pipeline.php(219): Illuminate/View/Middleware/ShareErrorsFromSession->handle()
#19 C:/Users/LEONARDO/Desktop/wayna/LOS-BESTIES-Wolf-tank-wayna/wayna_mercado/vendor/laravel/framework/src/Illuminate/Session/Middleware/StartSession.php(120): Illuminate/Pipeline/Pipeline->{closure:{closure:Illuminate/Pipeline/Pipeline::carry():194}:195}()
#20 C:/Users/LEONARDO/Desktop/wayna/LOS-BESTIES-Wolf-tank-wayna/wayna_mercado/vendor/laravel/framework/src/Illuminate/Session/Middleware/StartSession.php(63): Illuminate/Session/Middleware/StartSession->handleStatefulRequest()
#21 C:/Users/LEONARDO/Desktop/wayna/LOS-BESTIES-Wolf-tank-wayna/wayna_mercado/vendor/laravel/framework/src/Illuminate/Pipeline/Pipeline.php(219): Illuminate/Session/Middleware/StartSession->handle()
#22 C:/Users/LEONARDO/Desktop/wayna/LOS-BESTIES-Wolf-tank-wayna/wayna_mercado/vendor/laravel/framework/src/Illuminate/Cookie/Middleware/AddQueuedCookiesToResponse.php(36): Illuminate/Pipeline/Pipeline->{closure:{closure:Illuminate/Pipeline/Pipeline::carry():194}:195}()
#23 C:/Users/LEONARDO/Desktop/wayna/LOS-BESTIES-Wolf-tank-wayna/wayna_mercado/vendor/laravel/framework/src/Illuminate/Pipeline/Pipeline.php(219): Illuminate/Cookie/Middleware/AddQueuedCookiesToResponse->handle()
#24 C:/Users/LEONARDO/Desktop/wayna/LOS-BESTIES-Wolf-tank-wayna/wayna_mercado/vendor/laravel/framework/src/Illuminate/Cookie/Middleware/EncryptCookies.php(74): Illuminate/Pipeline/Pipeline->{closure:{closure:Illuminate/Pipeline/Pipeline::carry():194}:195}()
#25 C:/Users/LEONARDO/Desktop/wayna/LOS-BESTIES-Wolf-tank-wayna/wayna_mercado/vendor/laravel/framework/src/Illuminate/Pipeline/Pipeline.php(219): Illuminate/Cookie/Middleware/EncryptCookies->handle()
#26 C:/Users/LEONARDO/Desktop/wayna/LOS-BESTIES-Wolf-tank-wayna/wayna_mercado/vendor/laravel/framework/src/Illuminate/Pipeline/Pipeline.php(137): Illuminate/Pipeline/Pipeline->{closure:{closure:Illuminate/Pipeline/Pipeline::carry():194}:195}()
#27 C:/Users/LEONARDO/Desktop/wayna/LOS-BESTIES-Wolf-tank-wayna/wayna_mercado/vendor/laravel/framework/src/Illuminate/Routing/Router.php(821): Illuminate/Pipeline/Pipeline->then()
#28 C:/Users/LEONARDO/Desktop/wayna/LOS-BESTIES-Wolf-tank-wayna/wayna_mercado/vendor/laravel/framework/src/Illuminate/Routing/Router.php(800): Illuminate/Routing/Router->runRouteWithinStack()
#29 C:/Users/LEONARDO/Desktop/wayna/LOS-BESTIES-Wolf-tank-wayna/wayna_mercado/vendor/laravel/framework/src/Illuminate/Routing/Router.php(764): Illuminate/Routing/Router->runRoute()
#30 C:/Users/LEONARDO/Desktop/wayna/LOS-BESTIES-Wolf-tank-wayna/wayna_mercado/vendor/laravel/framework/src/Illuminate/Routing/Router.php(753): Illuminate/Routing/Router->dispatchToRoute()
#31 C:/Users/LEONARDO/Desktop/wayna/LOS-BESTIES-Wolf-tank-wayna/wayna_mercado/vendor/laravel/framework/src/Illuminate/Foundation/Http/Kernel.php(200): Illuminate/Routing/Router->dispatch()
#32 C:/Users/LEONARDO/Desktop/wayna/LOS-BESTIES-Wolf-tank-wayna/wayna_mercado/vendor/laravel/framework/src/Illuminate/Pipeline/Pipeline.php(180): Illuminate/Foundation/Http/Kernel->{closure:Illuminate/Foundation/Http/Kernel::dispatchToRouter():197}()
#33 C:/Users/LEONARDO/Desktop/wayna/LOS-BESTIES-Wolf-tank-wayna/wayna_mercado/vendor/laravel/framework/src/Illuminate/Foundation/Http/Middleware/TransformsRequest.php(21): Illuminate/Pipeline/Pipeline->{closure:Illuminate/Pipeline/Pipeline::prepareDestination():178}()
#34 C:/Users/LEONARDO/Desktop/wayna/LOS-BESTIES-Wolf-tank-wayna/wayna_mercado/vendor/laravel/framework/src/Illuminate/Foundation/Http/Middleware/ConvertEmptyStringsToNull.php(31): Illuminate/Foundation/Http/Middleware/TransformsRequest->handle()
#35 C:/Users/LEONARDO/Desktop/wayna/LOS-BESTIES-Wolf-tank-wayna/wayna_mercado/vendor/laravel/framework/src/Illuminate/Pipeline/Pipeline.php(219): Illuminate/Foundation/Http/Middleware/ConvertEmptyStringsToNull->handle()
#36 C:/Users/LEONARDO/Desktop/wayna/LOS-BESTIES-Wolf-tank-wayna/wayna_mercado/vendor/laravel/framework/src/Illuminate/Foundation/Http/Middleware/TransformsRequest.php(21): Illuminate/Pipeline/Pipeline->{closure:{closure:Illuminate/Pipeline/Pipeline::carry():194}:195}()
#37 C:/Users/LEONARDO/Desktop/wayna/LOS-BESTIES-Wolf-tank-wayna/wayna_mercado/vendor/laravel/framework/src/Illuminate/Foundation/Http/Middleware/TrimStrings.php(51): Illuminate/Foundation/Http/Middleware/TransformsRequest->handle()
#38 C:/Users/LEONARDO/Desktop/wayna/LOS-BESTIES-Wolf-tank-wayna/wayna_mercado/vendor/laravel/framework/src/Illuminate/Pipeline/Pipeline.php(219): Illuminate/Foundation/Http/Middleware/TrimStrings->handle()
#39 C:/Users/LEONARDO/Desktop/wayna/LOS-BESTIES-Wolf-tank-wayna/wayna_mercado/vendor/laravel/framework/src/Illuminate/Http/Middleware/ValidatePostSize.php(27): Illuminate/Pipeline/Pipeline->{closure:{closure:Illuminate/Pipeline/Pipeline::carry():194}:195}()
#40 C:/Users/LEONARDO/Desktop/wayna/LOS-BESTIES-Wolf-tank-wayna/wayna_mercado/vendor/laravel/framework/src/Illuminate/Pipeline/Pipeline.php(219): Illuminate/Http/Middleware/ValidatePostSize->handle()
#41 C:/Users/LEONARDO/Desktop/wayna/LOS-BESTIES-Wolf-tank-wayna/wayna_mercado/vendor/laravel/framework/src/Illuminate/Foundation/Http/Middleware/PreventRequestsDuringMaintenance.php(109): Illuminate/Pipeline/Pipeline->{closure:{closure:Illuminate/Pipeline/Pipeline::carry():194}:195}()
#42 C:/Users/LEONARDO/Desktop/wayna/LOS-BESTIES-Wolf-tank-wayna/wayna_mercado/vendor/laravel/framework/src/Illuminate/Pipeline/Pipeline.php(219): Illuminate/Foundation/Http/Middleware/PreventRequestsDuringMaintenance->handle()
#43 C:/Users/LEONARDO/Desktop/wayna/LOS-BESTIES-Wolf-tank-wayna/wayna_mercado/vendor/laravel/framework/src/Illuminate/Http/Middleware/HandleCors.php(61): Illuminate/Pipeline/Pipeline->{closure:{closure:Illuminate/Pipeline/Pipeline::carry():194}:195}()
#44 C:/Users/LEONARDO/Desktop/wayna/LOS-BESTIES-Wolf-tank-wayna/wayna_mercado/vendor/laravel/framework/src/Illuminate/Pipeline/Pipeline.php(219): Illuminate/Http/Middleware/HandleCors->handle()
#45 C:/Users/LEONARDO/Desktop/wayna/LOS-BESTIES-Wolf-tank-wayna/wayna_mercado/vendor/laravel/framework/src/Illuminate/Http/Middleware/TrustProxies.php(58): Illuminate/Pipeline/Pipeline->{closure:{closure:Illuminate/Pipeline/Pipeline::carry():194}:195}()
#46 C:/Users/LEONARDO/Desktop/wayna/LOS-BESTIES-Wolf-tank-wayna/wayna_mercado/vendor/laravel/framework/src/Illuminate/Pipeline/Pipeline.php(219): Illuminate/Http/Middleware/TrustProxies->handle()
#47 C:/Users/LEONARDO/Desktop/wayna/LOS-BESTIES-Wolf-tank-wayna/wayna_mercado/vendor/laravel/framework/src/Illuminate/Foundation/Http/Middleware/InvokeDeferredCallbacks.php(22): Illuminate/Pipeline/Pipeline->{closure:{closure:Illuminate/Pipeline/Pipeline::carry():194}:195}()
#48 C:/Users/LEONARDO/Desktop/wayna/LOS-BESTIES-Wolf-tank-wayna/wayna_mercado/vendor/laravel/framework/src/Illuminate/Pipeline/Pipeline.php(219): Illuminate/Foundation/Http/Middleware/InvokeDeferredCallbacks->handle()
#49 C:/Users/LEONARDO/Desktop/wayna/LOS-BESTIES-Wolf-tank-wayna/wayna_mercado/vendor/laravel/framework/src/Illuminate/Http/Middleware/ValidatePathEncoding.php(28): Illuminate/Pipeline/Pipeline->{closure:{closure:Illuminate/Pipeline/Pipeline::carry():194}:195}()
#50 C:/Users/LEONARDO/Desktop/wayna/LOS-BESTIES-Wolf-tank-wayna/wayna_mercado/vendor/laravel/framework/src/Illuminate/Pipeline/Pipeline.php(219): Illuminate/Http/Middleware/ValidatePathEncoding->handle()
#51 C:/Users/LEONARDO/Desktop/wayna/LOS-BESTIES-Wolf-tank-wayna/wayna_mercado/vendor/laravel/framework/src/Illuminate/Pipeline/Pipeline.php(137): Illuminate/Pipeline/Pipeline->{closure:{closure:Illuminate/Pipeline/Pipeline::carry():194}:195}()
#52 C:/Users/LEONARDO/Desktop/wayna/LOS-BESTIES-Wolf-tank-wayna/wayna_mercado/vendor/laravel/framework/src/Illuminate/Foundation/Http/Kernel.php(175): Illuminate/Pipeline/Pipeline->then()
#53 C:/Users/LEONARDO/Desktop/wayna/LOS-BESTIES-Wolf-tank-wayna/wayna_mercado/vendor/laravel/framework/src/Illuminate/Foundation/Http/Kernel.php(144): Illuminate/Foundation/Http/Kernel->sendRequestThroughRouter()
#54 C:/Users/LEONARDO/Desktop/wayna/LOS-BESTIES-Wolf-tank-wayna/wayna_mercado/vendor/laravel/framework/src/Illuminate/Foundation/Application.php(1220): Illuminate/Foundation/Http/Kernel->handle()
#55 C:/Users/LEONARDO/Desktop/wayna/LOS-BESTIES-Wolf-tank-wayna/wayna_mercado/public/index.php(20): Illuminate/Foundation/Application->handleRequest()
#56 C:/Users/LEONARDO/Desktop/wayna/LOS-BESTIES-Wolf-tank-wayna/wayna_mercado/vendor/laravel/framework/src/Illuminate/Foundation/resources/server.php(23): require_once('...')
#57 {main}

[previous exception] [object] (ParseError(code: 0): syntax error, unexpected token \"\\\" at C:/Users/LEONARDO/Desktop/wayna/LOS-BESTIES-Wolf-tank-wayna/wayna_mercado/storage/framework/views/090979d99af39c6a353b88b606858128.php:39)
[stacktrace]
#0 C:/Users/LEONARDO/Desktop/wayna/LOS-BESTIES-Wolf-tank-wayna/wayna_mercado/vendor/laravel/framework/src/Illuminate/Filesystem/Filesystem.php(124): Illuminate/Filesystem/Filesystem::{closure:Illuminate/Filesystem/Filesystem::getRequire():120}()
#1 C:/Users/LEONARDO/Desktop/wayna/LOS-BESTIES-Wolf-tank-wayna/wayna_mercado/vendor/laravel/framework/src/Illuminate/View/Engines/PhpEngine.php(57): Illuminate/Filesystem/Filesystem->getRequire()
#2 C:/Users/LEONARDO/Desktop/wayna/LOS-BESTIES-Wolf-tank-wayna/wayna_mercado/vendor/laravel/framework/src/Illuminate/View/Engines/CompilerEngine.php(76): Illuminate/View/Engines/PhpEngine->evaluatePath()
#3 C:/Users/LEONARDO/Desktop/wayna/LOS-BESTIES-Wolf-tank-wayna/wayna_mercado/vendor/laravel/framework/src/Illuminate/View/View.php(208): Illuminate/View/Engines/CompilerEngine->get()
#4 C:/Users/LEONARDO/Desktop/wayna/LOS-BESTIES-Wolf-tank-wayna/wayna_mercado/vendor/laravel/framework/src/Illuminate/View/View.php(191): Illuminate/View/View->getContents()
#5 C:/Users/LEONARDO/Desktop/wayna/LOS-BESTIES-Wolf-tank-wayna/wayna_mercado/vendor/laravel/framework/src/Illuminate/View/View.php(160): Illuminate/View/View->renderContents()
#6 C:/Users/LEONARDO/Desktop/wayna/LOS-BESTIES-Wolf-tank-wayna/wayna_mercado/vendor/laravel/framework/src/Illuminate/Http/Response.php(78): Illuminate/View/View->render()
#7 C:/Users/LEONARDO/Desktop/wayna/LOS-BESTIES-Wolf-tank-wayna/wayna_mercado/vendor/laravel/framework/src/Illuminate/Http/Response.php(34): Illuminate/Http/Response->setContent()
#8 C:/Users/LEONARDO/Desktop/wayna/LOS-BESTIES-Wolf-tank-wayna/wayna_mercado/vendor/laravel/framework/src/Illuminate/Routing/Router.php(939): Illuminate/Http/Response->__construct()
#9 C:/Users/LEONARDO/Desktop/wayna/LOS-BESTIES-Wolf-tank-wayna/wayna_mercado/vendor/laravel/framework/src/Illuminate/Routing/Router.php(906): Illuminate/Routing/Router::toResponse()
#10 C:/Users/LEONARDO/Desktop/wayna/LOS-BESTIES-Wolf-tank-wayna/wayna_mercado/vendor/laravel/framework/src/Illuminate/Routing/Router.php(821): Illuminate/Routing/Router->prepareResponse()
#11 C:/Users/LEONARDO/Desktop/wayna/LOS-BESTIES-Wolf-tank-wayna/wayna_mercado/vendor/laravel/framework/src/Illuminate/Pipeline/Pipeline.php(180): Illuminate/Routing/Router->{closure:Illuminate/Routing/Router::runRouteWithinStack():821}()
#12 C:/Users/LEONARDO/Desktop/wayna/LOS-BESTIES-Wolf-tank-wayna/wayna_mercado/vendor/laravel/boost/src/Middleware/InjectBoost.php(22): Illuminate/Pipeline/Pipeline->{closure:Illuminate/Pipeline/Pipeline::prepareDestination():178}()
#13 C:/Users/LEONARDO/Desktop/wayna/LOS-BESTIES-Wolf-tank-wayna/wayna_mercado/vendor/laravel/framework/src/Illuminate/Pipeline/Pipeline.php(219): Laravel/Boost/Middleware/InjectBoost->handle()
#14 C:/Users/LEONARDO/Desktop/wayna/LOS-BESTIES-Wolf-tank-wayna/wayna_mercado/vendor/laravel/framework/src/Illuminate/Routing/Middleware/SubstituteBindings.php(52): Illuminate/Pipeline/Pipeline->{closure:{closure:Illuminate/Pipeline/Pipeline::carry():194}:195}()
#15 C:/Users/LEONARDO/Desktop/wayna/LOS-BESTIES-Wolf-tank-wayna/wayna_mercado/vendor/laravel/framework/src/Illuminate/Pipeline/Pipeline.php(219): Illuminate/Routing/Middleware/SubstituteBindings->handle()
#16 C:/Users/LEONARDO/Desktop/wayna/LOS-BESTIES-Wolf-tank-wayna/wayna_mercado/vendor/laravel/framework/src/Illuminate/Foundation/Http/Middleware/PreventRequestForgery.php(104): Illuminate/Pipeline/Pipeline->{closure:{closure:Illuminate/Pipeline/Pipeline::carry():194}:195}()
#17 C:/Users/LEONARDO/Desktop/wayna/LOS-BESTIES-Wolf-tank-wayna/wayna_mercado/vendor/laravel/framework/src/Illuminate/Pipeline/Pipeline.php(219): Illuminate/Foundation/Http/Middleware/PreventRequestForgery->handle()
#18 C:/Users/LEONARDO/Desktop/wayna/LOS-BESTIES-Wolf-tank-wayna/wayna_mercado/vendor/laravel/framework/src/Illuminate/View/Middleware/ShareErrorsFromSession.php(48): Illuminate/Pipeline/Pipeline->{closure:{closure:Illuminate/Pipeline/Pipeline::carry():194}:195}()
#19 C:/Users/LEONARDO/Desktop/wayna/LOS-BESTIES-Wolf-tank-wayna/wayna_mercado/vendor/laravel/framework/src/Illuminate/Pipeline/Pipeline.php(219): Illuminate/View/Middleware/ShareErrorsFromSession->handle()
#20 C:/Users/LEONARDO/Desktop/wayna/LOS-BESTIES-Wolf-tank-wayna/wayna_mercado/vendor/laravel/framework/src/Illuminate/Session/Middleware/StartSession.php(120): Illuminate/Pipeline/Pipeline->{closure:{closure:Illuminate/Pipeline/Pipeline::carry():194}:195}()
#21 C:/Users/LEONARDO/Desktop/wayna/LOS-BESTIES-Wolf-tank-wayna/wayna_mercado/vendor/laravel/framework/src/Illuminate/Session/Middleware/StartSession.php(63): Illuminate/Session/Middleware/StartSession->handleStatefulRequest()
#22 C:/Users/LEONARDO/Desktop/wayna/LOS-BESTIES-Wolf-tank-wayna/wayna_mercado/vendor/laravel/framework/src/Illuminate/Pipeline/Pipeline.php(219): Illuminate/Session/Middleware/StartSession->handle()
#23 C:/Users/LEONARDO/Desktop/wayna/LOS-BESTIES-Wolf-tank-wayna/wayna_mercado/vendor/laravel/framework/src/Illuminate/Cookie/Middleware/AddQueuedCookiesToResponse.php(36): Illuminate/Pipeline/Pipeline->{closure:{closure:Illuminate/Pipeline/Pipeline::carry():194}:195}()
#24 C:/Users/LEONARDO/Desktop/wayna/LOS-BESTIES-Wolf-tank-wayna/wayna_mercado/vendor/laravel/framework/src/Illuminate/Pipeline/Pipeline.php(219): Illuminate/Cookie/Middleware/AddQueuedCookiesToResponse->handle()
#25 C:/Users/LEONARDO/Desktop/wayna/LOS-BESTIES-Wolf-tank-wayna/wayna_mercado/vendor/laravel/framework/src/Illuminate/Cookie/Middleware/EncryptCookies.php(74): Illuminate/Pipeline/Pipeline->{closure:{closure:Illuminate/Pipeline/Pipeline::carry():194}:195}()
#26 C:/Users/LEONARDO/Desktop/wayna/LOS-BESTIES-Wolf-tank-wayna/wayna_mercado/vendor/laravel/framework/src/Illuminate/Pipeline/Pipeline.php(219): Illuminate/Cookie/Middleware/EncryptCookies->handle()
#27 C:/Users/LEONARDO/Desktop/wayna/LOS-BESTIES-Wolf-tank-wayna/wayna_mercado/vendor/laravel/framework/src/Illuminate/Pipeline/Pipeline.php(137): Illuminate/Pipeline/Pipeline->{closure:{closure:Illuminate/Pipeline/Pipeline::carry():194}:195}()
#28 C:/Users/LEONARDO/Desktop/wayna/LOS-BESTIES-Wolf-tank-wayna/wayna_mercado/vendor/laravel/framework/src/Illuminate/Routing/Router.php(821): Illuminate/Pipeline/Pipeline->then()
#29 C:/Users/LEONARDO/Desktop/wayna/LOS-BESTIES-Wolf-tank-wayna/wayna_mercado/vendor/laravel/framework/src/Illuminate/Routing/Router.php(800): Illuminate/Routing/Router->runRouteWithinStack()
#30 C:/Users/LEONARDO/Desktop/wayna/LOS-BESTIES-Wolf-tank-wayna/wayna_mercado/vendor/laravel/framework/src/Illuminate/Routing/Router.php(764): Illuminate/Routing/Router->runRoute()
#31 C:/Users/LEONARDO/Desktop/wayna/LOS-BESTIES-Wolf-tank-wayna/wayna_mercado/vendor/laravel/framework/src/Illuminate/Routing/Router.php(753): Illuminate/Routing/Router->dispatchToRoute()
#32 C:/Users/LEONARDO/Desktop/wayna/LOS-BESTIES-Wolf-tank-wayna/wayna_mercado/vendor/laravel/framework/src/Illuminate/Foundation/Http/Kernel.php(200): Illuminate/Routing/Router->dispatch()
#33 C:/Users/LEONARDO/Desktop/wayna/LOS-BESTIES-Wolf-tank-wayna/wayna_mercado/vendor/laravel/framework/src/Illuminate/Pipeline/Pipeline.php(180): Illuminate/Foundation/Http/Kernel->{closure:Illuminate/Foundation/Http/Kernel::dispatchToRouter():197}()
#34 C:/Users/LEONARDO/Desktop/wayna/LOS-BESTIES-Wolf-tank-wayna/wayna_mercado/vendor/laravel/framework/src/Illuminate/Foundation/Http/Middleware/TransformsRequest.php(21): Illuminate/Pipeline/Pipeline->{closure:Illuminate/Pipeline/Pipeline::prepareDestination():178}()
#35 C:/Users/LEONARDO/Desktop/wayna/LOS-BESTIES-Wolf-tank-wayna/wayna_mercado/vendor/laravel/framework/src/Illuminate/Foundation/Http/Middleware/ConvertEmptyStringsToNull.php(31): Illuminate/Foundation/Http/Middleware/TransformsRequest->handle()
#36 C:/Users/LEONARDO/Desktop/wayna/LOS-BESTIES-Wolf-tank-wayna/wayna_mercado/vendor/laravel/framework/src/Illuminate/Pipeline/Pipeline.php(219): Illuminate/Foundation/Http/Middleware/ConvertEmptyStringsToNull->handle()
#37 C:/Users/LEONARDO/Desktop/wayna/LOS-BESTIES-Wolf-tank-wayna/wayna_mercado/vendor/laravel/framework/src/Illuminate/Foundation/Http/Middleware/TransformsRequest.php(21): Illuminate/Pipeline/Pipeline->{closure:{closure:Illuminate/Pipeline/Pipeline::carry():194}:195}()
#38 C:/Users/LEONARDO/Desktop/wayna/LOS-BESTIES-Wolf-tank-wayna/wayna_mercado/vendor/laravel/framework/src/Illuminate/Foundation/Http/Middleware/TrimStrings.php(51): Illuminate/Foundation/Http/Middleware/TransformsRequest->handle()
#39 C:/Users/LEONARDO/Desktop/wayna/LOS-BESTIES-Wolf-tank-wayna/wayna_mercado/vendor/laravel/framework/src/Illuminate/Pipeline/Pipeline.php(219): Illuminate/Foundation/Http/Middleware/TrimStrings->handle()
#40 C:/Users/LEONARDO/Desktop/wayna/LOS-BESTIES-Wolf-tank-wayna/wayna_mercado/vendor/laravel/framework/src/Illuminate/Http/Middleware/ValidatePostSize.php(27): Illuminate/Pipeline/Pipeline->{closure:{closure:Illuminate/Pipeline/Pipeline::carry():194}:195}()
#41 C:/Users/LEONARDO/Desktop/wayna/LOS-BESTIES-Wolf-tank-wayna/wayna_mercado/vendor/laravel/framework/src/Illuminate/Pipeline/Pipeline.php(219): Illuminate/Http/Middleware/ValidatePostSize->handle()
#42 C:/Users/LEONARDO/Desktop/wayna/LOS-BESTIES-Wolf-tank-wayna/wayna_mercado/vendor/laravel/framework/src/Illuminate/Foundation/Http/Middleware/PreventRequestsDuringMaintenance.php(109): Illuminate/Pipeline/Pipeline->{closure:{closure:Illuminate/Pipeline/Pipeline::carry():194}:195}()
#43 C:/Users/LEONARDO/Desktop/wayna/LOS-BESTIES-Wolf-tank-wayna/wayna_mercado/vendor/laravel/framework/src/Illuminate/Pipeline/Pipeline.php(219): Illuminate/Foundation/Http/Middleware/PreventRequestsDuringMaintenance->handle()
#44 C:/Users/LEONARDO/Desktop/wayna/LOS-BESTIES-Wolf-tank-wayna/wayna_mercado/vendor/laravel/framework/src/Illuminate/Http/Middleware/HandleCors.php(61): Illuminate/Pipeline/Pipeline->{closure:{closure:Illuminate/Pipeline/Pipeline::carry():194}:195}()
#45 C:/Users/LEONARDO/Desktop/wayna/LOS-BESTIES-Wolf-tank-wayna/wayna_mercado/vendor/laravel/framework/src/Illuminate/Pipeline/Pipeline.php(219): Illuminate/Http/Middleware/HandleCors->handle()
#46 C:/Users/LEONARDO/Desktop/wayna/LOS-BESTIES-Wolf-tank-wayna/wayna_mercado/vendor/laravel/framework/src/Illuminate/Http/Middleware/TrustProxies.php(58): Illuminate/Pipeline/Pipeline->{closure:{closure:Illuminate/Pipeline/Pipeline::carry():194}:195}()
#47 C:/Users/LEONARDO/Desktop/wayna/LOS-BESTIES-Wolf-tank-wayna/wayna_mercado/vendor/laravel/framework/src/Illuminate/Pipeline/Pipeline.php(219): Illuminate/Http/Middleware/TrustProxies->handle()
#48 C:/Users/LEONARDO/Desktop/wayna/LOS-BESTIES-Wolf-tank-wayna/wayna_mercado/vendor/laravel/framework/src/Illuminate/Foundation/Http/Middleware/InvokeDeferredCallbacks.php(22): Illuminate/Pipeline/Pipeline->{closure:{closure:Illuminate/Pipeline/Pipeline::carry():194}:195}()
#49 C:/Users/LEONARDO/Desktop/wayna/LOS-BESTIES-Wolf-tank-wayna/wayna_mercado/vendor/laravel/framework/src/Illuminate/Pipeline/Pipeline.php(219): Illuminate/Foundation/Http/Middleware/InvokeDeferredCallbacks->handle()
#50 C:/Users/LEONARDO/Desktop/wayna/LOS-BESTIES-Wolf-tank-wayna/wayna_mercado/vendor/laravel/framework/src/Illuminate/Http/Middleware/ValidatePathEncoding.php(28): Illuminate/Pipeline/Pipeline->{closure:{closure:Illuminate/Pipeline/Pipeline::carry():194}:195}()
#51 C:/Users/LEONARDO/Desktop/wayna/LOS-BESTIES-Wolf-tank-wayna/wayna_mercado/vendor/laravel/framework/src/Illuminate/Pipeline/Pipeline.php(219): Illuminate/Http/Middleware/ValidatePathEncoding->handle()
#52 C:/Users/LEONARDO/Desktop/wayna/LOS-BESTIES-Wolf-tank-wayna/wayna_mercado/vendor/laravel/framework/src/Illuminate/Pipeline/Pipeline.php(137): Illuminate/Pipeline/Pipeline->{closure:{closure:Illuminate/Pipeline/Pipeline::carry():194}:195}()
#53 C:/Users/LEONARDO/Desktop/wayna/LOS-BESTIES-Wolf-tank-wayna/wayna_mercado/vendor/laravel/framework/src/Illuminate/Foundation/Http/Kernel.php(175): Illuminate/Pipeline/Pipeline->then()
#54 C:/Users/LEONARDO/Desktop/wayna/LOS-BESTIES-Wolf-tank-wayna/wayna_mercado/vendor/laravel/framework/src/Illuminate/Foundation/Http/Kernel.php(144): Illuminate/Foundation/Http/Kernel->sendRequestThroughRouter()
#55 C:/Users/LEONARDO/Desktop/wayna/LOS-BESTIES-Wolf-tank-wayna/wayna_mercado/vendor/laravel/framework/src/Illuminate/Foundation/Application.php(1220): Illuminate/Foundation/Http/Kernel->handle()
#56 C:/Users/LEONARDO/Desktop/wayna/LOS-BESTIES-Wolf-tank-wayna/wayna_mercado/public/index.php(20): Illuminate/Foundation/Application->handleRequest()
#57 C:/Users/LEONARDO/Desktop/wayna/LOS-BESTIES-Wolf-tank-wayna/wayna_mercado/vendor/laravel/framework/src/Illuminate/Foundation/resources/server.php(23): require_once('...')
#58 {main}
"} 
[2026-05-16 14:14:58] local.ERROR: SQLSTATE[42S22]: Column not found: 1054 Unknown column 'apellido' in 'field list' (Connection: mysql, Host: 127.0.0.1, Port: 3306, Database: wayna_mercado, SQL: insert into `users` (`name`, `apellido`, `email`, `password`, `telefono`, `id_rol`, `estado`, `updated_at`, `created_at`) values (abdel, apaza, abdel@gmail.com, $2y$12$gAnUNv/FVzuIUGzr5ITSY.OHkxxYbAxQeqYKkdJAJI34IOnSvWAfG, 4750500, 2, activo, 2026-05-16 14:14:58, 2026-05-16 14:14:58)) {"userId":4,"exception":"[object] (Illuminate\\Database\\QueryException(code: 42S22): SQLSTATE[42S22]: Column not found: 1054 Unknown column 'apellido' in 'field list' (Connection: mysql, Host: 127.0.0.1, Port: 3306, Database: wayna_mercado, SQL: insert into `users` (`name`, `apellido`, `email`, `password`, `telefono`, `id_rol`, `estado`, `updated_at`, `created_at`) values (abdel, apaza, abdel@gmail.com, $2y$12$gAnUNv/FVzuIUGzr5ITSY.OHkxxYbAxQeqYKkdJAJI34IOnSvWAfG, 4750500, 2, activo, 2026-05-16 14:14:58, 2026-05-16 14:14:58)) at C:/Users/LEONARDO/Desktop/wayna/LOS-BESTIES-Wolf-tank-wayna/wayna_mercado/vendor/laravel/framework/src/Illuminate/Database/Connection.php:841)
[stacktrace]
#0 C:/Users/LEONARDO/Desktop/wayna/LOS-BESTIES-Wolf-tank-wayna/wayna_mercado/vendor/laravel/framework/src/Illuminate/Database/Connection.php(797): Illuminate/Database/Connection->runQueryCallback()
#1 C:/Users/LEONARDO/Desktop/wayna/LOS-BESTIES-Wolf-tank-wayna/wayna_mercado/vendor/laravel/framework/src/Illuminate/Database/MySqlConnection.php(42): Illuminate/Database/Connection->run()
#2 C:/Users/LEONARDO/Desktop/wayna/LOS-BESTIES-Wolf-tank-wayna/wayna_mercado/vendor/laravel/framework/src/Illuminate/Database/Query/Processors/MySqlProcessor.php(35): Illuminate/Database/MySqlConnection->insert()
#3 C:/Users/LEONARDO/Desktop/wayna/LOS-BESTIES-Wolf-tank-wayna/wayna_mercado/vendor/laravel/framework/src/Illuminate/Database/Query/Builder.php(4251): Illuminate/Database/Query/Processors/MySqlProcessor->processInsertGetId()
#4 C:/Users/LEONARDO/Desktop/wayna/LOS-BESTIES-Wolf-tank-wayna/wayna_mercado/vendor/laravel/framework/src/Illuminate/Database/Eloquent/Builder.php(2271): Illuminate/Database/Query/Builder->insertGetId()
#5 C:/Users/LEONARDO/Desktop/wayna/LOS-BESTIES-Wolf-tank-wayna/wayna_mercado/vendor/laravel/framework/src/Illuminate/Database/Eloquent/Model.php(1660): Illuminate/Database/Eloquent/Builder->__call()
#6 C:/Users/LEONARDO/Desktop/wayna/LOS-BESTIES-Wolf-tank-wayna/wayna_mercado/vendor/laravel/framework/src/Illuminate/Database/Eloquent/Model.php(1576): Illuminate/Database/Eloquent/Model->insertAndSetId()
#7 C:/Users/LEONARDO/Desktop/wayna/LOS-BESTIES-Wolf-tank-wayna/wayna_mercado/vendor/laravel/framework/src/Illuminate/Database/Eloquent/Model.php(1380): Illuminate/Database/Eloquent/Model->performInsert()
#8 C:/Users/LEONARDO/Desktop/wayna/LOS-BESTIES-Wolf-tank-wayna/wayna_mercado/vendor/laravel/framework/src/Illuminate/Database/Eloquent/Builder.php(1225): Illuminate/Database/Eloquent/Model->save()
#9 C:/Users/LEONARDO/Desktop/wayna/LOS-BESTIES-Wolf-tank-wayna/wayna_mercado/vendor/laravel/framework/src/Illuminate/Support/helpers.php(393): Illuminate/Database/Eloquent/Builder->{closure:Illuminate/Database/Eloquent/Builder::create():1224}()
#10 C:/Users/LEONARDO/Desktop/wayna/LOS-BESTIES-Wolf-tank-wayna/wayna_mercado/vendor/laravel/framework/src/Illuminate/Database/Eloquent/Builder.php(1224): tap()
#11 C:/Users/LEONARDO/Desktop/wayna/LOS-BESTIES-Wolf-tank-wayna/wayna_mercado/vendor/laravel/framework/src/Illuminate/Support/Traits/ForwardsCalls.php(23): Illuminate/Database/Eloquent/Builder->create()
#12 C:/Users/LEONARDO/Desktop/wayna/LOS-BESTIES-Wolf-tank-wayna/wayna_mercado/vendor/laravel/framework/src/Illuminate/Database/Eloquent/Model.php(2807): Illuminate/Database/Eloquent/Model->forwardCallTo()
#13 C:/Users/LEONARDO/Desktop/wayna/LOS-BESTIES-Wolf-tank-wayna/wayna_mercado/vendor/laravel/framework/src/Illuminate/Database/Eloquent/Model.php(2823): Illuminate/Database/Eloquent/Model->__call()
#14 C:/Users/LEONARDO/Desktop/wayna/LOS-BESTIES-Wolf-tank-wayna/wayna_mercado/app/Http/Controllers/RegistroController.php(37): Illuminate/Database/Eloquent/Model::__callStatic()
#15 C:/Users/LEONARDO/Desktop/wayna/LOS-BESTIES-Wolf-tank-wayna/wayna_mercado/vendor/laravel/framework/src/Illuminate/Routing/ControllerDispatcher.php(46): App/Http/Controllers/RegistroController->guardar()
#16 C:/Users/LEONARDO/Desktop/wayna/LOS-BESTIES-Wolf-tank-wayna/wayna_mercado/vendor/laravel/framework/src/Illuminate/Routing/Route.php(269): Illuminate/Routing/ControllerDispatcher->dispatch()
#17 C:/Users/LEONARDO/Desktop/wayna/LOS-BESTIES-Wolf-tank-wayna/wayna_mercado/vendor/laravel/framework/src/Illuminate/Routing/Route.php(215): Illuminate/Routing/Route->runController()
#18 C:/Users/LEONARDO/Desktop/wayna/LOS-BESTIES-Wolf-tank-wayna/wayna_mercado/vendor/laravel/framework/src/Illuminate/Routing/Router.php(822): Illuminate/Routing/Route->run()
#19 C:/Users/LEONARDO/Desktop/wayna/LOS-BESTIES-Wolf-tank-wayna/wayna_mercado/vendor/laravel/framework/src/Illuminate/Pipeline/Pipeline.php(180): Illuminate/Routing/Router->{closure:Illuminate/Routing/Router::runRouteWithinStack():821}()
#20 C:/Users/LEONARDO/Desktop/wayna/LOS-BESTIES-Wolf-tank-wayna/wayna_mercado/vendor/laravel/boost/src/Middleware/InjectBoost.php(22): Illuminate/Pipeline/Pipeline->{closure:Illuminate/Pipeline/Pipeline::prepareDestination():178}()
#21 C:/Users/LEONARDO/Desktop/wayna/LOS-BESTIES-Wolf-tank-wayna/wayna_mercado/vendor/laravel/framework/src/Illuminate/Pipeline/Pipeline.php(219): Laravel/Boost/Middleware/InjectBoost->handle()
#22 C:/Users/LEONARDO/Desktop/wayna/LOS-BESTIES-Wolf-tank-wayna/wayna_mercado/vendor/laravel/framework/src/Illuminate/Routing/Middleware/SubstituteBindings.php(52): Illuminate/Pipeline/Pipeline->{closure:{closure:Illuminate/Pipeline/Pipeline::carry():194}:195}()
#23 C:/Users/LEONARDO/Desktop/wayna/LOS-BESTIES-Wolf-tank-wayna/wayna_mercado/vendor/laravel/framework/src/Illuminate/Pipeline/Pipeline.php(219): Illuminate/Routing/Middleware/SubstituteBindings->handle()
#24 C:/Users/LEONARDO/Desktop/wayna/LOS-BESTIES-Wolf-tank-wayna/wayna_mercado/vendor/laravel/framework/src/Illuminate/Foundation/Http/Middleware/PreventRequestForgery.php(104): Illuminate/Pipeline/Pipeline->{closure:{closure:Illuminate/Pipeline/Pipeline::carry():194}:195}()
#25 C:/Users/LEONARDO/Desktop/wayna/LOS-BESTIES-Wolf-tank-wayna/wayna_mercado/vendor/laravel/framework/src/Illuminate/Pipeline/Pipeline.php(219): Illuminate/Foundation/Http/Middleware/PreventRequestForgery->handle()
#26 C:/Users/LEONARDO/Desktop/wayna/LOS-BESTIES-Wolf-tank-wayna/wayna_mercado/vendor/laravel/framework/src/Illuminate/View/Middleware/ShareErrorsFromSession.php(48): Illuminate/Pipeline/Pipeline->{closure:{closure:Illuminate/Pipeline/Pipeline::carry():194}:195}()
#27 C:/Users/LEONARDO/Desktop/wayna/LOS-BESTIES-Wolf-tank-wayna/wayna_mercado/vendor/laravel/framework/src/Illuminate/Pipeline/Pipeline.php(219): Illuminate/View/Middleware/ShareErrorsFromSession->handle()
#28 C:/Users/LEONARDO/Desktop/wayna/LOS-BESTIES-Wolf-tank-wayna/wayna_mercado/vendor/laravel/framework/src/Illuminate/Session/Middleware/StartSession.php(120): Illuminate/Pipeline/Pipeline->{closure:{closure:Illuminate/Pipeline/Pipeline::carry():194}:195}()
#29 C:/Users/LEONARDO/Desktop/wayna/LOS-BESTIES-Wolf-tank-wayna/wayna_mercado/vendor/laravel/framework/src/Illuminate/Session/Middleware/StartSession.php(63): Illuminate/Session/Middleware/StartSession->handleStatefulRequest()
#30 C:/Users/LEONARDO/Desktop/wayna/LOS-BESTIES-Wolf-tank-wayna/wayna_mercado/vendor/laravel/framework/src/Illuminate/Pipeline/Pipeline.php(219): Illuminate/Session/Middleware/StartSession->handle()
#31 C:/Users/LEONARDO/Desktop/wayna/LOS-BESTIES-Wolf-tank-wayna/wayna_mercado/vendor/laravel/framework/src/Illuminate/Cookie/Middleware/AddQueuedCookiesToResponse.php(36): Illuminate/Pipeline/Pipeline->{closure:{closure:Illuminate/Pipeline/Pipeline::carry():194}:195}()
#32 C:/Users/LEONARDO/Desktop/wayna/LOS-BESTIES-Wolf-tank-wayna/wayna_mercado/vendor/laravel/framework/src/Illuminate/Pipeline/Pipeline.php(219): Illuminate/Cookie/Middleware/AddQueuedCookiesToResponse->handle()
#33 C:/Users/LEONARDO/Desktop/wayna/LOS-BESTIES-Wolf-tank-wayna/wayna_mercado/vendor/laravel/framework/src/Illuminate/Cookie/Middleware/EncryptCookies.php(74): Illuminate/Pipeline/Pipeline->{closure:{closure:Illuminate/Pipeline/Pipeline::carry():194}:195}()
#34 C:/Users/LEONARDO/Desktop/wayna/LOS-BESTIES-Wolf-tank-wayna/wayna_mercado/vendor/laravel/framework/src/Illuminate/Pipeline/Pipeline.php(219): Illuminate/Cookie/Middleware/EncryptCookies->handle()
#35 C:/Users/LEONARDO/Desktop/wayna/LOS-BESTIES-Wolf-tank-wayna/wayna_mercado/vendor/laravel/framework/src/Illuminate/Pipeline/Pipeline.php(137): Illuminate/Pipeline/Pipeline->{closure:{closure:Illuminate/Pipeline/Pipeline::carry():194}:195}()
#36 C:/Users/LEONARDO/Desktop/wayna/LOS-BESTIES-Wolf-tank-wayna/wayna_mercado/vendor/laravel/framework/src/Illuminate/Routing/Router.php(821): Illuminate/Pipeline/Pipeline->then()
#37 C:/Users/LEONARDO/Desktop/wayna/LOS-BESTIES-Wolf-tank-wayna/wayna_mercado/vendor/laravel/framework/src/Illuminate/Routing/Router.php(800): Illuminate/Routing/Router->runRouteWithinStack()
#38 C:/Users/LEONARDO/Desktop/wayna/LOS-BESTIES-Wolf-tank-wayna/wayna_mercado/vendor/laravel/framework/src/Illuminate/Routing/Router.php(764): Illuminate/Routing/Router->runRoute()
#39 C:/Users/LEONARDO/Desktop/wayna/LOS-BESTIES-Wolf-tank-wayna/wayna_mercado/vendor/laravel/framework/src/Illuminate/Routing/Router.php(753): Illuminate/Routing/Router->dispatchToRoute()
#40 C:/Users/LEONARDO/Desktop/wayna/LOS-BESTIES-Wolf-tank-wayna/wayna_mercado/vendor/laravel/framework/src/Illuminate/Foundation/Http/Kernel.php(200): Illuminate/Routing/Router->dispatch()
#41 C:/Users/LEONARDO/Desktop/wayna/LOS-BESTIES-Wolf-tank-wayna/wayna_mercado/vendor/laravel/framework/src/Illuminate/Pipeline/Pipeline.php(180): Illuminate/Foundation/Http/Kernel->{closure:Illuminate/Foundation/Http/Kernel::dispatchToRouter():197}()
#42 C:/Users/LEONARDO/Desktop/wayna/LOS-BESTIES-Wolf-tank-wayna/wayna_mercado/vendor/laravel/framework/src/Illuminate/Foundation/Http/Middleware/TransformsRequest.php(21): Illuminate/Pipeline/Pipeline->{closure:Illuminate/Pipeline/Pipeline::prepareDestination():178}()
#43 C:/Users/LEONARDO/Desktop/wayna/LOS-BESTIES-Wolf-tank-wayna/wayna_mercado/vendor/laravel/framework/src/Illuminate/Foundation/Http/Middleware/ConvertEmptyStringsToNull.php(31): Illuminate/Foundation/Http/Middleware/TransformsRequest->handle()
#44 C:/Users/LEONARDO/Desktop/wayna/LOS-BESTIES-Wolf-tank-wayna/wayna_mercado/vendor/laravel/framework/src/Illuminate/Pipeline/Pipeline.php(219): Illuminate/Foundation/Http/Middleware/ConvertEmptyStringsToNull->handle()
#45 C:/Users/LEONARDO/Desktop/wayna/LOS-BESTIES-Wolf-tank-wayna/wayna_mercado/vendor/laravel/framework/src/Illuminate/Foundation/Http/Middleware/TransformsRequest.php(21): Illuminate/Pipeline/Pipeline->{closure:{closure:Illuminate/Pipeline/Pipeline::carry():194}:195}()
#46 C:/Users/LEONARDO/Desktop/wayna/LOS-BESTIES-Wolf-tank-wayna/wayna_mercado/vendor/laravel/framework/src/Illuminate/Foundation/Http/Middleware/TrimStrings.php(51): Illuminate/Foundation/Http/Middleware/TransformsRequest->handle()
#47 C:/Users/LEONARDO/Desktop/wayna/LOS-BESTIES-Wolf-tank-wayna/wayna_mercado/vendor/laravel/framework/src/Illuminate/Pipeline/Pipeline.php(219): Illuminate/Foundation/Http/Middleware/TrimStrings->handle()
#48 C:/Users/LEONARDO/Desktop/wayna/LOS-BESTIES-Wolf-tank-wayna/wayna_mercado/vendor/laravel/framework/src/Illuminate/Http/Middleware/ValidatePostSize.php(27): Illuminate/Pipeline/Pipeline->{closure:{closure:Illuminate/Pipeline/Pipeline::carry():194}:195}()
#49 C:/Users/LEONARDO/Desktop/wayna/LOS-BESTIES-Wolf-tank-wayna/wayna_mercado/vendor/laravel/framework/src/Illuminate/Pipeline/Pipeline.php(219): Illuminate/Http/Middleware/ValidatePostSize->handle()
#50 C:/Users/LEONARDO/Desktop/wayna/LOS-BESTIES-Wolf-tank-wayna/wayna_mercado/vendor/laravel/framework/src/Illuminate/Foundation/Http/Middleware/PreventRequestsDuringMaintenance.php(109): Illuminate/Pipeline/Pipeline->{closure:{closure:Illuminate/Pipeline/Pipeline::carry():194}:195}()
#51 C:/Users/LEONARDO/Desktop/wayna/LOS-BESTIES-Wolf-tank-wayna/wayna_mercado/vendor/laravel/framework/src/Illuminate/Pipeline/Pipeline.php(219): Illuminate/Foundation/Http/Middleware/PreventRequestsDuringMaintenance->handle()
#52 C:/Users/LEONARDO/Desktop/wayna/LOS-BESTIES-Wolf-tank-wayna/wayna_mercado/vendor/laravel/framework/src/Illuminate/Http/Middleware/HandleCors.php(61): Illuminate/Pipeline/Pipeline->{closure:{closure:Illuminate/Pipeline/Pipeline::carry():194}:195}()
#53 C:/Users/LEONARDO/Desktop/wayna/LOS-BESTIES-Wolf-tank-wayna/wayna_mercado/vendor/laravel/framework/src/Illuminate/Pipeline/Pipeline.php(219): Illuminate/Http/Middleware/HandleCors->handle()
#54 C:/Users/LEONARDO/Desktop/wayna/LOS-BESTIES-Wolf-tank-wayna/wayna_mercado/vendor/laravel/framework/src/Illuminate/Http/Middleware/TrustProxies.php(58): Illuminate/Pipeline/Pipeline->{closure:{closure:Illuminate/Pipeline/Pipeline::carry():194}:195}()
#55 C:/Users/LEONARDO/Desktop/wayna/LOS-BESTIES-Wolf-tank-wayna/wayna_mercado/vendor/laravel/framework/src/Illuminate/Pipeline/Pipeline.php(219): Illuminate/Http/Middleware/TrustProxies->handle()
#56 C:/Users/LEONARDO/Desktop/wayna/LOS-BESTIES-Wolf-tank-wayna/wayna_mercado/vendor/laravel/framework/src/Illuminate/Foundation/Http/Middleware/InvokeDeferredCallbacks.php(22): Illuminate/Pipeline/Pipeline->{closure:{closure:Illuminate/Pipeline/Pipeline::carry():194}:195}()
#57 C:/Users/LEONARDO/Desktop/wayna/LOS-BESTIES-Wolf-tank-wayna/wayna_mercado/vendor/laravel/framework/src/Illuminate/Pipeline/Pipeline.php(219): Illuminate/Foundation/Http/Middleware/InvokeDeferredCallbacks->handle()
#58 C:/Users/LEONARDO/Desktop/wayna/LOS-BESTIES-Wolf-tank-wayna/wayna_mercado/vendor/laravel/framework/src/Illuminate/Http/Middleware/ValidatePathEncoding.php(28): Illuminate/Pipeline/Pipeline->{closure:{closure:Illuminate/Pipeline/Pipeline::carry():194}:195}()
#59 C:/Users/LEONARDO/Desktop/wayna/LOS-BESTIES-Wolf-tank-wayna/wayna_mercado/vendor/laravel/framework/src/Illuminate/Pipeline/Pipeline.php(219): Illuminate/Http/Middleware/ValidatePathEncoding->handle()
#60 C:/Users/LEONARDO/Desktop/wayna/LOS-BESTIES-Wolf-tank-wayna/wayna_mercado/vendor/laravel/framework/src/Illuminate/Pipeline/Pipeline.php(137): Illuminate/Pipeline/Pipeline->{closure:{closure:Illuminate/Pipeline/Pipeline::carry():194}:195}()
#61 C:/Users/LEONARDO/Desktop/wayna/LOS-BESTIES-Wolf-tank-wayna/wayna_mercado/vendor/laravel/framework/src/Illuminate/Foundation/Http/Kernel.php(175): Illuminate/Pipeline/Pipeline->then()
#62 C:/Users/LEONARDO/Desktop/wayna/LOS-BESTIES-Wolf-tank-wayna/wayna_mercado/vendor/laravel/framework/src/Illuminate/Foundation/Http/Kernel.php(144): Illuminate/Foundation/Http/Kernel->sendRequestThroughRouter()
#63 C:/Users/LEONARDO/Desktop/wayna/LOS-BESTIES-Wolf-tank-wayna/wayna_mercado/vendor/laravel/framework/src/Illuminate/Foundation/Application.php(1220): Illuminate/Foundation/Http/Kernel->handle()
#64 C:/Users/LEONARDO/Desktop/wayna/LOS-BESTIES-Wolf-tank-wayna/wayna_mercado/public/index.php(20): Illuminate/Foundation/Application->handleRequest()
#65 C:/Users/LEONARDO/Desktop/wayna/LOS-BESTIES-Wolf-tank-wayna/wayna_mercado/vendor/laravel/framework/src/Illuminate/Foundation/resources/server.php(23): require_once('...')
#66 {main}

[previous exception] [object] (PDOException(code: 42S22): SQLSTATE[42S22]: Column not found: 1054 Unknown column 'apellido' in 'field list' at C:/Users/LEONARDO/Desktop/wayna/LOS-BESTIES-Wolf-tank-wayna/wayna_mercado/vendor/laravel/framework/src/Illuminate/Database/MySqlConnection.php:47)
[stacktrace]
#0 C:/Users/LEONARDO/Desktop/wayna/LOS-BESTIES-Wolf-tank-wayna/wayna_mercado/vendor/laravel/framework/src/Illuminate/Database/MySqlConnection.php(47): PDO->prepare()
#1 C:/Users/LEONARDO/Desktop/wayna/LOS-BESTIES-Wolf-tank-wayna/wayna_mercado/vendor/laravel/framework/src/Illuminate/Database/Connection.php(830): Illuminate/Database/MySqlConnection->{closure:Illuminate/Database/MySqlConnection::insert():42}()
#2 C:/Users/LEONARDO/Desktop/wayna/LOS-BESTIES-Wolf-tank-wayna/wayna_mercado/vendor/laravel/framework/src/Illuminate/Database/Connection.php(797): Illuminate/Database/Connection->runQueryCallback()
#3 C:/Users/LEONARDO/Desktop/wayna/LOS-BESTIES-Wolf-tank-wayna/wayna_mercado/vendor/laravel/framework/src/Illuminate/Database/MySqlConnection.php(42): Illuminate/Database/Connection->run()
#4 C:/Users/LEONARDO/Desktop/wayna/LOS-BESTIES-Wolf-tank-wayna/wayna_mercado/vendor/laravel/framework/src/Illuminate/Database/Query/Processors/MySqlProcessor.php(35): Illuminate/Database/MySqlConnection->insert()
#5 C:/Users/LEONARDO/Desktop/wayna/LOS-BESTIES-Wolf-tank-wayna/wayna_mercado/vendor/laravel/framework/src/Illuminate/Database/Query/Builder.php(4251): Illuminate/Database/Query/Processors/MySqlProcessor->processInsertGetId()
#6 C:/Users/LEONARDO/Desktop/wayna/LOS-BESTIES-Wolf-tank-wayna/wayna_mercado/vendor/laravel/framework/src/Illuminate/Database/Eloquent/Builder.php(2271): Illuminate/Database/Query/Builder->insertGetId()
#7 C:/Users/LEONARDO/Desktop/wayna/LOS-BESTIES-Wolf-tank-wayna/wayna_mercado/vendor/laravel/framework/src/Illuminate/Database/Eloquent/Model.php(1660): Illuminate/Database/Eloquent/Builder->__call()
#8 C:/Users/LEONARDO/Desktop/wayna/LOS-BESTIES-Wolf-tank-wayna/wayna_mercado/vendor/laravel/framework/src/Illuminate/Database/Eloquent/Model.php(1576): Illuminate/Database/Eloquent/Model->insertAndSetId()
#9 C:/Users/LEONARDO/Desktop/wayna/LOS-BESTIES-Wolf-tank-wayna/wayna_mercado/vendor/laravel/framework/src/Illuminate/Database/Eloquent/Model.php(1380): Illuminate/Database/Eloquent/Model->performInsert()
#10 C:/Users/LEONARDO/Desktop/wayna/LOS-BESTIES-Wolf-tank-wayna/wayna_mercado/vendor/laravel/framework/src/Illuminate/Database/Eloquent/Builder.php(1225): Illuminate/Database/Eloquent/Model->save()
#11 C:/Users/LEONARDO/Desktop/wayna/LOS-BESTIES-Wolf-tank-wayna/wayna_mercado/vendor/laravel/framework/src/Illuminate/Support/helpers.php(393): Illuminate/Database/Eloquent/Builder->{closure:Illuminate/Database/Eloquent/Builder::create():1224}()
#12 C:/Users/LEONARDO/Desktop/wayna/LOS-BESTIES-Wolf-tank-wayna/wayna_mercado/vendor/laravel/framework/src/Illuminate/Database/Eloquent/Builder.php(1224): tap()
#13 C:/Users/LEONARDO/Desktop/wayna/LOS-BESTIES-Wolf-tank-wayna/wayna_mercado/vendor/laravel/framework/src/Illuminate/Support/Traits/ForwardsCalls.php(23): Illuminate/Database/Eloquent/Builder->create()
#14 C:/Users/LEONARDO/Desktop/wayna/LOS-BESTIES-Wolf-tank-wayna/wayna_mercado/vendor/laravel/framework/src/Illuminate/Database/Eloquent/Model.php(2807): Illuminate/Database/Eloquent/Model->forwardCallTo()
#15 C:/Users/LEONARDO/Desktop/wayna/LOS-BESTIES-Wolf-tank-wayna/wayna_mercado/vendor/laravel/framework/src/Illuminate/Database/Eloquent/Model.php(2823): Illuminate/Database/Eloquent/Model->__call()
#16 C:/Users/LEONARDO/Desktop/wayna/LOS-BESTIES-Wolf-tank-wayna/wayna_mercado/app/Http/Controllers/RegistroController.php(37): Illuminate/Database/Eloquent/Model::__callStatic()
#17 C:/Users/LEONARDO/Desktop/wayna/LOS-BESTIES-Wolf-tank-wayna/wayna_mercado/vendor/laravel/framework/src/Illuminate/Routing/ControllerDispatcher.php(46): App/Http/Controllers/RegistroController->guardar()
#18 C:/Users/LEONARDO/Desktop/wayna/LOS-BESTIES-Wolf-tank-wayna/wayna_mercado/vendor/laravel/framework/src/Illuminate/Routing/Route.php(269): Illuminate/Routing/ControllerDispatcher->dispatch()
#19 C:/Users/LEONARDO/Desktop/wayna/LOS-BESTIES-Wolf-tank-wayna/wayna_mercado/vendor/laravel/framework/src/Illuminate/Routing/Route.php(215): Illuminate/Routing/Route->runController()
#20 C:/Users/LEONARDO/Desktop/wayna/LOS-BESTIES-Wolf-tank-wayna/wayna_mercado/vendor/laravel/framework/src/Illuminate/Routing/Router.php(822): Illuminate/Routing/Route->run()
#21 C:/Users/LEONARDO/Desktop/wayna/LOS-BESTIES-Wolf-tank-wayna/wayna_mercado/vendor/laravel/framework/src/Illuminate/Pipeline/Pipeline.php(180): Illuminate/Routing/Router->{closure:Illuminate/Routing/Router::runRouteWithinStack():821}()
#22 C:/Users/LEONARDO/Desktop/wayna/LOS-BESTIES-Wolf-tank-wayna/wayna_mercado/vendor/laravel/boost/src/Middleware/InjectBoost.php(22): Illuminate/Pipeline/Pipeline->{closure:Illuminate/Pipeline/Pipeline::prepareDestination():178}()
#23 C:/Users/LEONARDO/Desktop/wayna/LOS-BESTIES-Wolf-tank-wayna/wayna_mercado/vendor/laravel/framework/src/Illuminate/Pipeline/Pipeline.php(219): Laravel/Boost/Middleware/InjectBoost->handle()
#24 C:/Users/LEONARDO/Desktop/wayna/LOS-BESTIES-Wolf-tank-wayna/wayna_mercado/vendor/laravel/framework/src/Illuminate/Routing/Middleware/SubstituteBindings.php(52): Illuminate/Pipeline/Pipeline->{closure:{closure:Illuminate/Pipeline/Pipeline::carry():194}:195}()
#25 C:/Users/LEONARDO/Desktop/wayna/LOS-BESTIES-Wolf-tank-wayna/wayna_mercado/vendor/laravel/framework/src/Illuminate/Pipeline/Pipeline.php(219): Illuminate/Routing/Middleware/SubstituteBindings->handle()
#26 C:/Users/LEONARDO/Desktop/wayna/LOS-BESTIES-Wolf-tank-wayna/wayna_mercado/vendor/laravel/framework/src/Illuminate/Foundation/Http/Middleware/PreventRequestForgery.php(104): Illuminate/Pipeline/Pipeline->{closure:{closure:Illuminate/Pipeline/Pipeline::carry():194}:195}()
#27 C:/Users/LEONARDO/Desktop/wayna/LOS-BESTIES-Wolf-tank-wayna/wayna_mercado/vendor/laravel/framework/src/Illuminate/Pipeline/Pipeline.php(219): Illuminate/Foundation/Http/Middleware/PreventRequestForgery->handle()
#28 C:/Users/LEONARDO/Desktop/wayna/LOS-BESTIES-Wolf-tank-wayna/wayna_mercado/vendor/laravel/framework/src/Illuminate/View/Middleware/ShareErrorsFromSession.php(48): Illuminate/Pipeline/Pipeline->{closure:{closure:Illuminate/Pipeline/Pipeline::carry():194}:195}()
#29 C:/Users/LEONARDO/Desktop/wayna/LOS-BESTIES-Wolf-tank-wayna/wayna_mercado/vendor/laravel/framework/src/Illuminate/Pipeline/Pipeline.php(219): Illuminate/View/Middleware/ShareErrorsFromSession->handle()
#30 C:/Users/LEONARDO/Desktop/wayna/LOS-BESTIES-Wolf-tank-wayna/wayna_mercado/vendor/laravel/framework/src/Illuminate/Session/Middleware/StartSession.php(120): Illuminate/Pipeline/Pipeline->{closure:{closure:Illuminate/Pipeline/Pipeline::carry():194}:195}()
#31 C:/Users/LEONARDO/Desktop/wayna/LOS-BESTIES-Wolf-tank-wayna/wayna_mercado/vendor/laravel/framework/src/Illuminate/Session/Middleware/StartSession.php(63): Illuminate/Session/Middleware/StartSession->handleStatefulRequest()
#32 C:/Users/LEONARDO/Desktop/wayna/LOS-BESTIES-Wolf-tank-wayna/wayna_mercado/vendor/laravel/framework/src/Illuminate/Pipeline/Pipeline.php(219): Illuminate/Session/Middleware/StartSession->handle()
#33 C:/Users/LEONARDO/Desktop/wayna/LOS-BESTIES-Wolf-tank-wayna/wayna_mercado/vendor/laravel/framework/src/Illuminate/Cookie/Middleware/AddQueuedCookiesToResponse.php(36): Illuminate/Pipeline/Pipeline->{closure:{closure:Illuminate/Pipeline/Pipeline::carry():194}:195}()
#34 C:/Users/LEONARDO/Desktop/wayna/LOS-BESTIES-Wolf-tank-wayna/wayna_mercado/vendor/laravel/framework/src/Illuminate/Pipeline/Pipeline.php(219): Illuminate/Cookie/Middleware/AddQueuedCookiesToResponse->handle()
#35 C:/Users/LEONARDO/Desktop/wayna/LOS-BESTIES-Wolf-tank-wayna/wayna_mercado/vendor/laravel/framework/src/Illuminate/Cookie/Middleware/EncryptCookies.php(74): Illuminate/Pipeline/Pipeline->{closure:{closure:Illuminate/Pipeline/Pipeline::carry():194}:195}()
#36 C:/Users/LEONARDO/Desktop/wayna/LOS-BESTIES-Wolf-tank-wayna/wayna_mercado/vendor/laravel/framework/src/Illuminate/Pipeline/Pipeline.php(219): Illuminate/Cookie/Middleware/EncryptCookies->handle()
#37 C:/Users/LEONARDO/Desktop/wayna/LOS-BESTIES-Wolf-tank-wayna/wayna_mercado/vendor/laravel/framework/src/Illuminate/Pipeline/Pipeline.php(137): Illuminate/Pipeline/Pipeline->{closure:{closure:Illuminate/Pipeline/Pipeline::carry():194}:195}()
#38 C:/Users/LEONARDO/Desktop/wayna/LOS-BESTIES-Wolf-tank-wayna/wayna_mercado/vendor/laravel/framework/src/Illuminate/Routing/Router.php(821): Illuminate/Pipeline/Pipeline->then()
#39 C:/Users/LEONARDO/Desktop/wayna/LOS-BESTIES-Wolf-tank-wayna/wayna_mercado/vendor/laravel/framework/src/Illuminate/Routing/Router.php(800): Illuminate/Routing/Router->runRouteWithinStack()
#40 C:/Users/LEONARDO/Desktop/wayna/LOS-BESTIES-Wolf-tank-wayna/wayna_mercado/vendor/laravel/framework/src/Illuminate/Routing/Router.php(764): Illuminate/Routing/Router->runRoute()
#41 C:/Users/LEONARDO/Desktop/wayna/LOS-BESTIES-Wolf-tank-wayna/wayna_mercado/vendor/laravel/framework/src/Illuminate/Routing/Router.php(753): Illuminate/Routing/Router->dispatchToRoute()
#42 C:/Users/LEONARDO/Desktop/wayna/LOS-BESTIES-Wolf-tank-wayna/wayna_mercado/vendor/laravel/framework/src/Illuminate/Foundation/Http/Kernel.php(200): Illuminate/Routing/Router->dispatch()
#43 C:/Users/LEONARDO/Desktop/wayna/LOS-BESTIES-Wolf-tank-wayna/wayna_mercado/vendor/laravel/framework/src/Illuminate/Pipeline/Pipeline.php(180): Illuminate/Foundation/Http/Kernel->{closure:Illuminate/Foundation/Http/Kernel::dispatchToRouter():197}()
#44 C:/Users/LEONARDO/Desktop/wayna/LOS-BESTIES-Wolf-tank-wayna/wayna_mercado/vendor/laravel/framework/src/Illuminate/Foundation/Http/Middleware/TransformsRequest.php(21): Illuminate/Pipeline/Pipeline->{closure:Illuminate/Pipeline/Pipeline::prepareDestination():178}()
#45 C:/Users/LEONARDO/Desktop/wayna/LOS-BESTIES-Wolf-tank-wayna/wayna_mercado/vendor/laravel/framework/src/Illuminate/Foundation/Http/Middleware/ConvertEmptyStringsToNull.php(31): Illuminate/Foundation/Http/Middleware/TransformsRequest->handle()
#46 C:/Users/LEONARDO/Desktop/wayna/LOS-BESTIES-Wolf-tank-wayna/wayna_mercado/vendor/laravel/framework/src/Illuminate/Pipeline/Pipeline.php(219): Illuminate/Foundation/Http/Middleware/ConvertEmptyStringsToNull->handle()
#47 C:/Users/LEONARDO/Desktop/wayna/LOS-BESTIES-Wolf-tank-wayna/wayna_mercado/vendor/laravel/framework/src/Illuminate/Foundation/Http/Middleware/TransformsRequest.php(21): Illuminate/Pipeline/Pipeline->{closure:{closure:Illuminate/Pipeline/Pipeline::carry():194}:195}()
#48 C:/Users/LEONARDO/Desktop/wayna/LOS-BESTIES-Wolf-tank-wayna/wayna_mercado/vendor/laravel/framework/src/Illuminate/Foundation/Http/Middleware/TrimStrings.php(51): Illuminate/Foundation/Http/Middleware/TransformsRequest->handle()
#49 C:/Users/LEONARDO/Desktop/wayna/LOS-BESTIES-Wolf-tank-wayna/wayna_mercado/vendor/laravel/framework/src/Illuminate/Pipeline/Pipeline.php(219): Illuminate/Foundation/Http/Middleware/TrimStrings->handle()
#50 C:/Users/LEONARDO/Desktop/wayna/LOS-BESTIES-Wolf-tank-wayna/wayna_mercado/vendor/laravel/framework/src/Illuminate/Http/Middleware/ValidatePostSize.php(27): Illuminate/Pipeline/Pipeline->{closure:{closure:Illuminate/Pipeline/Pipeline::carry():194}:195}()
#51 C:/Users/LEONARDO/Desktop/wayna/LOS-BESTIES-Wolf-tank-wayna/wayna_mercado/vendor/laravel/framework/src/Illuminate/Pipeline/Pipeline.php(219): Illuminate/Http/Middleware/ValidatePostSize->handle()
#52 C:/Users/LEONARDO/Desktop/wayna/LOS-BESTIES-Wolf-tank-wayna/wayna_mercado/vendor/laravel/framework/src/Illuminate/Foundation/Http/Middleware/PreventRequestsDuringMaintenance.php(109): Illuminate/Pipeline/Pipeline->{closure:{closure:Illuminate/Pipeline/Pipeline::carry():194}:195}()
#53 C:/Users/LEONARDO/Desktop/wayna/LOS-BESTIES-Wolf-tank-wayna/wayna_mercado/vendor/laravel/framework/src/Illuminate/Pipeline/Pipeline.php(219): Illuminate/Foundation/Http/Middleware/PreventRequestsDuringMaintenance->handle()
#54 C:/Users/LEONARDO/Desktop/wayna/LOS-BESTIES-Wolf-tank-wayna/wayna_mercado/vendor/laravel/framework/src/Illuminate/Http/Middleware/HandleCors.php(61): Illuminate/Pipeline/Pipeline->{closure:{closure:Illuminate/Pipeline/Pipeline::carry():194}:195}()
#55 C:/Users/LEONARDO/Desktop/wayna/LOS-BESTIES-Wolf-tank-wayna/wayna_mercado/vendor/laravel/framework/src/Illuminate/Pipeline/Pipeline.php(219): Illuminate/Http/Middleware/HandleCors->handle()
#56 C:/Users/LEONARDO/Desktop/wayna/LOS-BESTIES-Wolf-tank-wayna/wayna_mercado/vendor/laravel/framework/src/Illuminate/Http/Middleware/TrustProxies.php(58): Illuminate/Pipeline/Pipeline->{closure:{closure:Illuminate/Pipeline/Pipeline::carry():194}:195}()
#57 C:/Users/LEONARDO/Desktop/wayna/LOS-BESTIES-Wolf-tank-wayna/wayna_mercado/vendor/laravel/framework/src/Illuminate/Pipeline/Pipeline.php(219): Illuminate/Http/Middleware/TrustProxies->handle()
#58 C:/Users/LEONARDO/Desktop/wayna/LOS-BESTIES-Wolf-tank-wayna/wayna_mercado/vendor/laravel/framework/src/Illuminate/Foundation/Http/Middleware/InvokeDeferredCallbacks.php(22): Illuminate/Pipeline/Pipeline->{closure:{closure:Illuminate/Pipeline/Pipeline::carry():194}:195}()
#59 C:/Users/LEONARDO/Desktop/wayna/LOS-BESTIES-Wolf-tank-wayna/wayna_mercado/vendor/laravel/framework/src/Illuminate/Pipeline/Pipeline.php(219): Illuminate/Foundation/Http/Middleware/InvokeDeferredCallbacks->handle()
#60 C:/Users/LEONARDO/Desktop/wayna/LOS-BESTIES-Wolf-tank-wayna/wayna_mercado/vendor/laravel/framework/src/Illuminate/Http/Middleware/ValidatePathEncoding.php(28): Illuminate/Pipeline/Pipeline->{closure:{closure:Illuminate/Pipeline/Pipeline::carry():194}:195}()
#61 C:/Users/LEONARDO/Desktop/wayna/LOS-BESTIES-Wolf-tank-wayna/wayna_mercado/vendor/laravel/framework/src/Illuminate/Pipeline/Pipeline.php(219): Illuminate/Http/Middleware/ValidatePathEncoding->handle()
#62 C:/Users/LEONARDO/Desktop/wayna/LOS-BESTIES-Wolf-tank-wayna/wayna_mercado/vendor/laravel/framework/src/Illuminate/Pipeline/Pipeline.php(137): Illuminate/Pipeline/Pipeline->{closure:{closure:Illuminate/Pipeline/Pipeline::carry():194}:195}()
#63 C:/Users/LEONARDO/Desktop/wayna/LOS-BESTIES-Wolf-tank-wayna/wayna_mercado/vendor/laravel/framework/src/Illuminate/Foundation/Http/Kernel.php(175): Illuminate/Pipeline/Pipeline->then()
#64 C:/Users/LEONARDO/Desktop/wayna/LOS-BESTIES-Wolf-tank-wayna/wayna_mercado/vendor/laravel/framework/src/Illuminate/Foundation/Http/Kernel.php(144): Illuminate/Foundation/Http/Kernel->sendRequestThroughRouter()
#65 C:/Users/LEONARDO/Desktop/wayna/LOS-BESTIES-Wolf-tank-wayna/wayna_mercado/vendor/laravel/framework/src/Illuminate/Foundation/Application.php(1220): Illuminate/Foundation/Http/Kernel->handle()
#66 C:/Users/LEONARDO/Desktop/wayna/LOS-BESTIES-Wolf-tank-wayna/wayna_mercado/public/index.php(20): Illuminate/Foundation/Application->handleRequest()
#67 C:/Users/LEONARDO/Desktop/wayna/LOS-BESTIES-Wolf-tank-wayna/wayna_mercado/vendor/laravel/framework/src/Illuminate/Foundation/resources/server.php(23): require_once('...')
#68 {main}
"} 
[2026-05-16 14:18:15] local.ERROR: SQLSTATE[42S22]: Column not found: 1054 Unknown column 'apellido' in 'field list' (Connection: mysql, Host: 127.0.0.1, Port: 3306, Database: wayna_mercado, SQL: insert into `users` (`name`, `apellido`, `email`, `password`, `telefono`, `id_rol`, `estado`, `updated_at`, `created_at`) values (abdel, apaza, abdel@gmail.com, $2y$12$9WCgwhM.swrSr1NCvUyjAOB3FNMVS2a47cOXYeLrp2XxPeAjmF/Zi, 4750500, 2, activo, 2026-05-16 14:18:15, 2026-05-16 14:18:15)) {"userId":4,"exception":"[object] (Illuminate\\Database\\QueryException(code: 42S22): SQLSTATE[42S22]: Column not found: 1054 Unknown column 'apellido' in 'field list' (Connection: mysql, Host: 127.0.0.1, Port: 3306, Database: wayna_mercado, SQL: insert into `users` (`name`, `apellido`, `email`, `password`, `telefono`, `id_rol`, `estado`, `updated_at`, `created_at`) values (abdel, apaza, abdel@gmail.com, $2y$12$9WCgwhM.swrSr1NCvUyjAOB3FNMVS2a47cOXYeLrp2XxPeAjmF/Zi, 4750500, 2, activo, 2026-05-16 14:18:15, 2026-05-16 14:18:15)) at C:/Users/LEONARDO/Desktop/wayna/LOS-BESTIES-Wolf-tank-wayna/wayna_mercado/vendor/laravel/framework/src/Illuminate/Database/Connection.php:841)
[stacktrace]
#0 C:/Users/LEONARDO/Desktop/wayna/LOS-BESTIES-Wolf-tank-wayna/wayna_mercado/vendor/laravel/framework/src/Illuminate/Database/Connection.php(797): Illuminate/Database/Connection->runQueryCallback()
#1 C:/Users/LEONARDO/Desktop/wayna/LOS-BESTIES-Wolf-tank-wayna/wayna_mercado/vendor/laravel/framework/src/Illuminate/Database/MySqlConnection.php(42): Illuminate/Database/Connection->run()
#2 C:/Users/LEONARDO/Desktop/wayna/LOS-BESTIES-Wolf-tank-wayna/wayna_mercado/vendor/laravel/framework/src/Illuminate/Database/Query/Processors/MySqlProcessor.php(35): Illuminate/Database/MySqlConnection->insert()
#3 C:/Users/LEONARDO/Desktop/wayna/LOS-BESTIES-Wolf-tank-wayna/wayna_mercado/vendor/laravel/framework/src/Illuminate/Database/Query/Builder.php(4251): Illuminate/Database/Query/Processors/MySqlProcessor->processInsertGetId()
#4 C:/Users/LEONARDO/Desktop/wayna/LOS-BESTIES-Wolf-tank-wayna/wayna_mercado/vendor/laravel/framework/src/Illuminate/Database/Eloquent/Builder.php(2271): Illuminate/Database/Query/Builder->insertGetId()
#5 C:/Users/LEONARDO/Desktop/wayna/LOS-BESTIES-Wolf-tank-wayna/wayna_mercado/vendor/laravel/framework/src/Illuminate/Database/Eloquent/Model.php(1660): Illuminate/Database/Eloquent/Builder->__call()
#6 C:/Users/LEONARDO/Desktop/wayna/LOS-BESTIES-Wolf-tank-wayna/wayna_mercado/vendor/laravel/framework/src/Illuminate/Database/Eloquent/Model.php(1576): Illuminate/Database/Eloquent/Model->insertAndSetId()
#7 C:/Users/LEONARDO/Desktop/wayna/LOS-BESTIES-Wolf-tank-wayna/wayna_mercado/vendor/laravel/framework/src/Illuminate/Database/Eloquent/Model.php(1380): Illuminate/Database/Eloquent/Model->performInsert()
#8 C:/Users/LEONARDO/Desktop/wayna/LOS-BESTIES-Wolf-tank-wayna/wayna_mercado/vendor/laravel/framework/src/Illuminate/Database/Eloquent/Builder.php(1225): Illuminate/Database/Eloquent/Model->save()
#9 C:/Users/LEONARDO/Desktop/wayna/LOS-BESTIES-Wolf-tank-wayna/wayna_mercado/vendor/laravel/framework/src/Illuminate/Support/helpers.php(393): Illuminate/Database/Eloquent/Builder->{closure:Illuminate/Database/Eloquent/Builder::create():1224}()
#10 C:/Users/LEONARDO/Desktop/wayna/LOS-BESTIES-Wolf-tank-wayna/wayna_mercado/vendor/laravel/framework/src/Illuminate/Database/Eloquent/Builder.php(1224): tap()
#11 C:/Users/LEONARDO/Desktop/wayna/LOS-BESTIES-Wolf-tank-wayna/wayna_mercado/vendor/laravel/framework/src/Illuminate/Support/Traits/ForwardsCalls.php(23): Illuminate/Database/Eloquent/Builder->create()
#12 C:/Users/LEONARDO/Desktop/wayna/LOS-BESTIES-Wolf-tank-wayna/wayna_mercado/vendor/laravel/framework/src/Illuminate/Database/Eloquent/Model.php(2807): Illuminate/Database/Eloquent/Model->forwardCallTo()
#13 C:/Users/LEONARDO/Desktop/wayna/LOS-BESTIES-Wolf-tank-wayna/wayna_mercado/vendor/laravel/framework/src/Illuminate/Database/Eloquent/Model.php(2823): Illuminate/Database/Eloquent/Model->__call()
#14 C:/Users/LEONARDO/Desktop/wayna/LOS-BESTIES-Wolf-tank-wayna/wayna_mercado/app/Http/Controllers/RegistroController.php(37): Illuminate/Database/Eloquent/Model::__callStatic()
#15 C:/Users/LEONARDO/Desktop/wayna/LOS-BESTIES-Wolf-tank-wayna/wayna_mercado/vendor/laravel/framework/src/Illuminate/Routing/ControllerDispatcher.php(46): App/Http/Controllers/RegistroController->guardar()
#16 C:/Users/LEONARDO/Desktop/wayna/LOS-BESTIES-Wolf-tank-wayna/wayna_mercado/vendor/laravel/framework/src/Illuminate/Routing/Route.php(269): Illuminate/Routing/ControllerDispatcher->dispatch()
#17 C:/Users/LEONARDO/Desktop/wayna/LOS-BESTIES-Wolf-tank-wayna/wayna_mercado/vendor/laravel/framework/src/Illuminate/Routing/Route.php(215): Illuminate/Routing/Route->runController()
#18 C:/Users/LEONARDO/Desktop/wayna/LOS-BESTIES-Wolf-tank-wayna/wayna_mercado/vendor/laravel/framework/src/Illuminate/Routing/Router.php(822): Illuminate/Routing/Route->run()
#19 C:/Users/LEONARDO/Desktop/wayna/LOS-BESTIES-Wolf-tank-wayna/wayna_mercado/vendor/laravel/framework/src/Illuminate/Pipeline/Pipeline.php(180): Illuminate/Routing/Router->{closure:Illuminate/Routing/Router::runRouteWithinStack():821}()
#20 C:/Users/LEONARDO/Desktop/wayna/LOS-BESTIES-Wolf-tank-wayna/wayna_mercado/vendor/laravel/boost/src/Middleware/InjectBoost.php(22): Illuminate/Pipeline/Pipeline->{closure:Illuminate/Pipeline/Pipeline::prepareDestination():178}()
#21 C:/Users/LEONARDO/Desktop/wayna/LOS-BESTIES-Wolf-tank-wayna/wayna_mercado/vendor/laravel/framework/src/Illuminate/Pipeline/Pipeline.php(219): Laravel/Boost/Middleware/InjectBoost->handle()
#22 C:/Users/LEONARDO/Desktop/wayna/LOS-BESTIES-Wolf-tank-wayna/wayna_mercado/vendor/laravel/framework/src/Illuminate/Routing/Middleware/SubstituteBindings.php(52): Illuminate/Pipeline/Pipeline->{closure:{closure:Illuminate/Pipeline/Pipeline::carry():194}:195}()
#23 C:/Users/LEONARDO/Desktop/wayna/LOS-BESTIES-Wolf-tank-wayna/wayna_mercado/vendor/laravel/framework/src/Illuminate/Pipeline/Pipeline.php(219): Illuminate/Routing/Middleware/SubstituteBindings->handle()
#24 C:/Users/LEONARDO/Desktop/wayna/LOS-BESTIES-Wolf-tank-wayna/wayna_mercado/vendor/laravel/framework/src/Illuminate/Foundation/Http/Middleware/PreventRequestForgery.php(104): Illuminate/Pipeline/Pipeline->{closure:{closure:Illuminate/Pipeline/Pipeline::carry():194}:195}()
#25 C:/Users/LEONARDO/Desktop/wayna/LOS-BESTIES-Wolf-tank-wayna/wayna_mercado/vendor/laravel/framework/src/Illuminate/Pipeline/Pipeline.php(219): Illuminate/Foundation/Http/Middleware/PreventRequestForgery->handle()
#26 C:/Users/LEONARDO/Desktop/wayna/LOS-BESTIES-Wolf-tank-wayna/wayna_mercado/vendor/laravel/framework/src/Illuminate/View/Middleware/ShareErrorsFromSession.php(48): Illuminate/Pipeline/Pipeline->{closure:{closure:Illuminate/Pipeline/Pipeline::carry():194}:195}()
#27 C:/Users/LEONARDO/Desktop/wayna/LOS-BESTIES-Wolf-tank-wayna/wayna_mercado/vendor/laravel/framework/src/Illuminate/Pipeline/Pipeline.php(219): Illuminate/View/Middleware/ShareErrorsFromSession->handle()
#28 C:/Users/LEONARDO/Desktop/wayna/LOS-BESTIES-Wolf-tank-wayna/wayna_mercado/vendor/laravel/framework/src/Illuminate/Session/Middleware/StartSession.php(120): Illuminate/Pipeline/Pipeline->{closure:{closure:Illuminate/Pipeline/Pipeline::carry():194}:195}()
#29 C:/Users/LEONARDO/Desktop/wayna/LOS-BESTIES-Wolf-tank-wayna/wayna_mercado/vendor/laravel/framework/src/Illuminate/Session/Middleware/StartSession.php(63): Illuminate/Session/Middleware/StartSession->handleStatefulRequest()
#30 C:/Users/LEONARDO/Desktop/wayna/LOS-BESTIES-Wolf-tank-wayna/wayna_mercado/vendor/laravel/framework/src/Illuminate/Pipeline/Pipeline.php(219): Illuminate/Session/Middleware/StartSession->handle()
#31 C:/Users/LEONARDO/Desktop/wayna/LOS-BESTIES-Wolf-tank-wayna/wayna_mercado/vendor/laravel/framework/src/Illuminate/Cookie/Middleware/AddQueuedCookiesToResponse.php(36): Illuminate/Pipeline/Pipeline->{closure:{closure:Illuminate/Pipeline/Pipeline::carry():194}:195}()
#32 C:/Users/LEONARDO/Desktop/wayna/LOS-BESTIES-Wolf-tank-wayna/wayna_mercado/vendor/laravel/framework/src/Illuminate/Pipeline/Pipeline.php(219): Illuminate/Cookie/Middleware/AddQueuedCookiesToResponse->handle()
#33 C:/Users/LEONARDO/Desktop/wayna/LOS-BESTIES-Wolf-tank-wayna/wayna_mercado/vendor/laravel/framework/src/Illuminate/Cookie/Middleware/EncryptCookies.php(74): Illuminate/Pipeline/Pipeline->{closure:{closure:Illuminate/Pipeline/Pipeline::carry():194}:195}()
#34 C:/Users/LEONARDO/Desktop/wayna/LOS-BESTIES-Wolf-tank-wayna/wayna_mercado/vendor/laravel/framework/src/Illuminate/Pipeline/Pipeline.php(219): Illuminate/Cookie/Middleware/EncryptCookies->handle()
#35 C:/Users/LEONARDO/Desktop/wayna/LOS-BESTIES-Wolf-tank-wayna/wayna_mercado/vendor/laravel/framework/src/Illuminate/Pipeline/Pipeline.php(137): Illuminate/Pipeline/Pipeline->{closure:{closure:Illuminate/Pipeline/Pipeline::carry():194}:195}()
#36 C:/Users/LEONARDO/Desktop/wayna/LOS-BESTIES-Wolf-tank-wayna/wayna_mercado/vendor/laravel/framework/src/Illuminate/Routing/Router.php(821): Illuminate/Pipeline/Pipeline->then()
#37 C:/Users/LEONARDO/Desktop/wayna/LOS-BESTIES-Wolf-tank-wayna/wayna_mercado/vendor/laravel/framework/src/Illuminate/Routing/Router.php(800): Illuminate/Routing/Router->runRouteWithinStack()
#38 C:/Users/LEONARDO/Desktop/wayna/LOS-BESTIES-Wolf-tank-wayna/wayna_mercado/vendor/laravel/framework/src/Illuminate/Routing/Router.php(764): Illuminate/Routing/Router->runRoute()
#39 C:/Users/LEONARDO/Desktop/wayna/LOS-BESTIES-Wolf-tank-wayna/wayna_mercado/vendor/laravel/framework/src/Illuminate/Routing/Router.php(753): Illuminate/Routing/Router->dispatchToRoute()
#40 C:/Users/LEONARDO/Desktop/wayna/LOS-BESTIES-Wolf-tank-wayna/wayna_mercado/vendor/laravel/framework/src/Illuminate/Foundation/Http/Kernel.php(200): Illuminate/Routing/Router->dispatch()
#41 C:/Users/LEONARDO/Desktop/wayna/LOS-BESTIES-Wolf-tank-wayna/wayna_mercado/vendor/laravel/framework/src/Illuminate/Pipeline/Pipeline.php(180): Illuminate/Foundation/Http/Kernel->{closure:Illuminate/Foundation/Http/Kernel::dispatchToRouter():197}()
#42 C:/Users/LEONARDO/Desktop/wayna/LOS-BESTIES-Wolf-tank-wayna/wayna_mercado/vendor/laravel/framework/src/Illuminate/Foundation/Http/Middleware/TransformsRequest.php(21): Illuminate/Pipeline/Pipeline->{closure:Illuminate/Pipeline/Pipeline::prepareDestination():178}()
#43 C:/Users/LEONARDO/Desktop/wayna/LOS-BESTIES-Wolf-tank-wayna/wayna_mercado/vendor/laravel/framework/src/Illuminate/Foundation/Http/Middleware/ConvertEmptyStringsToNull.php(31): Illuminate/Foundation/Http/Middleware/TransformsRequest->handle()
#44 C:/Users/LEONARDO/Desktop/wayna/LOS-BESTIES-Wolf-tank-wayna/wayna_mercado/vendor/laravel/framework/src/Illuminate/Pipeline/Pipeline.php(219): Illuminate/Foundation/Http/Middleware/ConvertEmptyStringsToNull->handle()
#45 C:/Users/LEONARDO/Desktop/wayna/LOS-BESTIES-Wolf-tank-wayna/wayna_mercado/vendor/laravel/framework/src/Illuminate/Foundation/Http/Middleware/TransformsRequest.php(21): Illuminate/Pipeline/Pipeline->{closure:{closure:Illuminate/Pipeline/Pipeline::carry():194}:195}()
#46 C:/Users/LEONARDO/Desktop/wayna/LOS-BESTIES-Wolf-tank-wayna/wayna_mercado/vendor/laravel/framework/src/Illuminate/Foundation/Http/Middleware/TrimStrings.php(51): Illuminate/Foundation/Http/Middleware/TransformsRequest->handle()
#47 C:/Users/LEONARDO/Desktop/wayna/LOS-BESTIES-Wolf-tank-wayna/wayna_mercado/vendor/laravel/framework/src/Illuminate/Pipeline/Pipeline.php(219): Illuminate/Foundation/Http/Middleware/TrimStrings->handle()
#48 C:/Users/LEONARDO/Desktop/wayna/LOS-BESTIES-Wolf-tank-wayna/wayna_mercado/vendor/laravel/framework/src/Illuminate/Http/Middleware/ValidatePostSize.php(27): Illuminate/Pipeline/Pipeline->{closure:{closure:Illuminate/Pipeline/Pipeline::carry():194}:195}()
#49 C:/Users/LEONARDO/Desktop/wayna/LOS-BESTIES-Wolf-tank-wayna/wayna_mercado/vendor/laravel/framework/src/Illuminate/Pipeline/Pipeline.php(219): Illuminate/Http/Middleware/ValidatePostSize->handle()
#50 C:/Users/LEONARDO/Desktop/wayna/LOS-BESTIES-Wolf-tank-wayna/wayna_mercado/vendor/laravel/framework/src/Illuminate/Foundation/Http/Middleware/PreventRequestsDuringMaintenance.php(109): Illuminate/Pipeline/Pipeline->{closure:{closure:Illuminate/Pipeline/Pipeline::carry():194}:195}()
#51 C:/Users/LEONARDO/Desktop/wayna/LOS-BESTIES-Wolf-tank-wayna/wayna_mercado/vendor/laravel/framework/src/Illuminate/Pipeline/Pipeline.php(219): Illuminate/Foundation/Http/Middleware/PreventRequestsDuringMaintenance->handle()
#52 C:/Users/LEONARDO/Desktop/wayna/LOS-BESTIES-Wolf-tank-wayna/wayna_mercado/vendor/laravel/framework/src/Illuminate/Http/Middleware/HandleCors.php(61): Illuminate/Pipeline/Pipeline->{closure:{closure:Illuminate/Pipeline/Pipeline::carry():194}:195}()
#53 C:/Users/LEONARDO/Desktop/wayna/LOS-BESTIES-Wolf-tank-wayna/wayna_mercado/vendor/laravel/framework/src/Illuminate/Pipeline/Pipeline.php(219): Illuminate/Http/Middleware/HandleCors->handle()
#54 C:/Users/LEONARDO/Desktop/wayna/LOS-BESTIES-Wolf-tank-wayna/wayna_mercado/vendor/laravel/framework/src/Illuminate/Http/Middleware/TrustProxies.php(58): Illuminate/Pipeline/Pipeline->{closure:{closure:Illuminate/Pipeline/Pipeline::carry():194}:195}()
#55 C:/Users/LEONARDO/Desktop/wayna/LOS-BESTIES-Wolf-tank-wayna/wayna_mercado/vendor/laravel/framework/src/Illuminate/Pipeline/Pipeline.php(219): Illuminate/Http/Middleware/TrustProxies->handle()
#56 C:/Users/LEONARDO/Desktop/wayna/LOS-BESTIES-Wolf-tank-wayna/wayna_mercado/vendor/laravel/framework/src/Illuminate/Foundation/Http/Middleware/InvokeDeferredCallbacks.php(22): Illuminate/Pipeline/Pipeline->{closure:{closure:Illuminate/Pipeline/Pipeline::carry():194}:195}()
#57 C:/Users/LEONARDO/Desktop/wayna/LOS-BESTIES-Wolf-tank-wayna/wayna_mercado/vendor/laravel/framework/src/Illuminate/Pipeline/Pipeline.php(219): Illuminate/Foundation/Http/Middleware/InvokeDeferredCallbacks->handle()
#58 C:/Users/LEONARDO/Desktop/wayna/LOS-BESTIES-Wolf-tank-wayna/wayna_mercado/vendor/laravel/framework/src/Illuminate/Http/Middleware/ValidatePathEncoding.php(28): Illuminate/Pipeline/Pipeline->{closure:{closure:Illuminate/Pipeline/Pipeline::carry():194}:195}()
#59 C:/Users/LEONARDO/Desktop/wayna/LOS-BESTIES-Wolf-tank-wayna/wayna_mercado/vendor/laravel/framework/src/Illuminate/Pipeline/Pipeline.php(219): Illuminate/Http/Middleware/ValidatePathEncoding->handle()
#60 C:/Users/LEONARDO/Desktop/wayna/LOS-BESTIES-Wolf-tank-wayna/wayna_mercado/vendor/laravel/framework/src/Illuminate/Pipeline/Pipeline.php(137): Illuminate/Pipeline/Pipeline->{closure:{closure:Illuminate/Pipeline/Pipeline::carry():194}:195}()
#61 C:/Users/LEONARDO/Desktop/wayna/LOS-BESTIES-Wolf-tank-wayna/wayna_mercado/vendor/laravel/framework/src/Illuminate/Foundation/Http/Kernel.php(175): Illuminate/Pipeline/Pipeline->then()
#62 C:/Users/LEONARDO/Desktop/wayna/LOS-BESTIES-Wolf-tank-wayna/wayna_mercado/vendor/laravel/framework/src/Illuminate/Foundation/Http/Kernel.php(144): Illuminate/Foundation/Http/Kernel->sendRequestThroughRouter()
#63 C:/Users/LEONARDO/Desktop/wayna/LOS-BESTIES-Wolf-tank-wayna/wayna_mercado/vendor/laravel/framework/src/Illuminate/Foundation/Application.php(1220): Illuminate/Foundation/Http/Kernel->handle()
#64 C:/Users/LEONARDO/Desktop/wayna/LOS-BESTIES-Wolf-tank-wayna/wayna_mercado/public/index.php(20): Illuminate/Foundation/Application->handleRequest()
#65 C:/Users/LEONARDO/Desktop/wayna/LOS-BESTIES-Wolf-tank-wayna/wayna_mercado/vendor/laravel/framework/src/Illuminate/Foundation/resources/server.php(23): require_once('...')
#66 {main}

[previous exception] [object] (PDOException(code: 42S22): SQLSTATE[42S22]: Column not found: 1054 Unknown column 'apellido' in 'field list' at C:/Users/LEONARDO/Desktop/wayna/LOS-BESTIES-Wolf-tank-wayna/wayna_mercado/vendor/laravel/framework/src/Illuminate/Database/MySqlConnection.php:47)
[stacktrace]
#0 C:/Users/LEONARDO/Desktop/wayna/LOS-BESTIES-Wolf-tank-wayna/wayna_mercado/vendor/laravel/framework/src/Illuminate/Database/MySqlConnection.php(47): PDO->prepare()
#1 C:/Users/LEONARDO/Desktop/wayna/LOS-BESTIES-Wolf-tank-wayna/wayna_mercado/vendor/laravel/framework/src/Illuminate/Database/Connection.php(830): Illuminate/Database/MySqlConnection->{closure:Illuminate/Database/MySqlConnection::insert():42}()
#2 C:/Users/LEONARDO/Desktop/wayna/LOS-BESTIES-Wolf-tank-wayna/wayna_mercado/vendor/laravel/framework/src/Illuminate/Database/Connection.php(797): Illuminate/Database/Connection->runQueryCallback()
#3 C:/Users/LEONARDO/Desktop/wayna/LOS-BESTIES-Wolf-tank-wayna/wayna_mercado/vendor/laravel/framework/src/Illuminate/Database/MySqlConnection.php(42): Illuminate/Database/Connection->run()
#4 C:/Users/LEONARDO/Desktop/wayna/LOS-BESTIES-Wolf-tank-wayna/wayna_mercado/vendor/laravel/framework/src/Illuminate/Database/Query/Processors/MySqlProcessor.php(35): Illuminate/Database/MySqlConnection->insert()
#5 C:/Users/LEONARDO/Desktop/wayna/LOS-BESTIES-Wolf-tank-wayna/wayna_mercado/vendor/laravel/framework/src/Illuminate/Database/Query/Builder.php(4251): Illuminate/Database/Query/Processors/MySqlProcessor->processInsertGetId()
#6 C:/Users/LEONARDO/Desktop/wayna/LOS-BESTIES-Wolf-tank-wayna/wayna_mercado/vendor/laravel/framework/src/Illuminate/Database/Eloquent/Builder.php(2271): Illuminate/Database/Query/Builder->insertGetId()
#7 C:/Users/LEONARDO/Desktop/wayna/LOS-BESTIES-Wolf-tank-wayna/wayna_mercado/vendor/laravel/framework/src/Illuminate/Database/Eloquent/Model.php(1660): Illuminate/Database/Eloquent/Builder->__call()
#8 C:/Users/LEONARDO/Desktop/wayna/LOS-BESTIES-Wolf-tank-wayna/wayna_mercado/vendor/laravel/framework/src/Illuminate/Database/Eloquent/Model.php(1576): Illuminate/Database/Eloquent/Model->insertAndSetId()
#9 C:/Users/LEONARDO/Desktop/wayna/LOS-BESTIES-Wolf-tank-wayna/wayna_mercado/vendor/laravel/framework/src/Illuminate/Database/Eloquent/Model.php(1380): Illuminate/Database/Eloquent/Model->performInsert()
#10 C:/Users/LEONARDO/Desktop/wayna/LOS-BESTIES-Wolf-tank-wayna/wayna_mercado/vendor/laravel/framework/src/Illuminate/Database/Eloquent/Builder.php(1225): Illuminate/Database/Eloquent/Model->save()
#11 C:/Users/LEONARDO/Desktop/wayna/LOS-BESTIES-Wolf-tank-wayna/wayna_mercado/vendor/laravel/framework/src/Illuminate/Support/helpers.php(393): Illuminate/Database/Eloquent/Builder->{closure:Illuminate/Database/Eloquent/Builder::create():1224}()
#12 C:/Users/LEONARDO/Desktop/wayna/LOS-BESTIES-Wolf-tank-wayna/wayna_mercado/vendor/laravel/framework/src/Illuminate/Database/Eloquent/Builder.php(1224): tap()
#13 C:/Users/LEONARDO/Desktop/wayna/LOS-BESTIES-Wolf-tank-wayna/wayna_mercado/vendor/laravel/framework/src/Illuminate/Support/Traits/ForwardsCalls.php(23): Illuminate/Database/Eloquent/Builder->create()
#14 C:/Users/LEONARDO/Desktop/wayna/LOS-BESTIES-Wolf-tank-wayna/wayna_mercado/vendor/laravel/framework/src/Illuminate/Database/Eloquent/Model.php(2807): Illuminate/Database/Eloquent/Model->forwardCallTo()
#15 C:/Users/LEONARDO/Desktop/wayna/LOS-BESTIES-Wolf-tank-wayna/wayna_mercado/vendor/laravel/framework/src/Illuminate/Database/Eloquent/Model.php(2823): Illuminate/Database/Eloquent/Model->__call()
#16 C:/Users/LEONARDO/Desktop/wayna/LOS-BESTIES-Wolf-tank-wayna/wayna_mercado/app/Http/Controllers/RegistroController.php(37): Illuminate/Database/Eloquent/Model::__callStatic()
#17 C:/Users/LEONARDO/Desktop/wayna/LOS-BESTIES-Wolf-tank-wayna/wayna_mercado/vendor/laravel/framework/src/Illuminate/Routing/ControllerDispatcher.php(46): App/Http/Controllers/RegistroController->guardar()
#18 C:/Users/LEONARDO/Desktop/wayna/LOS-BESTIES-Wolf-tank-wayna/wayna_mercado/vendor/laravel/framework/src/Illuminate/Routing/Route.php(269): Illuminate/Routing/ControllerDispatcher->dispatch()
#19 C:/Users/LEONARDO/Desktop/wayna/LOS-BESTIES-Wolf-tank-wayna/wayna_mercado/vendor/laravel/framework/src/Illuminate/Routing/Route.php(215): Illuminate/Routing/Route->runController()
#20 C:/Users/LEONARDO/Desktop/wayna/LOS-BESTIES-Wolf-tank-wayna/wayna_mercado/vendor/laravel/framework/src/Illuminate/Routing/Router.php(822): Illuminate/Routing/Route->run()
#21 C:/Users/LEONARDO/Desktop/wayna/LOS-BESTIES-Wolf-tank-wayna/wayna_mercado/vendor/laravel/framework/src/Illuminate/Pipeline/Pipeline.php(180): Illuminate/Routing/Router->{closure:Illuminate/Routing/Router::runRouteWithinStack():821}()
#22 C:/Users/LEONARDO/Desktop/wayna/LOS-BESTIES-Wolf-tank-wayna/wayna_mercado/vendor/laravel/boost/src/Middleware/InjectBoost.php(22): Illuminate/Pipeline/Pipeline->{closure:Illuminate/Pipeline/Pipeline::prepareDestination():178}()
#23 C:/Users/LEONARDO/Desktop/wayna/LOS-BESTIES-Wolf-tank-wayna/wayna_mercado/vendor/laravel/framework/src/Illuminate/Pipeline/Pipeline.php(219): Laravel/Boost/Middleware/InjectBoost->handle()
#24 C:/Users/LEONARDO/Desktop/wayna/LOS-BESTIES-Wolf-tank-wayna/wayna_mercado/vendor/laravel/framework/src/Illuminate/Routing/Middleware/SubstituteBindings.php(52): Illuminate/Pipeline/Pipeline->{closure:{closure:Illuminate/Pipeline/Pipeline::carry():194}:195}()
#25 C:/Users/LEONARDO/Desktop/wayna/LOS-BESTIES-Wolf-tank-wayna/wayna_mercado/vendor/laravel/framework/src/Illuminate/Pipeline/Pipeline.php(219): Illuminate/Routing/Middleware/SubstituteBindings->handle()
#26 C:/Users/LEONARDO/Desktop/wayna/LOS-BESTIES-Wolf-tank-wayna/wayna_mercado/vendor/laravel/framework/src/Illuminate/Foundation/Http/Middleware/PreventRequestForgery.php(104): Illuminate/Pipeline/Pipeline->{closure:{closure:Illuminate/Pipeline/Pipeline::carry():194}:195}()
#27 C:/Users/LEONARDO/Desktop/wayna/LOS-BESTIES-Wolf-tank-wayna/wayna_mercado/vendor/laravel/framework/src/Illuminate/Pipeline/Pipeline.php(219): Illuminate/Foundation/Http/Middleware/PreventRequestForgery->handle()
#28 C:/Users/LEONARDO/Desktop/wayna/LOS-BESTIES-Wolf-tank-wayna/wayna_mercado/vendor/laravel/framework/src/Illuminate/View/Middleware/ShareErrorsFromSession.php(48): Illuminate/Pipeline/Pipeline->{closure:{closure:Illuminate/Pipeline/Pipeline::carry():194}:195}()
#29 C:/Users/LEONARDO/Desktop/wayna/LOS-BESTIES-Wolf-tank-wayna/wayna_mercado/vendor/laravel/framework/src/Illuminate/Pipeline/Pipeline.php(219): Illuminate/View/Middleware/ShareErrorsFromSession->handle()
#30 C:/Users/LEONARDO/Desktop/wayna/LOS-BESTIES-Wolf-tank-wayna/wayna_mercado/vendor/laravel/framework/src/Illuminate/Session/Middleware/StartSession.php(120): Illuminate/Pipeline/Pipeline->{closure:{closure:Illuminate/Pipeline/Pipeline::carry():194}:195}()
#31 C:/Users/LEONARDO/Desktop/wayna/LOS-BESTIES-Wolf-tank-wayna/wayna_mercado/vendor/laravel/framework/src/Illuminate/Session/Middleware/StartSession.php(63): Illuminate/Session/Middleware/StartSession->handleStatefulRequest()
#32 C:/Users/LEONARDO/Desktop/wayna/LOS-BESTIES-Wolf-tank-wayna/wayna_mercado/vendor/laravel/framework/src/Illuminate/Pipeline/Pipeline.php(219): Illuminate/Session/Middleware/StartSession->handle()
#33 C:/Users/LEONARDO/Desktop/wayna/LOS-BESTIES-Wolf-tank-wayna/wayna_mercado/vendor/laravel/framework/src/Illuminate/Cookie/Middleware/AddQueuedCookiesToResponse.php(36): Illuminate/Pipeline/Pipeline->{closure:{closure:Illuminate/Pipeline/Pipeline::carry():194}:195}()
#34 C:/Users/LEONARDO/Desktop/wayna/LOS-BESTIES-Wolf-tank-wayna/wayna_mercado/vendor/laravel/framework/src/Illuminate/Pipeline/Pipeline.php(219): Illuminate/Cookie/Middleware/AddQueuedCookiesToResponse->handle()
#35 C:/Users/LEONARDO/Desktop/wayna/LOS-BESTIES-Wolf-tank-wayna/wayna_mercado/vendor/laravel/framework/src/Illuminate/Cookie/Middleware/EncryptCookies.php(74): Illuminate/Pipeline/Pipeline->{closure:{closure:Illuminate/Pipeline/Pipeline::carry():194}:195}()
#36 C:/Users/LEONARDO/Desktop/wayna/LOS-BESTIES-Wolf-tank-wayna/wayna_mercado/vendor/laravel/framework/src/Illuminate/Pipeline/Pipeline.php(219): Illuminate/Cookie/Middleware/EncryptCookies->handle()
#37 C:/Users/LEONARDO/Desktop/wayna/LOS-BESTIES-Wolf-tank-wayna/wayna_mercado/vendor/laravel/framework/src/Illuminate/Pipeline/Pipeline.php(137): Illuminate/Pipeline/Pipeline->{closure:{closure:Illuminate/Pipeline/Pipeline::carry():194}:195}()
#38 C:/Users/LEONARDO/Desktop/wayna/LOS-BESTIES-Wolf-tank-wayna/wayna_mercado/vendor/laravel/framework/src/Illuminate/Routing/Router.php(821): Illuminate/Pipeline/Pipeline->then()
#39 C:/Users/LEONARDO/Desktop/wayna/LOS-BESTIES-Wolf-tank-wayna/wayna_mercado/vendor/laravel/framework/src/Illuminate/Routing/Router.php(800): Illuminate/Routing/Router->runRouteWithinStack()
#40 C:/Users/LEONARDO/Desktop/wayna/LOS-BESTIES-Wolf-tank-wayna/wayna_mercado/vendor/laravel/framework/src/Illuminate/Routing/Router.php(764): Illuminate/Routing/Router->runRoute()
#41 C:/Users/LEONARDO/Desktop/wayna/LOS-BESTIES-Wolf-tank-wayna/wayna_mercado/vendor/laravel/framework/src/Illuminate/Routing/Router.php(753): Illuminate/Routing/Router->dispatchToRoute()
#42 C:/Users/LEONARDO/Desktop/wayna/LOS-BESTIES-Wolf-tank-wayna/wayna_mercado/vendor/laravel/framework/src/Illuminate/Foundation/Http/Kernel.php(200): Illuminate/Routing/Router->dispatch()
#43 C:/Users/LEONARDO/Desktop/wayna/LOS-BESTIES-Wolf-tank-wayna/wayna_mercado/vendor/laravel/framework/src/Illuminate/Pipeline/Pipeline.php(180): Illuminate/Foundation/Http/Kernel->{closure:Illuminate/Foundation/Http/Kernel::dispatchToRouter():197}()
#44 C:/Users/LEONARDO/Desktop/wayna/LOS-BESTIES-Wolf-tank-wayna/wayna_mercado/vendor/laravel/framework/src/Illuminate/Foundation/Http/Middleware/TransformsRequest.php(21): Illuminate/Pipeline/Pipeline->{closure:Illuminate/Pipeline/Pipeline::prepareDestination():178}()
#45 C:/Users/LEONARDO/Desktop/wayna/LOS-BESTIES-Wolf-tank-wayna/wayna_mercado/vendor/laravel/framework/src/Illuminate/Foundation/Http/Middleware/ConvertEmptyStringsToNull.php(31): Illuminate/Foundation/Http/Middleware/TransformsRequest->handle()
#46 C:/Users/LEONARDO/Desktop/wayna/LOS-BESTIES-Wolf-tank-wayna/wayna_mercado/vendor/laravel/framework/src/Illuminate/Pipeline/Pipeline.php(219): Illuminate/Foundation/Http/Middleware/ConvertEmptyStringsToNull->handle()
#47 C:/Users/LEONARDO/Desktop/wayna/LOS-BESTIES-Wolf-tank-wayna/wayna_mercado/vendor/laravel/framework/src/Illuminate/Foundation/Http/Middleware/TransformsRequest.php(21): Illuminate/Pipeline/Pipeline->{closure:{closure:Illuminate/Pipeline/Pipeline::carry():194}:195}()
#48 C:/Users/LEONARDO/Desktop/wayna/LOS-BESTIES-Wolf-tank-wayna/wayna_mercado/vendor/laravel/framework/src/Illuminate/Foundation/Http/Middleware/TrimStrings.php(51): Illuminate/Foundation/Http/Middleware/TransformsRequest->handle()
#49 C:/Users/LEONARDO/Desktop/wayna/LOS-BESTIES-Wolf-tank-wayna/wayna_mercado/vendor/laravel/framework/src/Illuminate/Pipeline/Pipeline.php(219): Illuminate/Foundation/Http/Middleware/TrimStrings->handle()
#50 C:/Users/LEONARDO/Desktop/wayna/LOS-BESTIES-Wolf-tank-wayna/wayna_mercado/vendor/laravel/framework/src/Illuminate/Http/Middleware/ValidatePostSize.php(27): Illuminate/Pipeline/Pipeline->{closure:{closure:Illuminate/Pipeline/Pipeline::carry():194}:195}()
#51 C:/Users/LEONARDO/Desktop/wayna/LOS-BESTIES-Wolf-tank-wayna/wayna_mercado/vendor/laravel/framework/src/Illuminate/Pipeline/Pipeline.php(219): Illuminate/Http/Middleware/ValidatePostSize->handle()
#52 C:/Users/LEONARDO/Desktop/wayna/LOS-BESTIES-Wolf-tank-wayna/wayna_mercado/vendor/laravel/framework/src/Illuminate/Foundation/Http/Middleware/PreventRequestsDuringMaintenance.php(109): Illuminate/Pipeline/Pipeline->{closure:{closure:Illuminate/Pipeline/Pipeline::carry():194}:195}()
#53 C:/Users/LEONARDO/Desktop/wayna/LOS-BESTIES-Wolf-tank-wayna/wayna_mercado/vendor/laravel/framework/src/Illuminate/Pipeline/Pipeline.php(219): Illuminate/Foundation/Http/Middleware/PreventRequestsDuringMaintenance->handle()
#54 C:/Users/LEONARDO/Desktop/wayna/LOS-BESTIES-Wolf-tank-wayna/wayna_mercado/vendor/laravel/framework/src/Illuminate/Http/Middleware/HandleCors.php(61): Illuminate/Pipeline/Pipeline->{closure:{closure:Illuminate/Pipeline/Pipeline::carry():194}:195}()
#55 C:/Users/LEONARDO/Desktop/wayna/LOS-BESTIES-Wolf-tank-wayna/wayna_mercado/vendor/laravel/framework/src/Illuminate/Pipeline/Pipeline.php(219): Illuminate/Http/Middleware/HandleCors->handle()
#56 C:/Users/LEONARDO/Desktop/wayna/LOS-BESTIES-Wolf-tank-wayna/wayna_mercado/vendor/laravel/framework/src/Illuminate/Http/Middleware/TrustProxies.php(58): Illuminate/Pipeline/Pipeline->{closure:{closure:Illuminate/Pipeline/Pipeline::carry():194}:195}()
#57 C:/Users/LEONARDO/Desktop/wayna/LOS-BESTIES-Wolf-tank-wayna/wayna_mercado/vendor/laravel/framework/src/Illuminate/Pipeline/Pipeline.php(219): Illuminate/Http/Middleware/TrustProxies->handle()
#58 C:/Users/LEONARDO/Desktop/wayna/LOS-BESTIES-Wolf-tank-wayna/wayna_mercado/vendor/laravel/framework/src/Illuminate/Foundation/Http/Middleware/InvokeDeferredCallbacks.php(22): Illuminate/Pipeline/Pipeline->{closure:{closure:Illuminate/Pipeline/Pipeline::carry():194}:195}()
#59 C:/Users/LEONARDO/Desktop/wayna/LOS-BESTIES-Wolf-tank-wayna/wayna_mercado/vendor/laravel/framework/src/Illuminate/Pipeline/Pipeline.php(219): Illuminate/Foundation/Http/Middleware/InvokeDeferredCallbacks->handle()
#60 C:/Users/LEONARDO/Desktop/wayna/LOS-BESTIES-Wolf-tank-wayna/wayna_mercado/vendor/laravel/framework/src/Illuminate/Http/Middleware/ValidatePathEncoding.php(28): Illuminate/Pipeline/Pipeline->{closure:{closure:Illuminate/Pipeline/Pipeline::carry():194}:195}()
#61 C:/Users/LEONARDO/Desktop/wayna/LOS-BESTIES-Wolf-tank-wayna/wayna_mercado/vendor/laravel/framework/src/Illuminate/Pipeline/Pipeline.php(219): Illuminate/Http/Middleware/ValidatePathEncoding->handle()
#62 C:/Users/LEONARDO/Desktop/wayna/LOS-BESTIES-Wolf-tank-wayna/wayna_mercado/vendor/laravel/framework/src/Illuminate/Pipeline/Pipeline.php(137): Illuminate/Pipeline/Pipeline->{closure:{closure:Illuminate/Pipeline/Pipeline::carry():194}:195}()
#63 C:/Users/LEONARDO/Desktop/wayna/LOS-BESTIES-Wolf-tank-wayna/wayna_mercado/vendor/laravel/framework/src/Illuminate/Foundation/Http/Kernel.php(175): Illuminate/Pipeline/Pipeline->then()
#64 C:/Users/LEONARDO/Desktop/wayna/LOS-BESTIES-Wolf-tank-wayna/wayna_mercado/vendor/laravel/framework/src/Illuminate/Foundation/Http/Kernel.php(144): Illuminate/Foundation/Http/Kernel->sendRequestThroughRouter()
#65 C:/Users/LEONARDO/Desktop/wayna/LOS-BESTIES-Wolf-tank-wayna/wayna_mercado/vendor/laravel/framework/src/Illuminate/Foundation/Application.php(1220): Illuminate/Foundation/Http/Kernel->handle()
#66 C:/Users/LEONARDO/Desktop/wayna/LOS-BESTIES-Wolf-tank-wayna/wayna_mercado/public/index.php(20): Illuminate/Foundation/Application->handleRequest()
#67 C:/Users/LEONARDO/Desktop/wayna/LOS-BESTIES-Wolf-tank-wayna/wayna_mercado/vendor/laravel/framework/src/Illuminate/Foundation/resources/server.php(23): require_once('...')
#68 {main}
"} 
[2026-05-16 14:18:39] local.ERROR: Command "view:clear'" is not defined.

Did you mean one of these?
    cache:clear
    config:clear
    event:clear
    optimize:clear
    queue:clear
    route:clear
    view:cache
    view:clear {"exception":"[object] (Symfony\\Component\\Console\\Exception\\CommandNotFoundException(code: 0): Command \"view:clear'\" is not defined.

Did you mean one of these?
    cache:clear
    config:clear
    event:clear
    optimize:clear
    queue:clear
    route:clear
    view:cache
    view:clear at C:/Users/LEONARDO/Desktop/wayna/LOS-BESTIES-Wolf-tank-wayna/wayna_mercado/vendor/symfony/console/Application.php:749)
[stacktrace]
#0 C:/Users/LEONARDO/Desktop/wayna/LOS-BESTIES-Wolf-tank-wayna/wayna_mercado/vendor/symfony/console/Application.php(298): Symfony/Component/Console/Application->find()
#1 C:/Users/LEONARDO/Desktop/wayna/LOS-BESTIES-Wolf-tank-wayna/wayna_mercado/vendor/symfony/console/Application.php(195): Symfony/Component/Console/Application->doRun()
#2 C:/Users/LEONARDO/Desktop/wayna/LOS-BESTIES-Wolf-tank-wayna/wayna_mercado/vendor/laravel/framework/src/Illuminate/Foundation/Console/Kernel.php(198): Symfony/Component/Console/Application->run()
#3 C:/Users/LEONARDO/Desktop/wayna/LOS-BESTIES-Wolf-tank-wayna/wayna_mercado/vendor/laravel/framework/src/Illuminate/Foundation/Application.php(1235): Illuminate/Foundation/Console/Kernel->handle()
#4 C:/Users/LEONARDO/Desktop/wayna/LOS-BESTIES-Wolf-tank-wayna/wayna_mercado/artisan(16): Illuminate/Foundation/Application->handleCommand()
#5 {main}
"} 
[2026-05-16 15:10:13] local.ERROR: SQLSTATE[42000]: Syntax error or access violation: 1064 You have an error in your SQL syntax; check the manual that corresponds to your MariaDB server version for the right syntax to use near '' LIMIT 20' at line 1 (Connection: mysql, Host: 127.0.0.1, Port: 3306, Database: wayna_mercado, SQL: SELECT id_producto, imagen_principal FROM productos WHERE imagen_principal IS NOT NULL AND imagen_principal != ' LIMIT 20) {"exception":"[object] (Illuminate\\Database\\QueryException(code: 42000): SQLSTATE[42000]: Syntax error or access violation: 1064 You have an error in your SQL syntax; check the manual that corresponds to your MariaDB server version for the right syntax to use near '' LIMIT 20' at line 1 (Connection: mysql, Host: 127.0.0.1, Port: 3306, Database: wayna_mercado, SQL: SELECT id_producto, imagen_principal FROM productos WHERE imagen_principal IS NOT NULL AND imagen_principal != ' LIMIT 20) at C:/Users/LEONARDO/Desktop/wayna/LOS-BESTIES-Wolf-tank-wayna/wayna_mercado/vendor/laravel/framework/src/Illuminate/Database/Connection.php:841)
[stacktrace]
#0 C:/Users/LEONARDO/Desktop/wayna/LOS-BESTIES-Wolf-tank-wayna/wayna_mercado/vendor/laravel/framework/src/Illuminate/Database/Connection.php(797): Illuminate/Database/Connection->runQueryCallback()
#1 C:/Users/LEONARDO/Desktop/wayna/LOS-BESTIES-Wolf-tank-wayna/wayna_mercado/vendor/laravel/framework/src/Illuminate/Database/Connection.php(412): Illuminate/Database/Connection->run()
#2 C:/Users/LEONARDO/Desktop/wayna/LOS-BESTIES-Wolf-tank-wayna/wayna_mercado/vendor/laravel/framework/src/Illuminate/Database/DatabaseManager.php(496): Illuminate/Database/Connection->select()
#3 C:/Users/LEONARDO/Desktop/wayna/LOS-BESTIES-Wolf-tank-wayna/wayna_mercado/vendor/laravel/framework/src/Illuminate/Support/Facades/Facade.php(363): Illuminate/Database/DatabaseManager->__call()
#4 C:/Users/LEONARDO/Desktop/wayna/LOS-BESTIES-Wolf-tank-wayna/wayna_mercado/temp-img-check.php(1): Illuminate/Support/Facades/Facade::__callStatic()
#5 {main}

[previous exception] [object] (PDOException(code: 42000): SQLSTATE[42000]: Syntax error or access violation: 1064 You have an error in your SQL syntax; check the manual that corresponds to your MariaDB server version for the right syntax to use near '' LIMIT 20' at line 1 at C:/Users/LEONARDO/Desktop/wayna/LOS-BESTIES-Wolf-tank-wayna/wayna_mercado/vendor/laravel/framework/src/Illuminate/Database/Connection.php:421)
[stacktrace]
#0 C:/Users/LEONARDO/Desktop/wayna/LOS-BESTIES-Wolf-tank-wayna/wayna_mercado/vendor/laravel/framework/src/Illuminate/Database/Connection.php(421): PDO->prepare()
#1 C:/Users/LEONARDO/Desktop/wayna/LOS-BESTIES-Wolf-tank-wayna/wayna_mercado/vendor/laravel/framework/src/Illuminate/Database/Connection.php(830): Illuminate/Database/Connection->{closure:Illuminate/Database/Connection::select():412}()
#2 C:/Users/LEONARDO/Desktop/wayna/LOS-BESTIES-Wolf-tank-wayna/wayna_mercado/vendor/laravel/framework/src/Illuminate/Database/Connection.php(797): Illuminate/Database/Connection->runQueryCallback()
#3 C:/Users/LEONARDO/Desktop/wayna/LOS-BESTIES-Wolf-tank-wayna/wayna_mercado/vendor/laravel/framework/src/Illuminate/Database/Connection.php(412): Illuminate/Database/Connection->run()
#4 C:/Users/LEONARDO/Desktop/wayna/LOS-BESTIES-Wolf-tank-wayna/wayna_mercado/vendor/laravel/framework/src/Illuminate/Database/DatabaseManager.php(496): Illuminate/Database/Connection->select()
#5 C:/Users/LEONARDO/Desktop/wayna/LOS-BESTIES-Wolf-tank-wayna/wayna_mercado/vendor/laravel/framework/src/Illuminate/Support/Facades/Facade.php(363): Illuminate/Database/DatabaseManager->__call()
#6 C:/Users/LEONARDO/Desktop/wayna/LOS-BESTIES-Wolf-tank-wayna/wayna_mercado/temp-img-check.php(1): Illuminate/Support/Facades/Facade::__callStatic()
#7 {main}
"} 
[2026-05-16 19:35:29] local.ERROR: SQLSTATE[23000]: Integrity constraint violation: 1452 Cannot add or update a child row: a foreign key constraint fails (`wayna_mercado`.`donaciones`, CONSTRAINT `donaciones_ibfk_1` FOREIGN KEY (`id_cliente`) REFERENCES `clientes` (`id_cliente`) ON DELETE CASCADE) (Connection: mysql, Host: 127.0.0.1, Port: 3306, Database: wayna_mercado, SQL: insert into `donaciones` (`id_cliente`, `id_emprendedor`, `monto`, `mensaje_apoyo`, `estado`, `fecha_donacion`) values (7, 6, 10444444, ?, confirmada, 2026-05-16 19:35:29)) {"userId":7,"exception":"[object] (Illuminate\\Database\\QueryException(code: 23000): SQLSTATE[23000]: Integrity constraint violation: 1452 Cannot add or update a child row: a foreign key constraint fails (`wayna_mercado`.`donaciones`, CONSTRAINT `donaciones_ibfk_1` FOREIGN KEY (`id_cliente`) REFERENCES `clientes` (`id_cliente`) ON DELETE CASCADE) (Connection: mysql, Host: 127.0.0.1, Port: 3306, Database: wayna_mercado, SQL: insert into `donaciones` (`id_cliente`, `id_emprendedor`, `monto`, `mensaje_apoyo`, `estado`, `fecha_donacion`) values (7, 6, 10444444, ?, confirmada, 2026-05-16 19:35:29)) at C:/Users/LEONARDO/Desktop/wayna/LOS-BESTIES-Wolf-tank-wayna/wayna_mercado/vendor/laravel/framework/src/Illuminate/Database/Connection.php:841)
[stacktrace]
#0 C:/Users/LEONARDO/Desktop/wayna/LOS-BESTIES-Wolf-tank-wayna/wayna_mercado/vendor/laravel/framework/src/Illuminate/Database/Connection.php(797): Illuminate/Database/Connection->runQueryCallback()
#1 C:/Users/LEONARDO/Desktop/wayna/LOS-BESTIES-Wolf-tank-wayna/wayna_mercado/vendor/laravel/framework/src/Illuminate/Database/MySqlConnection.php(42): Illuminate/Database/Connection->run()
#2 C:/Users/LEONARDO/Desktop/wayna/LOS-BESTIES-Wolf-tank-wayna/wayna_mercado/vendor/laravel/framework/src/Illuminate/Database/Query/Processors/MySqlProcessor.php(35): Illuminate/Database/MySqlConnection->insert()
#3 C:/Users/LEONARDO/Desktop/wayna/LOS-BESTIES-Wolf-tank-wayna/wayna_mercado/vendor/laravel/framework/src/Illuminate/Database/Query/Builder.php(4251): Illuminate/Database/Query/Processors/MySqlProcessor->processInsertGetId()
#4 C:/Users/LEONARDO/Desktop/wayna/LOS-BESTIES-Wolf-tank-wayna/wayna_mercado/vendor/laravel/framework/src/Illuminate/Database/Eloquent/Builder.php(2271): Illuminate/Database/Query/Builder->insertGetId()
#5 C:/Users/LEONARDO/Desktop/wayna/LOS-BESTIES-Wolf-tank-wayna/wayna_mercado/vendor/laravel/framework/src/Illuminate/Database/Eloquent/Model.php(1660): Illuminate/Database/Eloquent/Builder->__call()
#6 C:/Users/LEONARDO/Desktop/wayna/LOS-BESTIES-Wolf-tank-wayna/wayna_mercado/vendor/laravel/framework/src/Illuminate/Database/Eloquent/Model.php(1576): Illuminate/Database/Eloquent/Model->insertAndSetId()
#7 C:/Users/LEONARDO/Desktop/wayna/LOS-BESTIES-Wolf-tank-wayna/wayna_mercado/vendor/laravel/framework/src/Illuminate/Database/Eloquent/Model.php(1380): Illuminate/Database/Eloquent/Model->performInsert()
#8 C:/Users/LEONARDO/Desktop/wayna/LOS-BESTIES-Wolf-tank-wayna/wayna_mercado/vendor/laravel/framework/src/Illuminate/Database/Eloquent/Builder.php(1225): Illuminate/Database/Eloquent/Model->save()
#9 C:/Users/LEONARDO/Desktop/wayna/LOS-BESTIES-Wolf-tank-wayna/wayna_mercado/vendor/laravel/framework/src/Illuminate/Support/helpers.php(393): Illuminate/Database/Eloquent/Builder->{closure:Illuminate/Database/Eloquent/Builder::create():1224}()
#10 C:/Users/LEONARDO/Desktop/wayna/LOS-BESTIES-Wolf-tank-wayna/wayna_mercado/vendor/laravel/framework/src/Illuminate/Database/Eloquent/Builder.php(1224): tap()
#11 C:/Users/LEONARDO/Desktop/wayna/LOS-BESTIES-Wolf-tank-wayna/wayna_mercado/vendor/laravel/framework/src/Illuminate/Support/Traits/ForwardsCalls.php(23): Illuminate/Database/Eloquent/Builder->create()
#12 C:/Users/LEONARDO/Desktop/wayna/LOS-BESTIES-Wolf-tank-wayna/wayna_mercado/vendor/laravel/framework/src/Illuminate/Database/Eloquent/Model.php(2807): Illuminate/Database/Eloquent/Model->forwardCallTo()
#13 C:/Users/LEONARDO/Desktop/wayna/LOS-BESTIES-Wolf-tank-wayna/wayna_mercado/vendor/laravel/framework/src/Illuminate/Database/Eloquent/Model.php(2823): Illuminate/Database/Eloquent/Model->__call()
#14 C:/Users/LEONARDO/Desktop/wayna/LOS-BESTIES-Wolf-tank-wayna/wayna_mercado/app/Http/Controllers/TransactionController.php(129): Illuminate/Database/Eloquent/Model::__callStatic()
#15 C:/Users/LEONARDO/Desktop/wayna/LOS-BESTIES-Wolf-tank-wayna/wayna_mercado/vendor/laravel/framework/src/Illuminate/Routing/ControllerDispatcher.php(46): App/Http/Controllers/TransactionController->donate()
#16 C:/Users/LEONARDO/Desktop/wayna/LOS-BESTIES-Wolf-tank-wayna/wayna_mercado/vendor/laravel/framework/src/Illuminate/Routing/Route.php(269): Illuminate/Routing/ControllerDispatcher->dispatch()
#17 C:/Users/LEONARDO/Desktop/wayna/LOS-BESTIES-Wolf-tank-wayna/wayna_mercado/vendor/laravel/framework/src/Illuminate/Routing/Route.php(215): Illuminate/Routing/Route->runController()
#18 C:/Users/LEONARDO/Desktop/wayna/LOS-BESTIES-Wolf-tank-wayna/wayna_mercado/vendor/laravel/framework/src/Illuminate/Routing/Router.php(822): Illuminate/Routing/Route->run()
#19 C:/Users/LEONARDO/Desktop/wayna/LOS-BESTIES-Wolf-tank-wayna/wayna_mercado/vendor/laravel/framework/src/Illuminate/Pipeline/Pipeline.php(180): Illuminate/Routing/Router->{closure:Illuminate/Routing/Router::runRouteWithinStack():821}()
#20 C:/Users/LEONARDO/Desktop/wayna/LOS-BESTIES-Wolf-tank-wayna/wayna_mercado/vendor/laravel/boost/src/Middleware/InjectBoost.php(22): Illuminate/Pipeline/Pipeline->{closure:Illuminate/Pipeline/Pipeline::prepareDestination():178}()
#21 C:/Users/LEONARDO/Desktop/wayna/LOS-BESTIES-Wolf-tank-wayna/wayna_mercado/vendor/laravel/framework/src/Illuminate/Pipeline/Pipeline.php(219): Laravel/Boost/Middleware/InjectBoost->handle()
#22 C:/Users/LEONARDO/Desktop/wayna/LOS-BESTIES-Wolf-tank-wayna/wayna_mercado/vendor/laravel/framework/src/Illuminate/Routing/Middleware/SubstituteBindings.php(52): Illuminate/Pipeline/Pipeline->{closure:{closure:Illuminate/Pipeline/Pipeline::carry():194}:195}()
#23 C:/Users/LEONARDO/Desktop/wayna/LOS-BESTIES-Wolf-tank-wayna/wayna_mercado/vendor/laravel/framework/src/Illuminate/Pipeline/Pipeline.php(219): Illuminate/Routing/Middleware/SubstituteBindings->handle()
#24 C:/Users/LEONARDO/Desktop/wayna/LOS-BESTIES-Wolf-tank-wayna/wayna_mercado/vendor/laravel/framework/src/Illuminate/Auth/Middleware/Authenticate.php(63): Illuminate/Pipeline/Pipeline->{closure:{closure:Illuminate/Pipeline/Pipeline::carry():194}:195}()
#25 C:/Users/LEONARDO/Desktop/wayna/LOS-BESTIES-Wolf-tank-wayna/wayna_mercado/vendor/laravel/framework/src/Illuminate/Pipeline/Pipeline.php(219): Illuminate/Auth/Middleware/Authenticate->handle()
#26 C:/Users/LEONARDO/Desktop/wayna/LOS-BESTIES-Wolf-tank-wayna/wayna_mercado/vendor/laravel/framework/src/Illuminate/Foundation/Http/Middleware/PreventRequestForgery.php(104): Illuminate/Pipeline/Pipeline->{closure:{closure:Illuminate/Pipeline/Pipeline::carry():194}:195}()
#27 C:/Users/LEONARDO/Desktop/wayna/LOS-BESTIES-Wolf-tank-wayna/wayna_mercado/vendor/laravel/framework/src/Illuminate/Pipeline/Pipeline.php(219): Illuminate/Foundation/Http/Middleware/PreventRequestForgery->handle()
#28 C:/Users/LEONARDO/Desktop/wayna/LOS-BESTIES-Wolf-tank-wayna/wayna_mercado/vendor/laravel/framework/src/Illuminate/View/Middleware/ShareErrorsFromSession.php(48): Illuminate/Pipeline/Pipeline->{closure:{closure:Illuminate/Pipeline/Pipeline::carry():194}:195}()
#29 C:/Users/LEONARDO/Desktop/wayna/LOS-BESTIES-Wolf-tank-wayna/wayna_mercado/vendor/laravel/framework/src/Illuminate/Pipeline/Pipeline.php(219): Illuminate/View/Middleware/ShareErrorsFromSession->handle()
#30 C:/Users/LEONARDO/Desktop/wayna/LOS-BESTIES-Wolf-tank-wayna/wayna_mercado/vendor/laravel/framework/src/Illuminate/Session/Middleware/StartSession.php(120): Illuminate/Pipeline/Pipeline->{closure:{closure:Illuminate/Pipeline/Pipeline::carry():194}:195}()
#31 C:/Users/LEONARDO/Desktop/wayna/LOS-BESTIES-Wolf-tank-wayna/wayna_mercado/vendor/laravel/framework/src/Illuminate/Session/Middleware/StartSession.php(63): Illuminate/Session/Middleware/StartSession->handleStatefulRequest()
#32 C:/Users/LEONARDO/Desktop/wayna/LOS-BESTIES-Wolf-tank-wayna/wayna_mercado/vendor/laravel/framework/src/Illuminate/Pipeline/Pipeline.php(219): Illuminate/Session/Middleware/StartSession->handle()
#33 C:/Users/LEONARDO/Desktop/wayna/LOS-BESTIES-Wolf-tank-wayna/wayna_mercado/vendor/laravel/framework/src/Illuminate/Cookie/Middleware/AddQueuedCookiesToResponse.php(36): Illuminate/Pipeline/Pipeline->{closure:{closure:Illuminate/Pipeline/Pipeline::carry():194}:195}()
#34 C:/Users/LEONARDO/Desktop/wayna/LOS-BESTIES-Wolf-tank-wayna/wayna_mercado/vendor/laravel/framework/src/Illuminate/Pipeline/Pipeline.php(219): Illuminate/Cookie/Middleware/AddQueuedCookiesToResponse->handle()
#35 C:/Users/LEONARDO/Desktop/wayna/LOS-BESTIES-Wolf-tank-wayna/wayna_mercado/vendor/laravel/framework/src/Illuminate/Cookie/Middleware/EncryptCookies.php(74): Illuminate/Pipeline/Pipeline->{closure:{closure:Illuminate/Pipeline/Pipeline::carry():194}:195}()
#36 C:/Users/LEONARDO/Desktop/wayna/LOS-BESTIES-Wolf-tank-wayna/wayna_mercado/vendor/laravel/framework/src/Illuminate/Pipeline/Pipeline.php(219): Illuminate/Cookie/Middleware/EncryptCookies->handle()
#37 C:/Users/LEONARDO/Desktop/wayna/LOS-BESTIES-Wolf-tank-wayna/wayna_mercado/vendor/laravel/framework/src/Illuminate/Pipeline/Pipeline.php(137): Illuminate/Pipeline/Pipeline->{closure:{closure:Illuminate/Pipeline/Pipeline::carry():194}:195}()
#38 C:/Users/LEONARDO/Desktop/wayna/LOS-BESTIES-Wolf-tank-wayna/wayna_mercado/vendor/laravel/framework/src/Illuminate/Routing/Router.php(821): Illuminate/Pipeline/Pipeline->then()
#39 C:/Users/LEONARDO/Desktop/wayna/LOS-BESTIES-Wolf-tank-wayna/wayna_mercado/vendor/laravel/framework/src/Illuminate/Routing/Router.php(800): Illuminate/Routing/Router->runRouteWithinStack()
#40 C:/Users/LEONARDO/Desktop/wayna/LOS-BESTIES-Wolf-tank-wayna/wayna_mercado/vendor/laravel/framework/src/Illuminate/Routing/Router.php(764): Illuminate/Routing/Router->runRoute()
#41 C:/Users/LEONARDO/Desktop/wayna/LOS-BESTIES-Wolf-tank-wayna/wayna_mercado/vendor/laravel/framework/src/Illuminate/Routing/Router.php(753): Illuminate/Routing/Router->dispatchToRoute()
#42 C:/Users/LEONARDO/Desktop/wayna/LOS-BESTIES-Wolf-tank-wayna/wayna_mercado/vendor/laravel/framework/src/Illuminate/Foundation/Http/Kernel.php(200): Illuminate/Routing/Router->dispatch()
#43 C:/Users/LEONARDO/Desktop/wayna/LOS-BESTIES-Wolf-tank-wayna/wayna_mercado/vendor/laravel/framework/src/Illuminate/Pipeline/Pipeline.php(180): Illuminate/Foundation/Http/Kernel->{closure:Illuminate/Foundation/Http/Kernel::dispatchToRouter():197}()
#44 C:/Users/LEONARDO/Desktop/wayna/LOS-BESTIES-Wolf-tank-wayna/wayna_mercado/vendor/laravel/framework/src/Illuminate/Foundation/Http/Middleware/TransformsRequest.php(21): Illuminate/Pipeline/Pipeline->{closure:Illuminate/Pipeline/Pipeline::prepareDestination():178}()
#45 C:/Users/LEONARDO/Desktop/wayna/LOS-BESTIES-Wolf-tank-wayna/wayna_mercado/vendor/laravel/framework/src/Illuminate/Foundation/Http/Middleware/ConvertEmptyStringsToNull.php(31): Illuminate/Foundation/Http/Middleware/TransformsRequest->handle()
#46 C:/Users/LEONARDO/Desktop/wayna/LOS-BESTIES-Wolf-tank-wayna/wayna_mercado/vendor/laravel/framework/src/Illuminate/Pipeline/Pipeline.php(219): Illuminate/Foundation/Http/Middleware/ConvertEmptyStringsToNull->handle()
#47 C:/Users/LEONARDO/Desktop/wayna/LOS-BESTIES-Wolf-tank-wayna/wayna_mercado/vendor/laravel/framework/src/Illuminate/Foundation/Http/Middleware/TransformsRequest.php(21): Illuminate/Pipeline/Pipeline->{closure:{closure:Illuminate/Pipeline/Pipeline::carry():194}:195}()
#48 C:/Users/LEONARDO/Desktop/wayna/LOS-BESTIES-Wolf-tank-wayna/wayna_mercado/vendor/laravel/framework/src/Illuminate/Foundation/Http/Middleware/TrimStrings.php(51): Illuminate/Foundation/Http/Middleware/TransformsRequest->handle()
#49 C:/Users/LEONARDO/Desktop/wayna/LOS-BESTIES-Wolf-tank-wayna/wayna_mercado/vendor/laravel/framework/src/Illuminate/Pipeline/Pipeline.php(219): Illuminate/Foundation/Http/Middleware/TrimStrings->handle()
#50 C:/Users/LEONARDO/Desktop/wayna/LOS-BESTIES-Wolf-tank-wayna/wayna_mercado/vendor/laravel/framework/src/Illuminate/Http/Middleware/ValidatePostSize.php(27): Illuminate/Pipeline/Pipeline->{closure:{closure:Illuminate/Pipeline/Pipeline::carry():194}:195}()
#51 C:/Users/LEONARDO/Desktop/wayna/LOS-BESTIES-Wolf-tank-wayna/wayna_mercado/vendor/laravel/framework/src/Illuminate/Pipeline/Pipeline.php(219): Illuminate/Http/Middleware/ValidatePostSize->handle()
#52 C:/Users/LEONARDO/Desktop/wayna/LOS-BESTIES-Wolf-tank-wayna/wayna_mercado/vendor/laravel/framework/src/Illuminate/Foundation/Http/Middleware/PreventRequestsDuringMaintenance.php(109): Illuminate/Pipeline/Pipeline->{closure:{closure:Illuminate/Pipeline/Pipeline::carry():194}:195}()
#53 C:/Users/LEONARDO/Desktop/wayna/LOS-BESTIES-Wolf-tank-wayna/wayna_mercado/vendor/laravel/framework/src/Illuminate/Pipeline/Pipeline.php(219): Illuminate/Foundation/Http/Middleware/PreventRequestsDuringMaintenance->handle()
#54 C:/Users/LEONARDO/Desktop/wayna/LOS-BESTIES-Wolf-tank-wayna/wayna_mercado/vendor/laravel/framework/src/Illuminate/Http/Middleware/HandleCors.php(61): Illuminate/Pipeline/Pipeline->{closure:{closure:Illuminate/Pipeline/Pipeline::carry():194}:195}()
#55 C:/Users/LEONARDO/Desktop/wayna/LOS-BESTIES-Wolf-tank-wayna/wayna_mercado/vendor/laravel/framework/src/Illuminate/Pipeline/Pipeline.php(219): Illuminate/Http/Middleware/HandleCors->handle()
#56 C:/Users/LEONARDO/Desktop/wayna/LOS-BESTIES-Wolf-tank-wayna/wayna_mercado/vendor/laravel/framework/src/Illuminate/Http/Middleware/TrustProxies.php(58): Illuminate/Pipeline/Pipeline->{closure:{closure:Illuminate/Pipeline/Pipeline::carry():194}:195}()
#57 C:/Users/LEONARDO/Desktop/wayna/LOS-BESTIES-Wolf-tank-wayna/wayna_mercado/vendor/laravel/framework/src/Illuminate/Pipeline/Pipeline.php(219): Illuminate/Http/Middleware/TrustProxies->handle()
#58 C:/Users/LEONARDO/Desktop/wayna/LOS-BESTIES-Wolf-tank-wayna/wayna_mercado/vendor/laravel/framework/src/Illuminate/Foundation/Http/Middleware/InvokeDeferredCallbacks.php(22): Illuminate/Pipeline/Pipeline->{closure:{closure:Illuminate/Pipeline/Pipeline::carry():194}:195}()
#59 C:/Users/LEONARDO/Desktop/wayna/LOS-BESTIES-Wolf-tank-wayna/wayna_mercado/vendor/laravel/framework/src/Illuminate/Pipeline/Pipeline.php(219): Illuminate/Foundation/Http/Middleware/InvokeDeferredCallbacks->handle()
#60 C:/Users/LEONARDO/Desktop/wayna/LOS-BESTIES-Wolf-tank-wayna/wayna_mercado/vendor/laravel/framework/src/Illuminate/Http/Middleware/ValidatePathEncoding.php(28): Illuminate/Pipeline/Pipeline->{closure:{closure:Illuminate/Pipeline/Pipeline::carry():194}:195}()
#61 C:/Users/LEONARDO/Desktop/wayna/LOS-BESTIES-Wolf-tank-wayna/wayna_mercado/vendor/laravel/framework/src/Illuminate/Pipeline/Pipeline.php(219): Illuminate/Http/Middleware/ValidatePathEncoding->handle()
#62 C:/Users/LEONARDO/Desktop/wayna/LOS-BESTIES-Wolf-tank-wayna/wayna_mercado/vendor/laravel/framework/src/Illuminate/Pipeline/Pipeline.php(137): Illuminate/Pipeline/Pipeline->{closure:{closure:Illuminate/Pipeline/Pipeline::carry():194}:195}()
#63 C:/Users/LEONARDO/Desktop/wayna/LOS-BESTIES-Wolf-tank-wayna/wayna_mercado/vendor/laravel/framework/src/Illuminate/Foundation/Http/Kernel.php(175): Illuminate/Pipeline/Pipeline->then()
#64 C:/Users/LEONARDO/Desktop/wayna/LOS-BESTIES-Wolf-tank-wayna/wayna_mercado/vendor/laravel/framework/src/Illuminate/Foundation/Http/Kernel.php(144): Illuminate/Foundation/Http/Kernel->sendRequestThroughRouter()
#65 C:/Users/LEONARDO/Desktop/wayna/LOS-BESTIES-Wolf-tank-wayna/wayna_mercado/vendor/laravel/framework/src/Illuminate/Foundation/Application.php(1220): Illuminate/Foundation/Http/Kernel->handle()
#66 C:/Users/LEONARDO/Desktop/wayna/LOS-BESTIES-Wolf-tank-wayna/wayna_mercado/public/index.php(20): Illuminate/Foundation/Application->handleRequest()
#67 C:/Users/LEONARDO/Desktop/wayna/LOS-BESTIES-Wolf-tank-wayna/wayna_mercado/vendor/laravel/framework/src/Illuminate/Foundation/resources/server.php(23): require_once('...')
#68 {main}

[previous exception] [object] (PDOException(code: 23000): SQLSTATE[23000]: Integrity constraint violation: 1452 Cannot add or update a child row: a foreign key constraint fails (`wayna_mercado`.`donaciones`, CONSTRAINT `donaciones_ibfk_1` FOREIGN KEY (`id_cliente`) REFERENCES `clientes` (`id_cliente`) ON DELETE CASCADE) at C:/Users/LEONARDO/Desktop/wayna/LOS-BESTIES-Wolf-tank-wayna/wayna_mercado/vendor/laravel/framework/src/Illuminate/Database/MySqlConnection.php:53)
[stacktrace]
#0 C:/Users/LEONARDO/Desktop/wayna/LOS-BESTIES-Wolf-tank-wayna/wayna_mercado/vendor/laravel/framework/src/Illuminate/Database/MySqlConnection.php(53): PDOStatement->execute()
#1 C:/Users/LEONARDO/Desktop/wayna/LOS-BESTIES-Wolf-tank-wayna/wayna_mercado/vendor/laravel/framework/src/Illuminate/Database/Connection.php(830): Illuminate/Database/MySqlConnection->{closure:Illuminate/Database/MySqlConnection::insert():42}()
#2 C:/Users/LEONARDO/Desktop/wayna/LOS-BESTIES-Wolf-tank-wayna/wayna_mercado/vendor/laravel/framework/src/Illuminate/Database/Connection.php(797): Illuminate/Database/Connection->runQueryCallback()
#3 C:/Users/LEONARDO/Desktop/wayna/LOS-BESTIES-Wolf-tank-wayna/wayna_mercado/vendor/laravel/framework/src/Illuminate/Database/MySqlConnection.php(42): Illuminate/Database/Connection->run()
#4 C:/Users/LEONARDO/Desktop/wayna/LOS-BESTIES-Wolf-tank-wayna/wayna_mercado/vendor/laravel/framework/src/Illuminate/Database/Query/Processors/MySqlProcessor.php(35): Illuminate/Database/MySqlConnection->insert()
#5 C:/Users/LEONARDO/Desktop/wayna/LOS-BESTIES-Wolf-tank-wayna/wayna_mercado/vendor/laravel/framework/src/Illuminate/Database/Query/Builder.php(4251): Illuminate/Database/Query/Processors/MySqlProcessor->processInsertGetId()
#6 C:/Users/LEONARDO/Desktop/wayna/LOS-BESTIES-Wolf-tank-wayna/wayna_mercado/vendor/laravel/framework/src/Illuminate/Database/Eloquent/Builder.php(2271): Illuminate/Database/Query/Builder->insertGetId()
#7 C:/Users/LEONARDO/Desktop/wayna/LOS-BESTIES-Wolf-tank-wayna/wayna_mercado/vendor/laravel/framework/src/Illuminate/Database/Eloquent/Model.php(1660): Illuminate/Database/Eloquent/Builder->__call()
#8 C:/Users/LEONARDO/Desktop/wayna/LOS-BESTIES-Wolf-tank-wayna/wayna_mercado/vendor/laravel/framework/src/Illuminate/Database/Eloquent/Model.php(1576): Illuminate/Database/Eloquent/Model->insertAndSetId()
#9 C:/Users/LEONARDO/Desktop/wayna/LOS-BESTIES-Wolf-tank-wayna/wayna_mercado/vendor/laravel/framework/src/Illuminate/Database/Eloquent/Model.php(1380): Illuminate/Database/Eloquent/Model->performInsert()
#10 C:/Users/LEONARDO/Desktop/wayna/LOS-BESTIES-Wolf-tank-wayna/wayna_mercado/vendor/laravel/framework/src/Illuminate/Database/Eloquent/Builder.php(1225): Illuminate/Database/Eloquent/Model->save()
#11 C:/Users/LEONARDO/Desktop/wayna/LOS-BESTIES-Wolf-tank-wayna/wayna_mercado/vendor/laravel/framework/src/Illuminate/Support/helpers.php(393): Illuminate/Database/Eloquent/Builder->{closure:Illuminate/Database/Eloquent/Builder::create():1224}()
#12 C:/Users/LEONARDO/Desktop/wayna/LOS-BESTIES-Wolf-tank-wayna/wayna_mercado/vendor/laravel/framework/src/Illuminate/Database/Eloquent/Builder.php(1224): tap()
#13 C:/Users/LEONARDO/Desktop/wayna/LOS-BESTIES-Wolf-tank-wayna/wayna_mercado/vendor/laravel/framework/src/Illuminate/Support/Traits/ForwardsCalls.php(23): Illuminate/Database/Eloquent/Builder->create()
#14 C:/Users/LEONARDO/Desktop/wayna/LOS-BESTIES-Wolf-tank-wayna/wayna_mercado/vendor/laravel/framework/src/Illuminate/Database/Eloquent/Model.php(2807): Illuminate/Database/Eloquent/Model->forwardCallTo()
#15 C:/Users/LEONARDO/Desktop/wayna/LOS-BESTIES-Wolf-tank-wayna/wayna_mercado/vendor/laravel/framework/src/Illuminate/Database/Eloquent/Model.php(2823): Illuminate/Database/Eloquent/Model->__call()
#16 C:/Users/LEONARDO/Desktop/wayna/LOS-BESTIES-Wolf-tank-wayna/wayna_mercado/app/Http/Controllers/TransactionController.php(129): Illuminate/Database/Eloquent/Model::__callStatic()
#17 C:/Users/LEONARDO/Desktop/wayna/LOS-BESTIES-Wolf-tank-wayna/wayna_mercado/vendor/laravel/framework/src/Illuminate/Routing/ControllerDispatcher.php(46): App/Http/Controllers/TransactionController->donate()
#18 C:/Users/LEONARDO/Desktop/wayna/LOS-BESTIES-Wolf-tank-wayna/wayna_mercado/vendor/laravel/framework/src/Illuminate/Routing/Route.php(269): Illuminate/Routing/ControllerDispatcher->dispatch()
#19 C:/Users/LEONARDO/Desktop/wayna/LOS-BESTIES-Wolf-tank-wayna/wayna_mercado/vendor/laravel/framework/src/Illuminate/Routing/Route.php(215): Illuminate/Routing/Route->runController()
#20 C:/Users/LEONARDO/Desktop/wayna/LOS-BESTIES-Wolf-tank-wayna/wayna_mercado/vendor/laravel/framework/src/Illuminate/Routing/Router.php(822): Illuminate/Routing/Route->run()
#21 C:/Users/LEONARDO/Desktop/wayna/LOS-BESTIES-Wolf-tank-wayna/wayna_mercado/vendor/laravel/framework/src/Illuminate/Pipeline/Pipeline.php(180): Illuminate/Routing/Router->{closure:Illuminate/Routing/Router::runRouteWithinStack():821}()
#22 C:/Users/LEONARDO/Desktop/wayna/LOS-BESTIES-Wolf-tank-wayna/wayna_mercado/vendor/laravel/boost/src/Middleware/InjectBoost.php(22): Illuminate/Pipeline/Pipeline->{closure:Illuminate/Pipeline/Pipeline::prepareDestination():178}()
#23 C:/Users/LEONARDO/Desktop/wayna/LOS-BESTIES-Wolf-tank-wayna/wayna_mercado/vendor/laravel/framework/src/Illuminate/Pipeline/Pipeline.php(219): Laravel/Boost/Middleware/InjectBoost->handle()
#24 C:/Users/LEONARDO/Desktop/wayna/LOS-BESTIES-Wolf-tank-wayna/wayna_mercado/vendor/laravel/framework/src/Illuminate/Routing/Middleware/SubstituteBindings.php(52): Illuminate/Pipeline/Pipeline->{closure:{closure:Illuminate/Pipeline/Pipeline::carry():194}:195}()
#25 C:/Users/LEONARDO/Desktop/wayna/LOS-BESTIES-Wolf-tank-wayna/wayna_mercado/vendor/laravel/framework/src/Illuminate/Pipeline/Pipeline.php(219): Illuminate/Routing/Middleware/SubstituteBindings->handle()
#26 C:/Users/LEONARDO/Desktop/wayna/LOS-BESTIES-Wolf-tank-wayna/wayna_mercado/vendor/laravel/framework/src/Illuminate/Auth/Middleware/Authenticate.php(63): Illuminate/Pipeline/Pipeline->{closure:{closure:Illuminate/Pipeline/Pipeline::carry():194}:195}()
#27 C:/Users/LEONARDO/Desktop/wayna/LOS-BESTIES-Wolf-tank-wayna/wayna_mercado/vendor/laravel/framework/src/Illuminate/Pipeline/Pipeline.php(219): Illuminate/Auth/Middleware/Authenticate->handle()
#28 C:/Users/LEONARDO/Desktop/wayna/LOS-BESTIES-Wolf-tank-wayna/wayna_mercado/vendor/laravel/framework/src/Illuminate/Foundation/Http/Middleware/PreventRequestForgery.php(104): Illuminate/Pipeline/Pipeline->{closure:{closure:Illuminate/Pipeline/Pipeline::carry():194}:195}()
#29 C:/Users/LEONARDO/Desktop/wayna/LOS-BESTIES-Wolf-tank-wayna/wayna_mercado/vendor/laravel/framework/src/Illuminate/Pipeline/Pipeline.php(219): Illuminate/Foundation/Http/Middleware/PreventRequestForgery->handle()
#30 C:/Users/LEONARDO/Desktop/wayna/LOS-BESTIES-Wolf-tank-wayna/wayna_mercado/vendor/laravel/framework/src/Illuminate/View/Middleware/ShareErrorsFromSession.php(48): Illuminate/Pipeline/Pipeline->{closure:{closure:Illuminate/Pipeline/Pipeline::carry():194}:195}()
#31 C:/Users/LEONARDO/Desktop/wayna/LOS-BESTIES-Wolf-tank-wayna/wayna_mercado/vendor/laravel/framework/src/Illuminate/Pipeline/Pipeline.php(219): Illuminate/View/Middleware/ShareErrorsFromSession->handle()
#32 C:/Users/LEONARDO/Desktop/wayna/LOS-BESTIES-Wolf-tank-wayna/wayna_mercado/vendor/laravel/framework/src/Illuminate/Session/Middleware/StartSession.php(120): Illuminate/Pipeline/Pipeline->{closure:{closure:Illuminate/Pipeline/Pipeline::carry():194}:195}()
#33 C:/Users/LEONARDO/Desktop/wayna/LOS-BESTIES-Wolf-tank-wayna/wayna_mercado/vendor/laravel/framework/src/Illuminate/Session/Middleware/StartSession.php(63): Illuminate/Session/Middleware/StartSession->handleStatefulRequest()
#34 C:/Users/LEONARDO/Desktop/wayna/LOS-BESTIES-Wolf-tank-wayna/wayna_mercado/vendor/laravel/framework/src/Illuminate/Pipeline/Pipeline.php(219): Illuminate/Session/Middleware/StartSession->handle()
#35 C:/Users/LEONARDO/Desktop/wayna/LOS-BESTIES-Wolf-tank-wayna/wayna_mercado/vendor/laravel/framework/src/Illuminate/Cookie/Middleware/AddQueuedCookiesToResponse.php(36): Illuminate/Pipeline/Pipeline->{closure:{closure:Illuminate/Pipeline/Pipeline::carry():194}:195}()
#36 C:/Users/LEONARDO/Desktop/wayna/LOS-BESTIES-Wolf-tank-wayna/wayna_mercado/vendor/laravel/framework/src/Illuminate/Pipeline/Pipeline.php(219): Illuminate/Cookie/Middleware/AddQueuedCookiesToResponse->handle()
#37 C:/Users/LEONARDO/Desktop/wayna/LOS-BESTIES-Wolf-tank-wayna/wayna_mercado/vendor/laravel/framework/src/Illuminate/Cookie/Middleware/EncryptCookies.php(74): Illuminate/Pipeline/Pipeline->{closure:{closure:Illuminate/Pipeline/Pipeline::carry():194}:195}()
#38 C:/Users/LEONARDO/Desktop/wayna/LOS-BESTIES-Wolf-tank-wayna/wayna_mercado/vendor/laravel/framework/src/Illuminate/Pipeline/Pipeline.php(219): Illuminate/Cookie/Middleware/EncryptCookies->handle()
#39 C:/Users/LEONARDO/Desktop/wayna/LOS-BESTIES-Wolf-tank-wayna/wayna_mercado/vendor/laravel/framework/src/Illuminate/Pipeline/Pipeline.php(137): Illuminate/Pipeline/Pipeline->{closure:{closure:Illuminate/Pipeline/Pipeline::carry():194}:195}()
#40 C:/Users/LEONARDO/Desktop/wayna/LOS-BESTIES-Wolf-tank-wayna/wayna_mercado/vendor/laravel/framework/src/Illuminate/Routing/Router.php(821): Illuminate/Pipeline/Pipeline->then()
#41 C:/Users/LEONARDO/Desktop/wayna/LOS-BESTIES-Wolf-tank-wayna/wayna_mercado/vendor/laravel/framework/src/Illuminate/Routing/Router.php(800): Illuminate/Routing/Router->runRouteWithinStack()
#42 C:/Users/LEONARDO/Desktop/wayna/LOS-BESTIES-Wolf-tank-wayna/wayna_mercado/vendor/laravel/framework/src/Illuminate/Routing/Router.php(764): Illuminate/Routing/Router->runRoute()
#43 C:/Users/LEONARDO/Desktop/wayna/LOS-BESTIES-Wolf-tank-wayna/wayna_mercado/vendor/laravel/framework/src/Illuminate/Routing/Router.php(753): Illuminate/Routing/Router->dispatchToRoute()
#44 C:/Users/LEONARDO/Desktop/wayna/LOS-BESTIES-Wolf-tank-wayna/wayna_mercado/vendor/laravel/framework/src/Illuminate/Foundation/Http/Kernel.php(200): Illuminate/Routing/Router->dispatch()
#45 C:/Users/LEONARDO/Desktop/wayna/LOS-BESTIES-Wolf-tank-wayna/wayna_mercado/vendor/laravel/framework/src/Illuminate/Pipeline/Pipeline.php(180): Illuminate/Foundation/Http/Kernel->{closure:Illuminate/Foundation/Http/Kernel::dispatchToRouter():197}()
#46 C:/Users/LEONARDO/Desktop/wayna/LOS-BESTIES-Wolf-tank-wayna/wayna_mercado/vendor/laravel/framework/src/Illuminate/Foundation/Http/Middleware/TransformsRequest.php(21): Illuminate/Pipeline/Pipeline->{closure:Illuminate/Pipeline/Pipeline::prepareDestination():178}()
#47 C:/Users/LEONARDO/Desktop/wayna/LOS-BESTIES-Wolf-tank-wayna/wayna_mercado/vendor/laravel/framework/src/Illuminate/Foundation/Http/Middleware/ConvertEmptyStringsToNull.php(31): Illuminate/Foundation/Http/Middleware/TransformsRequest->handle()
#48 C:/Users/LEONARDO/Desktop/wayna/LOS-BESTIES-Wolf-tank-wayna/wayna_mercado/vendor/laravel/framework/src/Illuminate/Pipeline/Pipeline.php(219): Illuminate/Foundation/Http/Middleware/ConvertEmptyStringsToNull->handle()
#49 C:/Users/LEONARDO/Desktop/wayna/LOS-BESTIES-Wolf-tank-wayna/wayna_mercado/vendor/laravel/framework/src/Illuminate/Foundation/Http/Middleware/TransformsRequest.php(21): Illuminate/Pipeline/Pipeline->{closure:{closure:Illuminate/Pipeline/Pipeline::carry():194}:195}()
#50 C:/Users/LEONARDO/Desktop/wayna/LOS-BESTIES-Wolf-tank-wayna/wayna_mercado/vendor/laravel/framework/src/Illuminate/Foundation/Http/Middleware/TrimStrings.php(51): Illuminate/Foundation/Http/Middleware/TransformsRequest->handle()
#51 C:/Users/LEONARDO/Desktop/wayna/LOS-BESTIES-Wolf-tank-wayna/wayna_mercado/vendor/laravel/framework/src/Illuminate/Pipeline/Pipeline.php(219): Illuminate/Foundation/Http/Middleware/TrimStrings->handle()
#52 C:/Users/LEONARDO/Desktop/wayna/LOS-BESTIES-Wolf-tank-wayna/wayna_mercado/vendor/laravel/framework/src/Illuminate/Http/Middleware/ValidatePostSize.php(27): Illuminate/Pipeline/Pipeline->{closure:{closure:Illuminate/Pipeline/Pipeline::carry():194}:195}()
#53 C:/Users/LEONARDO/Desktop/wayna/LOS-BESTIES-Wolf-tank-wayna/wayna_mercado/vendor/laravel/framework/src/Illuminate/Pipeline/Pipeline.php(219): Illuminate/Http/Middleware/ValidatePostSize->handle()
#54 C:/Users/LEONARDO/Desktop/wayna/LOS-BESTIES-Wolf-tank-wayna/wayna_mercado/vendor/laravel/framework/src/Illuminate/Foundation/Http/Middleware/PreventRequestsDuringMaintenance.php(109): Illuminate/Pipeline/Pipeline->{closure:{closure:Illuminate/Pipeline/Pipeline::carry():194}:195}()
#55 C:/Users/LEONARDO/Desktop/wayna/LOS-BESTIES-Wolf-tank-wayna/wayna_mercado/vendor/laravel/framework/src/Illuminate/Pipeline/Pipeline.php(219): Illuminate/Foundation/Http/Middleware/PreventRequestsDuringMaintenance->handle()
#56 C:/Users/LEONARDO/Desktop/wayna/LOS-BESTIES-Wolf-tank-wayna/wayna_mercado/vendor/laravel/framework/src/Illuminate/Http/Middleware/HandleCors.php(61): Illuminate/Pipeline/Pipeline->{closure:{closure:Illuminate/Pipeline/Pipeline::carry():194}:195}()
#57 C:/Users/LEONARDO/Desktop/wayna/LOS-BESTIES-Wolf-tank-wayna/wayna_mercado/vendor/laravel/framework/src/Illuminate/Pipeline/Pipeline.php(219): Illuminate/Http/Middleware/HandleCors->handle()
#58 C:/Users/LEONARDO/Desktop/wayna/LOS-BESTIES-Wolf-tank-wayna/wayna_mercado/vendor/laravel/framework/src/Illuminate/Http/Middleware/TrustProxies.php(58): Illuminate/Pipeline/Pipeline->{closure:{closure:Illuminate/Pipeline/Pipeline::carry():194}:195}()
#59 C:/Users/LEONARDO/Desktop/wayna/LOS-BESTIES-Wolf-tank-wayna/wayna_mercado/vendor/laravel/framework/src/Illuminate/Pipeline/Pipeline.php(219): Illuminate/Http/Middleware/TrustProxies->handle()
#60 C:/Users/LEONARDO/Desktop/wayna/LOS-BESTIES-Wolf-tank-wayna/wayna_mercado/vendor/laravel/framework/src/Illuminate/Foundation/Http/Middleware/InvokeDeferredCallbacks.php(22): Illuminate/Pipeline/Pipeline->{closure:{closure:Illuminate/Pipeline/Pipeline::carry():194}:195}()
#61 C:/Users/LEONARDO/Desktop/wayna/LOS-BESTIES-Wolf-tank-wayna/wayna_mercado/vendor/laravel/framework/src/Illuminate/Pipeline/Pipeline.php(219): Illuminate/Foundation/Http/Middleware/InvokeDeferredCallbacks->handle()
#62 C:/Users/LEONARDO/Desktop/wayna/LOS-BESTIES-Wolf-tank-wayna/wayna_mercado/vendor/laravel/framework/src/Illuminate/Http/Middleware/ValidatePathEncoding.php(28): Illuminate/Pipeline/Pipeline->{closure:{closure:Illuminate/Pipeline/Pipeline::carry():194}:195}()
#63 C:/Users/LEONARDO/Desktop/wayna/LOS-BESTIES-Wolf-tank-wayna/wayna_mercado/vendor/laravel/framework/src/Illuminate/Pipeline/Pipeline.php(219): Illuminate/Http/Middleware/ValidatePathEncoding->handle()
#64 C:/Users/LEONARDO/Desktop/wayna/LOS-BESTIES-Wolf-tank-wayna/wayna_mercado/vendor/laravel/framework/src/Illuminate/Pipeline/Pipeline.php(137): Illuminate/Pipeline/Pipeline->{closure:{closure:Illuminate/Pipeline/Pipeline::carry():194}:195}()
#65 C:/Users/LEONARDO/Desktop/wayna/LOS-BESTIES-Wolf-tank-wayna/wayna_mercado/vendor/laravel/framework/src/Illuminate/Foundation/Http/Kernel.php(175): Illuminate/Pipeline/Pipeline->then()
#66 C:/Users/LEONARDO/Desktop/wayna/LOS-BESTIES-Wolf-tank-wayna/wayna_mercado/vendor/laravel/framework/src/Illuminate/Foundation/Http/Kernel.php(144): Illuminate/Foundation/Http/Kernel->sendRequestThroughRouter()
#67 C:/Users/LEONARDO/Desktop/wayna/LOS-BESTIES-Wolf-tank-wayna/wayna_mercado/vendor/laravel/framework/src/Illuminate/Foundation/Application.php(1220): Illuminate/Foundation/Http/Kernel->handle()
#68 C:/Users/LEONARDO/Desktop/wayna/LOS-BESTIES-Wolf-tank-wayna/wayna_mercado/public/index.php(20): Illuminate/Foundation/Application->handleRequest()
#69 C:/Users/LEONARDO/Desktop/wayna/LOS-BESTIES-Wolf-tank-wayna/wayna_mercado/vendor/laravel/framework/src/Illuminate/Foundation/resources/server.php(23): require_once('...')
#70 {main}
"} 
